2282	1
1806	2x
1298	4x
934	0
498	3x^2
475	4x^3
474	\frac{1}{x}
459	5x^4
423	x
415	\frac{1}{2\sqrt{x}}
414	e^{x}
358	-\frac{1}{x^2}
326	3^{x}\ln\left(3\right)
317	2^{x}\ln\left(2\right)
306	5^{x}\ln\left(5\right)
279	\frac{1}{x\ln\left(10\right)}
276	\frac{1}{x\ln\left(2\right)}
267	\frac{1}{x\ln\left(3\right)}
251	\frac{1}{x\ln\left(5\right)}
249	-\operatorname{\mathrm{sen}}\left(x\right)
242	\frac{\cos\left(x\right)}{x}-\frac{\operatorname{\mathrm{sen}}\left(x\right)}{x^2}
209	e^{x}\operatorname{\mathrm{sen}}\left(x\right)+e^{x}\cos\left(x\right)
204	\frac{1-\ln\left(x\right)}{x^2}
198	e^{x}\cos\left(x\right)-e^{x}\operatorname{\mathrm{sen}}\left(x\right)
182	4^{x}\ln\left(4\right)
170	2
170	-\frac{4}{x^2}
169	10^{x}\ln\left(10\right)
169	\frac{2}{x}
169	\frac{3}{2\sqrt{x}}
169	7^{x}\ln\left(7\right)
168	-\frac{2}{x^2}
168	\frac{3}{x}
167	-\frac{3}{x^2}
165	6^{x}\ln\left(6\right)
165	\frac{1}{\sqrt{x}}
158	6e^{x}
157	\frac{5}{x}
154	4e^{x}
154	2e^{x}
147	\frac{5}{2\sqrt{x}}
146	7e^{x}
144	5e^{x}
143	\frac{4}{x}
143	-\frac{5}{x^2}
139	9e^{x}
138	\frac{9}{x}
137	3e^{x}
137	8e^{x}
136	\frac{6}{x}
134	\frac{8}{x}
133	\frac{1}{\cos\left(x\right)^2}
130	12x+e^{x}
128	8x^3+e^{x}
126	6x+e^{x}
126	\frac{7}{2\sqrt{x}}
126	8x+e^{x}
125	-3\operatorname{\mathrm{sen}}\left(x\right)
125	-2\operatorname{\mathrm{sen}}\left(x\right)
124	 \frac{\left(x\cos\left(x\right)-\operatorname{\mathrm{sen}}\left(x\right)\right)}{x^2} 
123	\frac{7}{x}
121	\frac{9}{2\sqrt{x}}
121	9x^2+e^{x}
121	-\frac{9}{x^2}
118	-\frac{7}{x^2}
116	-4\operatorname{\mathrm{sen}}\left(x\right)
115	\frac{2}{\sqrt{x}}
114	-\frac{6}{x^2}
112	6x^2+e^{x}
112	3
110	4x+e^{x}
110	15x^2+e^{x}
108	20x^3+e^{x}
108	12x^2+e^{x}
108	5
105	-9\operatorname{\mathrm{sen}}\left(x\right)
104	7
103	\frac{x\cos\left(x\right)-\operatorname{\mathrm{sen}}\left(x\right)}{x^2}
103	16x^3+e^{x}
103	18x^2+e^{x}
102	-6\operatorname{\mathrm{sen}}\left(x\right)
100	-8\operatorname{\mathrm{sen}}\left(x\right)
99	10x+e^{x}
99	-\frac{8}{x^2}
98	-7\operatorname{\mathrm{sen}}\left(x\right)
97	4e^{x}\operatorname{\mathrm{sen}}\left(x\right)+4e^{x}\cos\left(x\right)
97	12x^3+e^{x}
97	\cos\left(x\right)
97	-5\operatorname{\mathrm{sen}}\left(x\right)
93	6e^{x}\operatorname{\mathrm{sen}}\left(x\right)+6e^{x}\cos\left(x\right)
92	8e^{x}\cos\left(x\right)-8e^{x}\operatorname{\mathrm{sen}}\left(x\right)
90	\frac{3}{\sqrt{x}}
89	5e^{x}\operatorname{\mathrm{sen}}\left(x\right)+5e^{x}\cos\left(x\right)
88	3e^{x}\cos\left(x\right)-3e^{x}\operatorname{\mathrm{sen}}\left(x\right)
88	7e^{x}\operatorname{\mathrm{sen}}\left(x\right)+7e^{x}\cos\left(x\right)
88	9e^{x}\operatorname{\mathrm{sen}}\left(x\right)+9e^{x}\cos\left(x\right)
87	6e^{x}\cos\left(x\right)-6e^{x}\operatorname{\mathrm{sen}}\left(x\right)
87	9e^{x}\cos\left(x\right)-9e^{x}\operatorname{\mathrm{sen}}\left(x\right)
87	4e^{x}\cos\left(x\right)-4e^{x}\operatorname{\mathrm{sen}}\left(x\right)
86	4
86	7e^{x}\cos\left(x\right)-7e^{x}\operatorname{\mathrm{sen}}\left(x\right)
86	3e^{x}\operatorname{\mathrm{sen}}\left(x\right)+3e^{x}\cos\left(x\right)
85	8
85	\frac{(x\cos\left(x\right)-\operatorname{\mathrm{sen}}\left(x\right))}{x^2}
85	2e^{x}\cos\left(x\right)-2e^{x}\operatorname{\mathrm{sen}}\left(x\right)
84	24x^3+e^{x}
82	2e^{x}\operatorname{\mathrm{sen}}\left(x\right)+2e^{x}\cos\left(x\right)
81	5e^{x}\cos\left(x\right)-5e^{x}\operatorname{\mathrm{sen}}\left(x\right)
81	6
81	8e^{x}\operatorname{\mathrm{sen}}\left(x\right)+8e^{x}\cos\left(x\right)
80	9
79	e^{x}(\cos\left(x\right)-\operatorname{\mathrm{sen}}\left(x\right))
79	\frac{4}{\sqrt{x}}
78	\frac12x^{-\frac12}
76	\frac{4}{2\sqrt{x}}
74	\frac{\cos\left(x\right)x-\operatorname{\mathrm{sen}}\left(x\right)}{x^2}
72	4x^3e^{x}+x^4e^{x}
71	2xe^{x}+x^2e^{x}
69	\frac{3}{\cos\left(x\right)^2}
69	\frac{-1}{x^2}
66	\frac{4}{\cos\left(x\right)^2}
66	2x\operatorname{\mathrm{sen}}\left(x\right)+x^2\cos\left(x\right)
65	\frac{1}{x^2}
63	5^{x}\cdot\ln\left(5\right)
62	4x^3\operatorname{\mathrm{sen}}\left(x\right)+x^4\cos\left(x\right)
62	\frac{6}{\cos\left(x\right)^2}
62	\frac{5}{\cos\left(x\right)^2}
61	\frac{e^{x}x-e^{x}}{x^2}
59	\frac{8}{\cos\left(x\right)^2}
59	3\cos\left(x\right)
59	\frac{2}{\cos\left(x\right)^2}
58	\frac{9}{\cos\left(x\right)^2}
58	e^{x}(\operatorname{\mathrm{sen}}\left(x\right)+\cos\left(x\right))
57	\frac{8}{2\sqrt{x}}
56	3x^2\operatorname{\mathrm{sen}}\left(x\right)+x^3\cos\left(x\right)
56	\frac{7}{\cos\left(x\right)^2}
56	\frac{2x(x+4)-x^2}{(x+4)^2}
55	\frac{2x(x+5)-x^2}{(x+5)^2}
55	\frac{2x(x+3)-x^2}{(x+3)^2}
54	\frac{3x^2(x+6)-x^3}{(x+6)^2}
54	\frac{-5}{x^2}
53	\frac{2x(x+2)-x^2}{(x+2)^2}
53	\frac{3x^2(x+4)-x^3}{(x+4)^2}
53	\frac{2x(x+6)-x^2}{(x+6)^2}
52	8\cos\left(x\right)
52	\frac{2x(x+7)-x^2}{(x+7)^2}
51	\frac{3x^2(x+9)-x^3}{(x+9)^2}
51	\frac{3x^2(x+1)-x^3}{(x+1)^2}
50	7\cos\left(x\right)
50	2^{x}\cdot\ln\left(2\right)
50	3x^2e^{x}+x^3e^{x}
50	\frac{3x^2(x+5)-x^3}{(x+5)^2}
50	3x
50	\frac{3x^2(x+8)-x^3}{(x+8)^2}
49	2\cos\left(x\right)
49	\frac{3x^2(x+2)-x^3}{(x+2)^2}
48	\frac{e^{x}x^2-e^{x}2x}{x^4}
48	\frac{3x^2(x+7)-x^3}{(x+7)^2}
47	\frac{2x(x+1)-x^2}{(x+1)^2}
46	4\cos\left(x\right)
46	\frac{2x(x+9)-x^2}{(x+9)^2}
46	-x^{-2}
45	3x^2\ln\left(x\right)+x^2
45	\frac{2}{2\sqrt{x}}
45	5\cos\left(x\right)
45	\frac{2x(x+8)-x^2}{(x+8)^2}
44	6\cos\left(x\right)
44	15x^2\operatorname{\mathrm{sen}}\left(x\right)+5x^3\cos\left(x\right)
44	\frac{6}{2\sqrt{x}}
43	\frac{3x^2(x+3)-x^3}{(x+3)^2}
43	9\cos\left(x\right)
42	\frac{e^{x}x^3-e^{x}3x^2}{x^6}
42	3^{x}\cdot\ln\left(3\right)
42	5\cos\left(x\right)-6\operatorname{\mathrm{sen}}\left(x\right)
42	4\cos\left(x\right)-5\operatorname{\mathrm{sen}}\left(x\right)
41	\frac{-2}{x^2}
41	12x^3\operatorname{\mathrm{sen}}\left(x\right)+3x^4\cos\left(x\right)
41	2x^{-\frac12}
40	6x^2\operatorname{\mathrm{sen}}\left(x\right)+2x^3\cos\left(x\right)
40	8x\operatorname{\mathrm{sen}}\left(x\right)+4x^2\cos\left(x\right)
40	\frac{-4}{x^2}
40	18x^2\operatorname{\mathrm{sen}}\left(x\right)+6x^3\cos\left(x\right)
40	4x^3\ln\left(x\right)+x^3
39	6\cos\left(x\right)-2\operatorname{\mathrm{sen}}\left(x\right)
39	 e^{x}\left(\operatorname{\mathrm{sen}}\left(x\right)+\cos\left(x\right)\right) 
39	4x\operatorname{\mathrm{sen}}\left(x\right)+2x^2\cos\left(x\right)
39	6\cos\left(x\right)-3\operatorname{\mathrm{sen}}\left(x\right)
38	2x\ln\left(x\right)+x
38	16x^3\operatorname{\mathrm{sen}}\left(x\right)+4x^4\cos\left(x\right)
37	2\cos\left(x\right)-6\operatorname{\mathrm{sen}}\left(x\right)
37	3\cos\left(x\right)-4\operatorname{\mathrm{sen}}\left(x\right)
37	3\cos\left(x\right)-3\operatorname{\mathrm{sen}}\left(x\right)
37	28x^3\operatorname{\mathrm{sen}}\left(x\right)+7x^4\cos\left(x\right)
37	12xe^{x}+6x^2e^{x}
36	14xe^{x}+7x^2e^{x}
36	18x\operatorname{\mathrm{sen}}\left(x\right)+9x^2\cos\left(x\right)
36	4\cos\left(x\right)-4\operatorname{\mathrm{sen}}\left(x\right)
36	x^{-\frac12}
36	3\cos\left(x\right)-5\operatorname{\mathrm{sen}}\left(x\right)
35	3x^{-\frac12}
35	4\cos\left(x\right)-2\operatorname{\mathrm{sen}}\left(x\right)
35	21x^2\operatorname{\mathrm{sen}}\left(x\right)+7x^3\cos\left(x\right)
35	3\cos\left(x\right)-2\operatorname{\mathrm{sen}}\left(x\right)
35	9x^2\operatorname{\mathrm{sen}}\left(x\right)+3x^3\cos\left(x\right)
35	16x\operatorname{\mathrm{sen}}\left(x\right)+8x^2\cos\left(x\right)
35	6\cos\left(x\right)-5\operatorname{\mathrm{sen}}\left(x\right)
34	6\cos\left(x\right)-4\operatorname{\mathrm{sen}}\left(x\right)
34	12x\operatorname{\mathrm{sen}}\left(x\right)+6x^2\cos\left(x\right)
34	2\cos\left(x\right)-4\operatorname{\mathrm{sen}}\left(x\right)
34	10x\operatorname{\mathrm{sen}}\left(x\right)+5x^2\cos\left(x\right)
34	2\cos\left(x\right)-2\operatorname{\mathrm{sen}}\left(x\right)
34	5\cos\left(x\right)-3\operatorname{\mathrm{sen}}\left(x\right)
34	2\cos\left(x\right)-3\operatorname{\mathrm{sen}}\left(x\right)
34	36x^3\operatorname{\mathrm{sen}}\left(x\right)+9x^4\cos\left(x\right)
34	24x^3e^{x}+6x^4e^{x}
34	4x^{-\frac12}
34	8x^3\operatorname{\mathrm{sen}}\left(x\right)+2x^4\cos\left(x\right)
34	5\cos\left(x\right)-4\operatorname{\mathrm{sen}}\left(x\right)
34	5\cos\left(x\right)-5\operatorname{\mathrm{sen}}\left(x\right)
33	6x^2e^{x}+2x^3e^{x}
33	12x^3e^{x}+3x^4e^{x}
33	\frac{2\ln\left(x\right)}{x}
32	5x
32	24x^2\operatorname{\mathrm{sen}}\left(x\right)+8x^3\cos\left(x\right)
32	14x\operatorname{\mathrm{sen}}\left(x\right)+7x^2\cos\left(x\right)
32	\frac{1}{(x+2)^2}
32	\frac{-8}{x^2}
32	24x^3\operatorname{\mathrm{sen}}\left(x\right)+6x^4\cos\left(x\right)
32	2\cos\left(x\right)-5\operatorname{\mathrm{sen}}\left(x\right)
31	\frac{3x^2}{x+3}-\frac{x^3}{\left(x+3\right)^2}
31	\frac52x^{-\frac12}
31	4\cos\left(x\right)-3\operatorname{\mathrm{sen}}\left(x\right)
31	\frac{8\cos\left(x\right)x-8\operatorname{\mathrm{sen}}\left(x\right)}{x^2}
31	27x^2e^{x}+9x^3e^{x}
30	6x^2
30	3\cos\left(x\right)-6\operatorname{\mathrm{sen}}\left(x\right)
30	18xe^{x}+9x^2e^{x}
30	6x\operatorname{\mathrm{sen}}\left(x\right)+3x^2\cos\left(x\right)
30	\frac{1}{x\cdot\ln\left(10\right)}
30	\frac{6-6\ln\left(x\right)}{x^2}
29	5\cos\left(x\right)-2\operatorname{\mathrm{sen}}\left(x\right)
29	\ln\left(x\right)
29	\frac{1}{(x+7)^2}
29	12x^2\operatorname{\mathrm{sen}}\left(x\right)+4x^3\cos\left(x\right)
29	15x^2e^{x}+5x^3e^{x}
29	\frac{-3}{x^2}
29	\ln\left(2\right)2^{x}
29	20x^3e^{x}+5x^4e^{x}
28	4\cos\left(x\right)-6\operatorname{\mathrm{sen}}\left(x\right)
28	4xe^{x}+2x^2e^{x}
28	9x^2
28	\frac72x^{-\frac12}
28	\frac{-9}{x^2}
28	7^{x}\cdot\ln\left(7\right)
28	27x^2\operatorname{\mathrm{sen}}\left(x\right)+9x^3\cos\left(x\right)
28	-2x^{-2}
28	21x^2e^{x}+7x^3e^{x}
28	\ln\left(5\right)5^{x}
28	4x^3\cdot e^{x}+x^4\cdot e^{x}
27	\frac32x^{-\frac12}
27	\frac{3\cos\left(x\right)x-3\operatorname{\mathrm{sen}}\left(x\right)}{x^2}
27	\frac{1}{x^2}-\frac{\ln\left(x\right)}{x^2}
27	16x^3e^{x}+4x^4e^{x}
27	16xe^{x}+8x^2e^{x}
27	\frac{2x}{x+8}-\frac{x^2}{\left(x+8\right)^2}
27	8xe^{x}+4x^2e^{x}
27	\frac{\cos\left(x\right)\cdot x-\operatorname{\mathrm{sen}}\left(x\right)}{x^2}
27	9x^2e^{x}+3x^3e^{x}
27	\ln\left(4\right)4^{x}
27	c
26	3x^2\cdot e^{x}+x^3\cdot e^{x}
26	\ln\left(7\right)7^{x}
26	-4x^{-2}
26	\frac{1}{(x+4)^2}
26	\frac{2-2\ln\left(x\right)}{x^2}
26	\frac{2x}{x+4}-\frac{x^2}{\left(x+4\right)^2}
26	\frac{7}{x^2}
26	\frac{2\cos\left(x\right)x-2\operatorname{\mathrm{sen}}\left(x\right)}{x^2}
26	\frac{2x}{x+7}-\frac{x^2}{\left(x+7\right)^2}
26	\ln\left(3\right)3^{x}
26	\ln\left(10\right)10^{x}
25	12x^2e^{x}+4x^3e^{x}
25	-5x^{-2}
25	\frac{2x}{x+6}-\frac{x^2}{\left(x+6\right)^2}
25	\frac{9-9\ln\left(x\right)}{x^2}
25	\frac{1}{x\cdot\ln\left(3\right)}
25	8x^3e^{x}+2x^4e^{x}
25	\frac{9\cos\left(x\right)x-9\operatorname{\mathrm{sen}}\left(x\right)}{x^2}
25	6\cos\left(x\right)-6\operatorname{\mathrm{sen}}\left(x\right)
25	20x^3\operatorname{\mathrm{sen}}\left(x\right)+5x^4\cos\left(x\right)
25	\frac{3x^2}{x+5}-\frac{x^3}{\left(x+5\right)^2}
25	3x^2\ln\left(x\right)+\frac{x^3}{x}
25	32x^3e^{x}+8x^4e^{x}
25	32x^3\operatorname{\mathrm{sen}}\left(x\right)+8x^4\cos\left(x\right)
25	6x
24	10^{x}\cdot\ln\left(10\right)
24	\ln\left(6\right)6^{x}
24	\frac{3x^2}{x+9}-\frac{x^3}{\left(x+9\right)^2}
24	4x^4
24	\frac{1}{(x+8)^2}
24	5x^4+0
23	12x^2
23	-3x^{-2}
23	\frac{1}{(x+5)^2}
23	\frac{-7}{x^2}
23	\frac{(3\cos\left(3x\right)\cdot x^3)-\operatorname{\mathrm{(}\mathrm{sen}}\left(3x\right)\cdot3x^2)}{x^6}
23	\frac{8-8\ln\left(x\right)}{x^2}
23	8x^3
23	24x-8x
23	\frac{7\cos\left(x\right)x-7\operatorname{\mathrm{sen}}\left(x\right)}{x^2}
23	32x^3
23	\frac{5e^{x}x-5e^{x}}{x^2}
23	-\sin(x)
23	16x^3
23	2e^{x}(\cos\left(x\right)-\operatorname{\mathrm{sen}}\left(x\right))
23	\frac{7-7\ln\left(x\right)}{x^2}
23	\frac{3x^2}{x+2}-\frac{x^3}{\left(x+2\right)^2}
23	\frac{6e^{x}x-6e^{x}}{x^2}
23	\frac{3x^2}{x+1}-\frac{x^3}{\left(x+1\right)^2}
22	\frac92x^{-\frac12}
22	\frac{2x}{x+1}-\frac{x^2}{\left(x+1\right)^2}
22	2x\ln\left(x\right)+\frac{x^2}{x}
22	\frac{5\cos\left(x\right)x-5\operatorname{\mathrm{sen}}\left(x\right)}{x^2}
22	3e^{x}(\cos\left(x\right)-\operatorname{\mathrm{sen}}\left(x\right))
22	\frac{1}{\cos^2\left(x\right)}
22	5e^{x}(\cos\left(x\right)-\operatorname{\mathrm{sen}}\left(x\right))
22	4x^3+0
22	\frac{8e^{x}x-8e^{x}}{x^2}
22	12x
22	\frac{1}{(x+6)^2}
22	24x^2e^{x}+8x^3e^{x}
21	\frac{(e^{x}x-e^{x})}{x^2}
21	9e^{x}(\cos\left(x\right)-\operatorname{\mathrm{sen}}\left(x\right))
21	\frac{7e^{x}x-7e^{x}}{x^2}
21	e^{x}(\cos\left(x\right)+\operatorname{\mathrm{sen}}\left(x\right))
21	\frac{2}{x^2}
21	4^{x}\cdot\ln\left(4\right)
21	\frac{1}{(x+3)^2}
21	\frac{(1-\ln\left(x\right))}{x^2}
21	\frac{3}{x^2}
21	\frac{2x}{x+2}-\frac{x^2}{\left(x+2\right)^2}
21	4e^{x}(\cos\left(x\right)-\operatorname{\mathrm{sen}}\left(x\right))
21	\frac{3-3\ln\left(x\right)}{x^2}
21	-\frac{\operatorname{\mathrm{sen}}\left(2\ln\left(x\right)\right)2}{x}
21	\frac{4}{x^2}
21	6^{x}\cdot\ln\left(6\right)
21	\frac{2x}{x+9}-\frac{x^2}{\left(x+9\right)^2}
21	4\cdot x^{-2}
21	7e^{x}(\cos\left(x\right)-\operatorname{\mathrm{sen}}\left(x\right))
21	3x^2+0
21	\frac{5-5\ln\left(x\right)}{x^2}
21	4e^{x}(\operatorname{\mathrm{sen}}\left(x\right)+\cos\left(x\right))
20	5e^{x}(\operatorname{\mathrm{sen}}\left(x\right)+\cos\left(x\right))
20	2e^{x}(\operatorname{\mathrm{sen}}\left(x\right)+\cos\left(x\right))
20	\frac{9e^{x}x-9e^{x}}{x^2}
20	16x\ln\left(x\right)+8x
20	6e^{x}(\operatorname{\mathrm{sen}}\left(x\right)+\cos\left(x\right))
20	4x3
20	36x^3e^{x}+9x^4e^{x}
20	10xe^{x}+5x^2e^{x}
20	2\operatorname{\mathrm{sen}}\left(x\right)\cos\left(x\right)
20	\frac{3}{(x+5)^2}
20	3e^{x}(\operatorname{\mathrm{sen}}\left(x\right)+\cos\left(x\right))
20	\frac{5}{x^2}
20	-\frac{\operatorname{\mathrm{sen}}\left(4\ln\left(x\right)\right)4}{x}
19	\frac{3e^{x}-3e^{x}\cdot x}{x^2}
19	24x^3
19	 e^{x}\left(\operatorname{\mathrm{cos}}\left(x\right)-\sen\left(x\right)\right) 
19	\frac{3x^2}{x+7}-\frac{x^3}{\left(x+7\right)^2}
19	8x
19	7e^{x}(\operatorname{\mathrm{sen}}\left(x\right)+\cos\left(x\right))
19	-7x^{-2}
19	\frac{4-4\ln\left(x\right)}{x^2}
19	-\frac{4\operatorname{\mathrm{sen}}\left(4\ln\left(x\right)\right)}{x}
19	45x^4
19	\frac{2}{(x+5)^2}
19	12x^2\ln\left(x\right)+4x^2
19	-6x^{-2}
18	8e^{x}(\operatorname{\mathrm{sen}}\left(x\right)+\cos\left(x\right))
18	9e^{x}(\operatorname{\mathrm{sen}}\left(x\right)+\cos\left(x\right))
18	6xe^{x}+3x^2e^{x}
18	8e^{x}(\cos\left(x\right)-\operatorname{\mathrm{sen}}\left(x\right))
18	\frac{12\ln\left(x\right)}{x}
18	\frac{3x^2}{x+6}-\frac{x^3}{\left(x+6\right)^2}
18	10x\ln\left(x\right)+5x
18	\frac{2}{(x+7)^2}
18	\frac{2}{(x+6)^2}
18	\frac{4}{(x+8)^2}
18	\frac{3x^2}{x+4}-\frac{x^3}{\left(x+4\right)^2}
18	12x^3
18	\frac{2x^3+3x^2}{(x+1)^2}
18	6e^{x}(\cos\left(x\right)-\operatorname{\mathrm{sen}}\left(x\right))
18	\frac{1}{x\cdot\ln\left(5\right)}
18	\frac{2x}{x+5}-\frac{x^2}{\left(x+5\right)^2}
18	\frac{2x^3+27x^2}{(x+9)^2}
18	\frac{x^2+6x}{(x+3)^2}
18	24x^3\ln\left(x\right)+6x^3
18	4x^3\ln\left(x\right)+\frac{x^4}{x}
18	\frac{1}{(x+9)^2}
18	18x^2
17	\frac{x^2+10x}{(x+5)^2}
17	16x\cdot e^{x}+8x^2\cdot e^{x}
17	\frac{3x^2}{x+8}-\frac{x^3}{\left(x+8\right)^2}
17	\frac{x^2+16x}{(x+8)^2}
17	\frac{(x+8)-(x+7)}{(x+8)^2}
17	\frac{-6}{x^2}
17	\frac{4e^{x}x-4e^{x}}{x^2}
17	6\cdot\frac{1}{x}
17	\frac{6\cos\left(x\right)x-6\operatorname{\mathrm{sen}}\left(x\right)}{x^2}
17	\frac{2\cos\left(x\right)x^3-2\operatorname{\mathrm{sen}}\left(x\right)3x^2}{x^6}
17	4x\ln\left(x\right)+2x
17	16x
17	\frac{4\cos\left(x\right)x-4\operatorname{\mathrm{sen}}\left(x\right)}{x^2}
17	2x\cdot e^{x}+x^2\cdot e^{x}
17	15x^2\ln\left(x\right)+5x^2
17	2x+0
17	\frac{\cos\left(x\right)x^2-\operatorname{\mathrm{sen}}\left(x\right)2x}{x^4}
17	15x^2\cdot e^{x}+5x^3\cdot e^{x}
17	-\frac{5\operatorname{\mathrm{sen}}\left(5\ln\left(x\right)\right)}{x}
17	2^{x}\ln\left(x\right)
17	3^{x}\ln\left(x\right)
17	\frac{4\ln\left(x\right)^3}{x}
17	\frac{2x^3+15x^2}{(x+5)^2}
17	\frac{x^2+14x}{(x+7)^2}
16	\frac{e^{x}}{x^3}-\frac{3e^{x}}{x^4}
16	\frac{1}{2x}
16	18x^2e^{x}+6x^3e^{x}
16	28x^3\ln\left(x\right)+7x^3
16	21x^2\ln\left(x\right)+7x^2
16	\frac{e^{x}x^2-2xe^{x}}{x^4}
16	9x^2\ln\left(x\right)+3x^2
16	\frac{e^{x}}{x^2}-\frac{2e^{x}}{x^3}
16	\frac{6\ln\left(x\right)}{x}
16	\frac{10\ln\left(x\right)}{x}
16	28x^3e^{x}+7x^4e^{x}
16	28x^3
16	\frac{2x^3+18x^2}{(x+6)^2}
16	-\frac{25\operatorname{\mathrm{sen}}\left(5\ln\left(x\right)\right)}{x}
16	\frac{x^2+8x}{(x+4)^2}
16	\frac{1}{\cos^2(x)}
16	\frac{8}{x^2}
16	\frac{e^{x}\cdot x-e^{x}}{x^2}
16	4x^3e^{8x}+8x^4e^{8x}
16	\frac{7}{\sqrt{x}}
15	\frac{5}{(x+9)^2}
15	\ln\left(3\right)\cdot3^{x}
15	7x
15	\frac{2x\left(x+7\right)-x^2}{\left(x+7\right)^2}
15	\frac{(x+7)-(x+6)}{(x+7)^2}
15	\frac{2e^{x}x-2e^{x}}{x^2}
15	24x^3+5
15	\frac{6\cos\left(x\right)x^2-6\operatorname{\mathrm{sen}}\left(x\right)2x}{x^4}
15	21x^2
15	-\frac{16\operatorname{\mathrm{sen}}\left(4\ln\left(x\right)\right)}{x}
15	x\ln\left(2\right)
15	7\cdot\frac{1}{x}
15	\frac{1}{x\ln10}
15	6x^2+3
15	15x^4
15	2x^2
15	-\frac{9\operatorname{\mathrm{sen}}\left(3\ln\left(x\right)\right)}{x}
15	21x^2-16x
15	36x^3\ln\left(x\right)+9x^3
15	\frac{16\ln\left(x\right)}{x}
15	4x\ln\left(x\right)+\frac{2x^2}{x}
15	18x^2\ln\left(x\right)+6x^2
15	-8x^{-2}
15	\frac{4}{(x+9)^2}
15	\frac{6}{(x+8)^2}
14	16x^3\ln\left(x\right)+\frac{4x^4}{x}
14	20x^3
14	27x^2\ln\left(x\right)+\frac{9x^3}{x}
14	\frac{\cos\left(x\right)x^3-\operatorname{\mathrm{sen}}\left(x\right)3x^2}{x^6}
14	\frac{18\ln\left(x\right)}{x}
14	\frac{3e^{x}x-3e^{x}}{x^2}
14	\frac{3}{(x+4)^2}
14	10x
14	5\operatorname{\mathrm{sen}}\left(x\right)^4\cos\left(x\right)
14	8x\ln\left(x\right)+4x
14	10x+9
14	\frac{4}{(x+5)^2}
14	\frac{1}{\ln\left(3\right)x}
14	\frac{2}{(x+3)^2}
14	\frac{x^2+2x}{(x+1)^2}
14	\frac{7}{(x+8)^2}
14	4x^3e^{2x}+2x^4e^{2x}
14	3x^2.e^{x}+x^3.e^{x}
14	5\cdot\frac{1}{x}
14	20x^3\ln\left(x\right)+5x^3
14	\frac{8}{(x+9)^2}
14	\frac{16\ln\left(x\right)^3}{x}
14	\frac{(x+5)-(x+4)}{(x+5)^2}
14	-\frac{2\operatorname{\mathrm{sen}}\left(2\ln\left(x\right)\right)}{x}
14	\frac{(\cos\left(x\right)x-\operatorname{\mathrm{sen}}\left(x\right))}{x^2}
14	3x^2e^{5x}+5x^3e^{5x}
14	6x^2\ln\left(x\right)+\frac{2x^3}{x}
14	\frac{1}{x\ln3}
14	\frac{1}{x\ln5}
14	\frac{3\cos\left(x\right)x^2-3\operatorname{\mathrm{sen}}\left(x\right)2x}{x^4}
14	-9x^{-2}
14	27x^2\ln\left(x\right)+9x^2
14	16x^3\ln\left(x\right)+4x^3
14	\frac{6}{x^2}
14	\frac{x^2+4x}{(x+2)^2}
14	\frac{1}{(x+10)^2}
14	\frac{2x^3+9x^2}{(x+3)^2}
14	10x+7
14	\frac{1}{x\cdot\ln\left(2\right)}
14	32x^3\ln\left(x\right)+8x^3
14	\frac{3}{x^3}-\frac{6\ln\left(x\right)}{x^3}
14	\frac{4\cos\left(x\right)x^3-4\operatorname{\mathrm{sen}}\left(x\right)3x^2}{x^6}
14	\frac{(x+8)-(x+6)}{(x+8)^2}
14	12x^2-18x
13	\frac{2x^3+24x^2}{(x+8)^2}
13	-4\sin(x)
13	8x\cdot\ln\left(x\right)+4x^2\cdot\frac{1}{x}
13	\frac{\cos\left(x\right)x^2-2x\operatorname{\mathrm{sen}}\left(x\right)}{x^4}
13	18\operatorname{\mathrm{sen}}\left(x\right)\cos\left(x\right)
13	5\cdot\frac{1}{2\sqrt{x}}
13	\frac{2x}{x+3}-\frac{x^2}{\left(x+3\right)^2}
13	\frac{2x^3+6x^2}{(x+2)^2}
13	\frac{3x^2\left(x+5\right)-x^3}{\left(x+5\right)^2}
13	\frac{1}{3\ln\left(x\right)}
13	\frac{x^2+12x}{(x+6)^2}
13	27x^2
13	20x^4+8
13	25x^4
13	15x^2\ln\left(x\right)+\frac{5x^3}{x}
13	\frac{4\ln\left(x\right)}{x}
13	\frac{5}{(x+8)^2}
13	3x^2\cdot\ln\left(x\right)+x^3\cdot\frac{1}{x}
13	20x^4
13	\frac{4}{x^2}-\frac{4\ln\left(x\right)}{x^2}
13	9\cdot\frac{1}{x}
13	28x^3+8
13	\frac{3x^2\left(x+8\right)-x^3}{\left(x+8\right)^2}
13	-3x^2
13	\frac{(x+4)-(x+9)}{(x+4)^2}
13	\frac{7e^{x}}{x^2}-\frac{14e^{x}}{x^3}
13	-\frac{8\operatorname{\mathrm{sen}}\left(2\ln\left(x\right)\right)}{x}
13	-\frac{1}{2\sqrt{x}}
13	3x^2e^{x}
13	2xe^{7x}+7x^2e^{7x}
13	18x
13	12x^3\ln\left(x\right)+3x^3
13	2xe^{2x}+2x^2e^{2x}
13	40x^4+9
13	-\operatorname{\mathrm{sen}}\left(4\ln\left(x\right)\right)\cdot\frac{4}{x}
13	\frac{(x+5)-(x+7)}{(x+5)^2}
13	12x\ln\left(x\right)+6x
13	\frac{4}{(x+6)^2}
13	\frac{1}{x\ln2}
13	\frac{5\cos\left(5x\right)x^3-\operatorname{\mathrm{sen}}\left(5x\right)3x^2}{x^6}
13	20x^3\ln\left(x\right)+\frac{5x^4}{x}
13	\frac{2x\left(x+1\right)-x^2}{\left(x+1\right)^2}
13	18x\ln\left(x\right)+9x
12	\frac{(x+2)-(x+1)}{(x+2)^2}
12	6\cdot\frac{1}{2\sqrt{x}}
12	6x\cdot e^{x}+3x^2\cdot e^{x}
12	\frac{1}{\ln\left(5\right)x}
12	-\frac{\operatorname{\mathrm{sen}}\left(3\ln\left(x\right)\right)3}{x}
12	\frac{3x^2\left(x+7\right)-x^3}{\left(x+7\right)^2}
12	-\frac{3\operatorname{\mathrm{sen}}\left(3\ln\left(x\right)\right)}{x}
12	\frac{(x+6)-(x+5)}{(x+6)^2}
12	\frac{5\cos\left(x\right)x^3-5\operatorname{\mathrm{sen}}\left(x\right)3x^2}{x^6}
12	\frac{(x+7)-(x+1)}{(x+7)^2}
12	\frac{1}{\cos\left(x\right)\cos\left(x\right)}
12	30x^4+5
12	\frac{-6}{(x+3)^2}
12	\frac{8\cos\left(x\right)}{x^2}-\frac{16\operatorname{\mathrm{sen}}\left(x\right)}{x^3}
12	\frac{7\cos\left(x\right)}{x^3}-\frac{21\operatorname{\mathrm{sen}}\left(x\right)}{x^4}
12	\frac{e^{x}}{x}-\frac{e^{x}}{x^2}
12	\frac{1}{x+6}-\frac{x+5}{\left(x+6\right)^2}
12	14x\ln\left(x\right)+7x
12	\frac{3\ln\left(x\right)^2}{x}
12	12x\ln\left(x\right)+\frac{6x^2}{x}
12	2xe^{6x}+6x^2e^{6x}
12	\frac12x^{\frac{-1}{2}}
12	2^{x}\ln2
12	\frac{7\cos\left(7x\right)x-\operatorname{\mathrm{sen}}\left(7x\right)}{x^2}
12	\frac{5}{x^2}-\frac{5\ln\left(x\right)}{x^2}
12	\frac{3e^{x}}{x}-\frac{3e^{x}}{x^2}
12	12x^3\ln\left(x\right)+\frac{3x^4}{x}
12	\frac{2x\left(x+4\right)-x^2}{\left(x+4\right)^2}
12	2x\ln\left(2\right)
12	\frac{2x^3+21x^2}{(x+7)^2}
12	4\operatorname{\mathrm{sen}}\left(x\right)^3\cos\left(x\right)
12	\frac{(e^{x}x^2-e^{x}2x)}{x^4}
12	3\cos\left(x\right)e^{3\operatorname{\mathrm{sen}}\left(x\right)}
12	-\frac{4\operatorname{\mathrm{sen}}\left(2\ln\left(x\right)\right)}{x}
12	\frac{8x}{4x^2+7}
12	36x^3+2
12	e^{x}\cos\left(x\right)+e^{x}\operatorname{\mathrm{sen}}\left(x\right)
12	3\ln\left(x\right)
12	\frac{8\ln\left(x\right)}{x}
12	\frac{4e^{x}}{x}-\frac{4e^{x}}{x^2}
12	24x^2\ln\left(x\right)+8x^2
12	6x+7
12	4\cdot\frac{1}{x}
12	\frac{x^2+18x}{(x+9)^2}
12	6x^2\ln\left(x\right)+2x^2
12	\frac{3}{(x+7)^2}
12	15x^2+2
12	9x^2-18x
12	\frac{3}{(x+6)^2}
12	-8\sin(x)
12	15x^2-12x
12	4x^3\cdot\ln\left(x\right)+x^4\cdot\frac{1}{x}
12	9x^2-14x
12	24x^3\ln\left(x\right)+\frac{6x^4}{x}
12	\frac{e^{x}x^3-3x^2e^{x}}{x^6}
12	\frac{9\cos\left(x\right)x^3-9\operatorname{\mathrm{sen}}\left(x\right)3x^2}{x^6}
12	\frac{9}{x^2}
12	18x+9
12	\frac{1}{x+4}-\frac{x+9}{\left(x+4\right)^2}
12	\frac{1}{\ln\left(10\right)x}
12	4x+9
12	20x^3e^{x}
12	3x^2e^{5x}+x^35e^{5x}
12	\frac{7}{(x+9)^2}
11	\frac{5e^{x}}{x}-\frac{5e^{x}}{x^2}
11	18x^2+7
11	\frac{1}{x+1}-\frac{x+2}{\left(x+1\right)^2}
11	\frac{(x+1)-(x+3)}{(x+1)^2}
11	\frac{6}{\cos^2\left(x\right)}
11	-\operatorname{\mathrm{sen}}\left(2\ln\left(x\right)\right)\cdot\frac{2}{x}
11	\frac{3x^2\left(x+9\right)-x^3}{\left(x+9\right)^2}
11	\frac{2}{x^2}-\frac{2\ln\left(x\right)}{x^2}
11	6x^2-4x
11	\frac{(3x^2(x+1)-x^3)}{(x+1)^2}
11	-2\sin(x)
11	\frac{8\cos\left(x\right)x^2-16\operatorname{\mathrm{sen}}\left(x\right)x}{x^4}
11	\frac{2x\left(x+6\right)-x^2}{\left(x+6\right)^2}
11	35x^4+4
11	\frac{1}{\ln\left(x\right)}
11	\frac{(x+9)-(x+7)}{(x+9)^2}
11	14x
11	32x^3\ln\left(x\right)+\frac{8x^4}{x}
11	-\frac{\operatorname{\mathrm{sen}}\left(5\ln\left(x\right)\right)5}{x}
11	\frac{2e^{x}}{x}-\frac{2e^{x}}{x^2}
11	15x^2
11	\frac{(e^{x}x^3-e^{x}3x^2)}{x^6}
11	\frac{6}{\sqrt{x}}
11	\frac{(2x(x+3)-x^2)}{(x+3)^2}
11	8x\cdot e^{x}+4x^2\cdot e^{x}
11	10\operatorname{\mathrm{sen}}\left(x\right)\cos\left(x\right)
11	\frac{e^{x}\cdot x^2-e^{x}\cdot2x}{x^4}
11	12x+5
11	\frac{8x-16x\ln\left(x\right)}{x^4}
11	\frac{2x\left(x+8\right)-x^2}{\left(x+8\right)^2}
11	\frac{4\cos\left(x\right)}{x}-\frac{4\operatorname{\mathrm{sen}}\left(x\right)}{x^2}
11	-6\sin(x)
11	4x^3e^{9x}+9x^4e^{9x}
11	\frac{3}{(x+9)^2}
11	e^{5\operatorname{\mathrm{sen}}\left(x\right)}5\cos\left(x\right)
11	4x^3e^{6x}+6x^4e^{6x}
11	3x^2e^{2x}+2x^3e^{2x}
11	\frac{2x\left(x+2\right)-x^2}{\left(x+2\right)^2}
11	\ln\left(5\right)
11	-9\sin(x)
11	\frac{14\ln\left(x\right)}{x}
11	10x^4
11	\frac{8e^{x}}{x^3}-\frac{24e^{x}}{x^4}
11	9x^2+7
11	12x^2-8x
11	2xe^{3x}+3x^2e^{3x}
11	24x^3-12x
11	-7\sin(x)
11	9x^2-10x
11	14x+3
11	32x^3\cdot e^{x}+8x^4\cdot e^{x}
11	18x\cdot e^{x}+9x^2\cdot e^{x}
11	\frac{4e^{x}}{x^3}-\frac{12e^{x}}{x^4}
11	20x^3+9
11	10x^4+2
11	6x+2
11	-\operatorname{\mathrm{sen}}\left(3\ln\left(x\right)\right)\cdot\frac{3}{x}
11	e^{3\operatorname{\mathrm{sen}}\left(x\right)}3\cos\left(x\right)
11	4xe^{x}
11	\frac{3x^2\cdot(x+7)-x^3}{(x+7)^2}
11	\frac{2x\left(x+5\right)-x^2}{\left(x+5\right)^2}
11	24x^2e^{x}
11	8\cdot\frac{1}{x}
11	32x^3+3
11	12x^2-4x
11	3x^2e^{3x}+3x^3e^{3x}
11	-\frac{1}{x}
11	2xe^{x}
11	6x^2-8x
11	\frac{(x+2)-(x+3)}{(x+2)^2}
11	16x^3+2
11	8x^3\cdot e^{x}+2x^4\cdot e^{x}
11	-\frac{4}{x}
11	\frac{\cos\left(5x\right)5x-\operatorname{\mathrm{sen}}\left(5x\right)}{x^2}
11	12x^3-6x
11	\frac{5}{(x+7)^2}
11	\frac{9e^{x}}{x^2}-\frac{18e^{x}}{x^3}
11	12x^2-10x
11	20x^3\cdot e^{x}+5x^4\cdot e^{x}
11	32x^3+2
11	\cos(x)
11	27x^2\cdot e^{x}+9x^3\cdot e^{x}
11	\frac{2e^{x}x^2-2e^{x}2x}{x^4}
11	24x^2-18x
11	\frac{2x^3+12x^2}{(x+4)^2}
11	12\operatorname{\mathrm{sen}}\left(x\right)\cos\left(x\right)
11	10x+5
11	\frac{1}{2\cdot\sqrt{x}}
11	\frac{-2}{(x+5)^2}
11	10x+2
11	\frac{3}{(x+8)^2}
11	\frac{7\cos\left(x\right)x^2-7\operatorname{\mathrm{sen}}\left(x\right)2x}{x^4}
11	5^{x}\cdot ln\left(5^{}\right)
10	18x^2\ln\left(x\right)+\frac{6x^3}{x}
10	\frac{(x+4)-(x+2)}{(x+4)^2}
10	-\frac{6\operatorname{\mathrm{sen}}\left(3\ln\left(x\right)\right)}{x}
10	\frac{2}{x^4}-\frac{6\ln\left(x\right)}{x^4}
10	7\cdot\frac{1}{2\sqrt{x}}
10	20x^4+9
10	12x^2+5
10	\frac{x^2-\ln\left(x\right)3x^2}{x^6}
10	7e^{x}\left(\operatorname{\mathrm{sen}}x+\cos x\right)
10	\frac{4}{(x+7)^2}
10	\frac13
10	3^{x}\ln3
10	\frac11
10	\frac{4\cos\left(x\right)x^2-4\operatorname{\mathrm{sen}}\left(x\right)2x}{x^4}
10	\frac{1}{(\cos\left(x\right))^2}
10	\frac{2}{(x+8)^2}
10	16x^3+4
10	\frac{3e^{x}x^3-3e^{x}3x^2}{x^6}
10	\frac{(x+6)-(x+2)}{(x+6)^2}
10	66
10	5x4
10	\frac{\cos\left(2x\right)2x-\operatorname{\mathrm{sen}}\left(2x\right)}{x^2}
10	12x^2+8
10	\frac{3x^2\left(x+3\right)-x^3}{\left(x+3\right)^2}
10	\frac{\cos\left(6x\right)6x^3-\operatorname{\mathrm{sen}}\left(6x\right)3x^2}{x^6}
10	12x+4
10	20x^3+7
10	\frac{6e^{x}}{x^2}-\frac{12e^{x}}{x^3}
10	4\cos\left(x\right)e^{4\operatorname{\mathrm{sen}}\left(x\right)}
10	\frac{7\cos\left(x\right)x^2-14x\operatorname{\mathrm{sen}}\left(x\right)}{x^4}
10	6x^2e^{x}
10	30x^4+2
10	8x^3+2
10	5^{x}\ln5
10	2xe^{7x}+x^27e^{7x}
10	45x^4+6
10	8x^3\ln\left(x\right)+\frac{2x^4}{x}
10	\frac{27\ln\left(x\right)^2}{x}
10	\frac{e^{x}\cdot x^3-e^{x}\cdot3x^2}{x^6}
10	-1x^{-2}
10	\frac{3x^2\cdot(x+5)-x^3}{(x+5)^2}
10	-\frac{15\operatorname{\mathrm{sen}}\left(5\ln\left(x\right)\right)}{x}
10	\frac{8}{x^3}-\frac{16\ln\left(x\right)}{x^3}
10	\frac{4x^3\cos\left(x\right)-12x^2\operatorname{\mathrm{sen}}\left(x\right)}{x^6}
10	\frac{12x}{6x^2+6}
10	10x+6
10	\frac{-5}{(x+3)^2}
10	24x^3+2
10	\frac{1}{\ln\left(2\right)x}
10	16x\ln\left(x\right)+\frac{8x^2}{x}
10	\frac{6\cos\left(x\right)x^3-18\operatorname{\mathrm{sen}}\left(x\right)x^2}{x^6}
10	12x^2-12x
10	16x+5
10	\frac{5}{(x+6)^2}
10	\frac{2x\left(x+9\right)-x^2}{\left(x+9\right)^2}
10	8x^3\ln\left(x\right)+2x^3
10	21x^2+8
10	-5\sin(x)
10	 \frac{\left(2x^3+9x^2\right)}{\left(x+3\right)^2} 
10	4x\cdot e^{x}+2x^2\cdot e^{x}
10	\frac{1}{x+8}-\frac{x+7}{\left(x+8\right)^2}
10	7^{x}\ln\left(x\right)
10	4x^3e^{9x}+x^49e^{9x}
10	40x^4
10	\frac{6}{(x+7)^2}
10	4x^3\cdot\ln\left(x\right)+x^3
10	\frac{3x^2\left(x+4\right)-x^3}{\left(x+4\right)^2}
10	6x\ln\left(x\right)+\frac{3x^2}{x}
10	\frac{9e^{x}x^2-18e^{x}x}{x^4}
10	20x^4+3
10	\frac{-2}{(x+3)^2}
10	28x^3-16x
10	4x^3e^{7x}+7x^4e^{7x}
10	-\frac{5\operatorname{\mathrm{sen}}\left(3\ln\left(x\right)\right)3}{x}
10	21x^2\cdot e^{x}+7x^3\cdot e^{x}
10	4\operatorname{\mathrm{sen}}\left(x\right)\cos\left(x\right)
10	\frac{4x-8x\ln\left(x\right)}{x^4}
10	12x^3+9
10	\frac{(x+4)-(x+3)}{(x+4)^2}
10	\frac{7\cos\left(x\right)x^3-7\operatorname{\mathrm{sen}}\left(x\right)3x^2}{x^6}
10	12x^2-14x
10	45x^4+5
10	6\cos\left(x\right)e^{3\operatorname{\mathrm{sen}}\left(x\right)}
10	20x^4+2
10	2x\cdot\ln\left(x\right)+x^2\cdot\frac{1}{x}
10	\frac{3\cos\left(x\right)}{x}-\frac{3\operatorname{\mathrm{sen}}\left(x\right)}{x^2}
10	\frac{15\ln\left(x\right)^2}{x}
10	12x\cdot e^{x}+6x^2\cdot e^{x}
10	\frac{6e^{x}}{x}-\frac{6e^{x}}{x^2}
10	-\frac{4\operatorname{\mathrm{sen}}\left(4\ln\left(x\right)\right)4}{x}
10	3x^3
10	\frac{7\cos\left(x\right)x^2-14\operatorname{\mathrm{sen}}\left(x\right)x}{x^4}
10	2xe^{5x}+5x^2e^{5x}
10	-\frac{5\operatorname{\mathrm{sen}}\left(5\ln\left(x\right)\right)5}{x}
10	\frac{3x^2\left(x+2\right)-x^3}{\left(x+2\right)^2}
10	-5\operatorname{\mathrm{sen}}\left(3\ln\left(x\right)\right)\cdot\frac{3}{x}
10	32x^3+7
10	36x^3\cdot e^{x}+9x^4\cdot e^{x}
10	28x^3+2
10	\frac{-3}{(x+2)^2}
10	8x\ln\left(x\right)+\frac{4x^2}{x}
10	\frac{6}{x^4}-\frac{18\ln\left(x\right)}{x^4}
10	20x^3+2
10	1x
10	\frac{-8}{(x+1)^2}
10	\frac{6\cos\left(x\right)}{x^3}-\frac{18\operatorname{\mathrm{sen}}\left(x\right)}{x^4}
10	\frac{(x+9)-(x+1)}{(x+9)^2}
10	18x^2\cdot\ln\left(x\right)+6x^3\cdot\frac{1}{x}
10	\frac{-1}{(x+6)^2}
10	12x^2+4
10	25x^4+7
10	\frac{1}{4\sqrt{x}}
10	\frac{1}{x^4}-\frac{3\ln\left(x\right)}{x^4}
10	\frac{6}{x^3}-\frac{12\ln\left(x\right)}{x^3}
10	\frac{9(1-\ln\left(x\right))}{x^2}
10	-\frac{4}{(x+2)^2}
10	\frac{6}{\cos^2(x)}
10	40x^4+3
10	\frac{\left(2x^3+24x^2\right)}{\left(x+8\right)^2}
10	10x\ln\left(x\right)+\frac{5x^2}{x}
10	\frac32\frac{1}{\sqrt{x}}
10	15x^4+3
10	10x+3
10	\frac{4e^{x}x^3-4e^{x}3x^2}{x^6}
10	12x^2\ln\left(x\right)+\frac{4x^3}{x}
10	10x^4+7
9	\frac{2}{\cos^2(x)}
9	\frac{2e^{x}x^3-2e^{x}3x^2}{x^6}
9	(4x+9)e^{2x^2+9x}
9	18x^2-12x
9	4x+5
9	12x^3+6
9	9x^2\cdot e^{x}+3x^3\cdot e^{x}
9	4x+6
9	9x^2-8x
9	-\frac{8\operatorname{\mathrm{sen}}\left(4\ln\left(x\right)\right)}{x}
9	9x^2\ln\left(x\right)+\frac{3x^3}{x}
9	36\cos\left(x\right)\operatorname{\mathrm{sen}^3}\left(x\right)
9	\frac{9\cos\left(9x\right)x-\operatorname{\mathrm{sen}}\left(9x\right)}{x^2}
9	\frac{2\cos\left(2x\right)x-\operatorname{\mathrm{sen}}\left(2x\right)}{x^2}
9	\frac{x^{-\frac12}}{2}
9	6x\ln\left(x\right)+3x
9	6x^2\cdot e^{x}+2x^3\cdot e^{x}
9	20x^4+7
9	28x^3+6
9	\frac{6}{6x+7}
9	\frac{(x+3)-(x+2)}{(x+3)^2}
9	16x+6
9	\frac{x-2x\ln\left(x\right)}{x^4}
9	21x^2+4
9	21x^2e^{x}
9	\frac{3e^{x}x^2-3e^{x}2x}{x^4}
9	18x^2-8x
9	\frac{2x-4x\ln\left(x\right)}{x^4}
9	35x^4+5
9	\frac{2}{(x+4)^2}
9	\frac{2}{\cos^2\left(x\right)}
9	6x^2\cdot\ln\left(x\right)+2x^3\cdot\frac{1}{x}
9	\frac{1}{x+4}-\frac{x+3}{\left(x+4\right)^2}
9	\frac{\left(2x^3+6x^2\right)}{\left(x+2\right)^2}
9	\frac{(x+3)-(x+5)}{(x+3)^2}
9	18x+2
9	\frac{-3}{(x+4)^2}
9	\frac{7}{2x^2}
9	\frac{5\cos\left(x\right)}{x^2}-\frac{10\operatorname{\mathrm{sen}}\left(x\right)}{x^3}
9	\ln\left(2\right)\cdot2^{x}
9	6x^2+6
9	10
9	\frac{2x}{x^2+3}
9	\frac{(2x(x+9)-x^2)}{(x+9)^2}
9	\frac{1}{10\ln\left(x\right)}
9	-2
9	\frac{3}{\cos^2\left(x\right)}
9	-\frac{3\operatorname{\mathrm{sen}}\left(5\ln\left(x\right)\right)5}{x}
9	-1
9	10x\cdot e^{x}+5x^2\cdot e^{x}
9	\frac{8}{\cos^2\left(x\right)}
9	\frac{7}{x^3}-\frac{14\ln\left(x\right)}{x^3}
9	6x\left(3-1\right)-18x\left(2-1\right)+0
9	15x^4-6x^2
9	5^{x}
9	4\cdot\frac{1}{2\sqrt{x}}
9	27x^2-12x
9	24x^2
9	30x^4-14x
9	24x^3+7
9	8x+5
9	15x^2-10x
9	\frac{\cos\left(9x\right)9x-\operatorname{\mathrm{sen}}\left(9x\right)}{x^2}
9	\frac{-4}{(x+3)^2}
9	\frac{7(1-\ln\left(x\right))}{x^2}
9	\frac{7e^{x}}{x^3}-\frac{21e^{x}}{x^4}
9	\frac{7e^{x}x^3-7e^{x}3x^2}{x^6}
9	\frac{5x^2-15x^2\ln\left(x\right)}{x^6}
9	20x^4+4
9	\frac{\frac{1}{x}x-\ln\left(x\right)}{x^2}
9	9x^2-12x
9	24x^2+5
9	27x^2-18x
9	\frac{\frac{1}{x}\cdot x-\ln\left(x\right)\cdot1}{x^2}
9	\frac{-1}{(x+7)^2}
9	21x^2+6
9	3x^2e^{9x}+9x^3e^{9x}
9	3x\ln\left(3\right)
9	\frac{5}{\sqrt{x}}
9	\frac{3}{3x+1}
9	4x+4
9	\frac{6\cos\left(6x\right)x-\operatorname{\mathrm{sen}}\left(6x\right)}{x^2}
9	\frac{9\cos\left(x\right)}{x^3}-\frac{27\operatorname{\mathrm{sen}}\left(x\right)}{x^4}
9	\frac{1}{x+2}-\frac{x+1}{\left(x+2\right)^2}
9	28x^3+9
9	3x^2e^{7x}+7x^3e^{7x}
9	15x^2+8
9	9x^2-6x
9	5\cos\left(x\right)e^{5\operatorname{\mathrm{sen}}\left(x\right)}
9	\frac{3\cos\left(x\right)x^3-3\operatorname{\mathrm{sen}}\left(x\right)3x^2}{x^6}
9	\ln\left(5\right)\cdot5^{x}
9	\frac{(x+1)-(x+8)}{(x+1)^2}
9	\frac{(x+3)-(x+4)}{(x+3)^2}
9	18x^2\cdot e^{x}+6x^3\cdot e^{x}
9	x\cdot x
9	\frac{3e^{x}}{x^3}-\frac{9e^{x}}{x^4}
9	\frac{2}{(x+9)^2}
9	\frac{(x+8)-(x+4)}{(x+8)^2}
9	\frac{-5}{(x+1)^2}
9	\frac{(x+6)-(x+9)}{(x+6)^2}
9	16x^3-12x
9	\frac{-5}{(x+4)^2}
9	6x^2-12x
9	3^{x}
9	8x+9
9	14x\ln\left(x\right)+\frac{7x^2}{x}
9	12x^2\cdot e^{x}+4x^3\cdot e^{x}
9	3x2
9	\frac{8}{x^2}-\frac{8\ln\left(x\right)}{x^2}
9	\frac{(3x^2(x+5)-x^3)}{(x+5)^2}
9	2xe^{4x}+4x^2e^{4x}
9	3x^2e^{8x}+x^38e^{8x}
9	\frac{8}{\cos^2(x)}
9	\frac{8\cos\left(8x\right)x-\operatorname{\mathrm{sen}}\left(8x\right)}{x^2}
9	\frac{\left(x^2+2x\right)}{\left(x+1\right)^2}
9	\frac{\frac{7}{x}x^2-7\ln\left(x\right)2x}{x^4}
9	\frac{(x+2)-(x+8)}{(x+2)^2}
9	8\cdot\frac{1}{2\sqrt{x}}
9	\frac{9\cos\left(x\right)}{x}-\frac{9\operatorname{\mathrm{sen}}\left(x\right)}{x^2}
9	\frac{2x}{x^2+1}
9	\frac{5x\cos\left(x\right)-5\operatorname{\mathrm{sen}}\left(x\right)}{x^2}
9	6x+8
9	\frac{1}{3x}
9	\frac{xe^{x}-e^{x}}{x^2}
9	15x^2+7
9	18x\cdot\ln\left(x\right)+9x^2\cdot\frac{1}{x}
9	2x\ln\left(x\right)+x^{}
9	\frac{1}{x+5}-\frac{x+4}{\left(x+5\right)^2}
9	\frac{9}{x^4}-\frac{27\ln\left(x\right)}{x^4}
9	\frac{4\cos\left(x\right)}{x^2}-\frac{8\operatorname{\mathrm{sen}}\left(x\right)}{x^3}
9	24x^3-6x^2
9	18x\ln\left(x\right)+\frac{9x^2}{x}
9	10x^4+9
9	21x^2-12x
9	\frac{\cos\left(x\right)}{x^2}-\frac{2\operatorname{\mathrm{sen}}\left(x\right)}{x^3}
9	\frac{7e^{x}x^3-21e^{x}x^2}{x^6}
9	9x^2+2
9	24x^2-10x
9	27x^2+8
9	\frac{1}{\ln\left(10\right)}
9	3x^2e^{4x}+4x^3e^{4x}
9	-3\sin(x)
9	18x+5
9	36x^3+7
9	3x^2e^{6x}+6x^3e^{6x}
9	30x^4-6x
8	\frac{9x-18x\ln\left(x\right)}{x^4}
8	-\frac{2}{(x+4)^2}
8	-9x^2
8	36x^3-18x^2
8	8x^3-16x
8	5e^{5\operatorname{\mathrm{sen}}\left(x\right)}\cos\left(x\right)
8	\frac{6e^{x}(x-1)}{x^2}
8	\frac{(6e^{x}x-6e^{x})}{x^2}
8	45x^4-14x
8	\frac{x-\ln\left(x\right)2x}{x^4}
8	\frac{(3x^2(x+6)-x^3)}{(x+6)^2}
8	12x^3-6x^2
8	\frac{8e^{x}x^2-16e^{x}x}{x^4}
8	\frac{6\ln\left(x\right)^2}{x}
8	\frac{\cos\left(8x\right)8x-\operatorname{\mathrm{sen}}\left(8x\right)}{x^2}
8	9e^{x}\left(\operatorname{\mathrm{sen}}\left(x\right)+\cos\left(x\right)\right)
8	36x^3+8
8	24x^3\cdot e^{x}+6x^4\cdot e^{x}
8	\frac{2\cos\left(x\right)x^2-2\operatorname{\mathrm{sen}}\left(x\right)2x}{x^4}
8	\frac{2x}{x^2+8}
8	12x\cdot\ln\left(x\right)+6x^2\cdot\frac{1}{x}
8	\frac{3(x-2x\ln\left(x\right))}{x^4}
8	28x^3\cdot e^{x}+7x^4\cdot e^{x}
8	\frac{(x+4)-(x+5)}{(x+4)^2}
8	\frac{7}{7x+6}
8	12x^2+7
8	24x^3\cdot\ln\left(x\right)+6x^4\cdot\frac{1}{x}
8	\frac{(x^2+16x)}{(x+8)^2}
8	9x
8	e^{2x^2+7x}(4x+7)
8	\frac{2}{\cos\left(x\right)\cos\left(x\right)}
8	\frac{8}{\sqrt{x}}
8	21x^2-14x
8	36x^3+6
8	\frac{\left(x^2+12x\right)}{\left(x+6\right)^2}
8	\frac{4x}{2x^2+3}
8	\frac{(x+6)-(x+8)}{(x+6)^2}
8	10^{x}\ln\left(x\right)
8	36x^3
8	\frac{(x+3)-(x+7)}{(x+3)^2}
8	5e^{x}\left(\cos\left(x\right)-\operatorname{\mathrm{sen}}\left(x\right)\right)
8	\frac{\left(2x^3+27x^2\right)}{\left(x+9\right)^2}
8	24x^3-12x^2
8	-\frac{2\operatorname{\mathrm{sen}}\left(3\ln\left(x\right)\right)3}{x}
8	\frac{6\cos\left(x\right)}{x}-\frac{6\operatorname{\mathrm{sen}}\left(x\right)}{x^2}
8	16x+2
8	12x+9
8	\frac{-(x+1)-(x+9)}{x^2+2x+1}
8	6x^2+8
8	2xe^{8x}+8x^2e^{8x}
8	\frac{(3e^{x}x-3e^{x})}{x^2}
8	20x^3+8
8	\frac{8e^{x}}{x}-\frac{8e^{x}}{x^2}
8	\frac{28\ln\left(x\right)^3}{x}
8	20x^3-6x^2
8	20x^3+5
8	2e^{x}\cdot\operatorname{\mathrm{sen}}\left(x\right)+2e^{x}\cdot\cos\left(x\right)
8	20x^3+3
8	\frac{14x}{7x^2+5}
8	16x^3+7
8	6e^x\cos(x) - 6e^x\sin(x)
8	\frac{4}{4x+2}
8	24x^2-6x
8	\frac{4}{(\cos\left(x\right))^2}
8	-\operatorname{\mathrm{sen}}\left(5\ln\left(x\right)\right)\cdot\frac{5}{x}
8	4x^3e^{2x}+x^42e^{2x}
8	18x^2+9
8	15x^2-8x
8	12x+6
8	9x^2\cdot\ln\left(x\right)+3x^3\cdot\frac{1}{x}
8	45x^4-8x
8	\frac{4(1-\ln\left(x\right))}{x^2}
8	\frac{5x-10\ln\left(x\right)x}{x^4}
8	40x^4+8
8	\frac{5\cos\left(x\right)}{x}-\frac{5\operatorname{\mathrm{sen}}\left(x\right)}{x^2}
8	\frac{2\cos\left(x\right)x^3-6\operatorname{\mathrm{sen}}\left(x\right)x^2}{x^6}
8	-\frac{3\operatorname{\mathrm{sen}}\left(3\ln\left(x\right)\right)3}{x}
8	\frac{5(1-\ln\left(x\right))}{x^2}
8	24x^2\cdot e^{x}+8x^3\cdot e^{x}
8	30x^4
8	12x^3-16x
8	24x^3+4
8	3\cdot\frac{1}{x}
8	2\cos\left(x\right)e^{2\operatorname{\mathrm{sen}}\left(x\right)}
8	16x^3+5
8	24x^2+7
8	\frac{3e^{x}x^2-6e^{x}x}{x^4}
8	\frac{\cos\left(4x\right)4x^2-\operatorname{\mathrm{sen}}\left(4x\right)2x}{x^4}
8	\frac{8x\cos\left(x\right)-8\operatorname{\mathrm{sen}}\left(x\right)}{x^2}
8	18x+6
8	18x+4
8	\frac{5}{\cos^2\left(x\right)}
8	\frac{1}{\sqrt2}
8	27x^2+4
8	\frac{5e^{x}x^3-5e^{x}3x^2}{x^6}
8	32x^3+6
8	\frac{8\cos\left(x\right)x^2-8\operatorname{\mathrm{sen}}\left(x\right)2x}{x^4}
8	\frac{2e^{x}}{x^3}-\frac{6e^{x}}{x^4}
8	\frac{2\cos\left(x\right)}{x^3}-\frac{6\operatorname{\mathrm{sen}}\left(x\right)}{x^4}
8	27x^2+6
8	-\frac{2\operatorname{\mathrm{sen}}\left(2\ln\left(x\right)\right)2}{x}
8	4x^3e^{4x}+4x^4e^{4x}
8	10x\cdot\ln\left(x\right)+5x^2\cdot\frac{1}{x}
8	8x^3-6x^2
8	\frac{\left(x^2+18x\right)}{\left(x+9\right)^2}
8	27x^2-16x
8	15x^2-14x
8	\frac{3x^2\cdot(x+6)-x^3}{(x+6)^2}
8	\frac{9e^{x}x^2-9e^{x}2x}{x^4}
8	6x^2-16x
8	35x^4+8
8	\frac{2x-4\ln\left(x\right)x}{x^4}
8	-\frac{10\operatorname{\mathrm{sen}}\left(5\ln\left(x\right)\right)}{x}
8	\frac{-7}{(x+1)^2}
8	4x^3e^{3x}+3x^4e^{3x}
8	\frac{6(\cos\left(x\right)x-\operatorname{\mathrm{sen}}\left(x\right))}{x^2}
8	10x^4+5
8	\frac{2(\cos\left(x\right)x-\operatorname{\mathrm{sen}}\left(x\right))}{x^2}
8	\frac{3x^2\cdot(x+1)-x^3}{(x+1)^2}
8	8(4x^3\operatorname{\mathrm{sen}}\left(x\right)+x^4\cos\left(x\right))
8	\frac{-6}{(x+2)^2}
8	-\frac{2\operatorname{\mathrm{sen}}\left(5\ln\left(x\right)\right)5}{x}
8	\frac{2\cos\left(x\right)}{x}-\frac{2\operatorname{\mathrm{sen}}\left(x\right)}{x^2}
8	\frac{3x^2\cdot(x+9)-x^3}{(x+9)^2}
8	6\cos\left(x\right)e^{2\operatorname{\mathrm{sen}}\left(x\right)}
8	12x^3+8
8	\frac{6\cos\left(x\right)x^3-6\operatorname{\mathrm{sen}}\left(x\right)3x^2}{x^6}
8	\frac{7x^2-21x^2\ln\left(x\right)}{x^6}
8	(6x+4)e^{3x^2+4x}
8	2xe^{4x}+x^24e^{4x}
8	3\operatorname{\mathrm{sen}}\left(x\right)^2\cos\left(x\right)
8	\frac{4x}{2x^2+1}
8	\frac{1}{x\ln\left(x\right)}
8	36x^3-15x^2
8	6x+4
8	\frac{(x+9)-(x+2)}{(x+9)^2}
8	\frac{(2x^3+12x^2)}{(x+4)^2}
8	\frac{32\ln\left(x\right)^3}{x}
8	36x^3\ln\left(x\right)+\frac{9x^4}{x}
8	\frac{\cos\left(x\right)}{x^3}-\frac{3\operatorname{\mathrm{sen}}\left(x\right)}{x^4}
8	3x^2e^{6x}+x^36e^{6x}
8	\frac{5x-10x\ln\left(x\right)}{x^4}
8	\frac{4}{\cos^2\left(x\right)}
8	\frac{-1}{(x+4)^2}
8	4^{x}\ln\left(x\right)
8	8\operatorname{\mathrm{sen}}\left(x\right)\cos\left(x\right)
8	24x^2\cdot\ln\left(x\right)+8x^3\cdot\frac{1}{x}
8	9x^2+5
8	9x+e^{x}
8	24x^2-8x
8	5\ln\left(x\right)
8	\frac{7}{x^2}-\frac{7\ln\left(x\right)}{x^2}
8	\frac{(x+5)-(x+1)}{(x+5)^2}
8	\frac{2x\cdot(x+1)-x^2}{(x+1)^2}
8	28x^3-15x^2
8	-1\cdot x^{-2}
8	\frac{9x^2-27x^2\ln\left(x\right)}{x^6}
8	\frac{(x+3)-(x+6)}{(x+3)^2}
8	(2x+5)e^{x^2+5x}
8	30x^4+4
8	\frac{5\cos\left(x\right)x^3-15\operatorname{\mathrm{sen}}\left(x\right)x^2}{x^6}
8	\frac{9(\cos\left(x\right)x-\operatorname{\mathrm{sen}}\left(x\right))}{x^2}
8	x^{-2}
8	\frac{(x+5)-(x+2)}{(x+5)^2}
8	\frac{(2x(x+2)-x^2)}{(x+2)^2}
8	\frac{4x}{2x^2+9}
8	14x+2
8	8x^3e^{x}
8	\frac{\left(x^2+6x\right)}{\left(x+3\right)^2}
8	-\frac{1}{(x+2)^2}
8	\frac{2e^{x}}{x^2}-\frac{4e^{x}}{x^3}
8	-4\operatorname{\mathrm{sen}}\left(2\ln\left(x\right)\right)\cdot\frac{2}{x}
8	\frac{-1}{(x+2)^2}
8	\frac{(x+5)-(x+8)}{(x+5)^2}
8	8x^3+4
8	-\frac{2}{(x+5)^2}
8	\frac{8x^2-24\ln\left(x\right)x^2}{x^6}
8	\frac{1}{3\sqrt{x}}
8	\frac{(9e^{x}x-9e^{x})}{x^2}
8	10x^4+8
8	\frac{3x^2}{x+9}-\frac{x^3}{(x+9)^2}
8	\frac{5e^{x}}{x^2}-\frac{10e^{x}}{x^3}
8	-\frac{20\operatorname{\mathrm{sen}}\left(4\ln\left(x\right)\right)}{x}
8	\frac{2x}{x^2+6}
8	\frac{(x^2-3x^2\ln\left(x\right))}{x^6}
8	45x^4+4
8	\frac{1}{x+7}-\frac{x+2}{\left(x+7\right)^2}
8	30x^4+3
8	\frac{(x+7)-(x+9)}{(x+7)^2}
8	40x^4+4
8	\frac{-4}{(x+4)^2}
8	\frac{1}{\ln\left(5\right)}
8	\frac{(x+7)-(x+3)}{(x+7)^2}
8	15x^2-18x
8	\frac{(2x(x+7)-x^2)}{(x+7)^2}
8	4x+2
8	8e^{x}\left(\operatorname{\mathrm{sen}}\left(x\right)+\cos\left(x\right)\right)
8	-\frac{15\operatorname{\mathrm{sen}}\left(3\ln\left(x\right)\right)}{x}
8	21x^2+7
7	\frac{1}{(2\sqrt{x)}}
7	12x^3+2
7	\frac{(2x(x+4)-x^2)}{(x+4)^2}
7	\frac{3(\cos\left(x\right)x-\operatorname{\mathrm{sen}}\left(x\right))}{x^2}
7	6x+6
7	\frac{1}{x+6}-\frac{x+7}{\left(x+6\right)^2}
7	\frac{8(1-\ln\left(x\right))}{x^2}
7	e^{4\operatorname{\mathrm{sen}}\left(x\right)}\cdot4\cos\left(x\right)
7	5(2x\operatorname{\mathrm{sen}}\left(x\right)+x^2\cos\left(x\right))
7	14x\cdot e^{x}+7x^2\cdot e^{x}
7	\operatorname{\mathrm{sen}}\left(x\right)
7	6\operatorname{\mathrm{sen}}\left(x\right)\cos\left(x\right)
7	\frac{4x^2-12x^2\ln\left(x\right)}{x^6}
7	(10x+6)e^{5x^2+6x}
7	\frac{3(1-\ln\left(x\right))}{x^2}
7	\frac{10x}{5x^2+1}
7	-\frac{6\operatorname{\mathrm{sen}}\left(2\ln\left(x\right)\right)}{x}
7	\frac{7\cos\left(x\right)}{x}-\frac{7\operatorname{\mathrm{sen}}\left(x\right)}{x^2}
7	\frac{7}{\cos^2\left(x\right)}
7	5^{x}\ln\left(x\right)
7	28x^3-18x^2
7	\frac{14x}{7x^2+9}
7	\frac{2x\cdot(x+9)-x^2}{(x+9)^2}
7	\frac{(x+8)-(x+5)}{(x+8)^2}
7	\frac{4(\cos\left(x\right)x^3-\operatorname{\mathrm{sen}}\left(x\right)3x^2)}{x^6}
7	21x^2-6x
7	\frac{3x\cos\left(x\right)-3\operatorname{\mathrm{sen}}\left(x\right)}{x^2}
7	\frac{(2-2\ln\left(x\right))}{x^2}
7	\frac{6e^{x}x^2-12e^{x}x}{x^4}
7	\frac{21\ln\left(x\right)^2}{x}
7	-12x^2
7	40x^4-8x
7	4x^3e^{5x}+5x^4e^{5x}
7	\frac{(3x^2(x+3)-x^3)}{(x+3)^2}
7	\frac{(x+2)-(x+9)}{(x+2)^2}
7	\frac{5e^{x}}{x^3}-\frac{15e^{x}}{x^4}
7	\frac{\left(2x^3+18x^2\right)}{\left(x+6\right)^2}
7	16x^3+9
7	32x^3-18x
7	\frac{6e^{x}x^3-6e^{x}3x^2}{x^6}
7	\frac{-7}{(x+2)^2}
7	6e^{x}\left(\operatorname{\mathrm{sen}}\left(x\right)+\cos\left(x\right)\right)
7	15x^4-8x
7	\frac{1}{x+8}-\frac{x+4}{\left(x+8\right)^2}
7	5e^{5x+9}
7	\frac{\left(x^2+8x\right)}{\left(x+4\right)^2}
7	16x+9
7	\frac{3x^2\left(x+1\right)-x^3}{\left(x+1\right)^2}
7	\frac{\cos\left(4x\right)4x-\operatorname{\mathrm{sen}}\left(4x\right)}{x^2}
7	2\cdot\frac{1}{x}
7	5(3x^2\operatorname{\mathrm{sen}}\left(x\right)+x^3\cos\left(x\right))
7	\frac{1}{x.\ln\left(2\right)}
7	-\frac{1}{x^{^2}}
7	\frac{5(\cos\left(x\right)x-\operatorname{\mathrm{sen}}\left(x\right))}{x^2}
7	\frac{6x^2-18x^2\ln\left(x\right)}{x^6}
7	10x\ln\left(x\right)+5x^{}
7	\frac{\left(x^2+10x\right)}{\left(x+5\right)^2}
7	3x^2\ln\left(x\right)+x^3\cdot\frac{1}{x}
7	\frac{4}{\cos^2(x)}
7	\frac{8(\cos\left(x\right)x-\operatorname{\mathrm{sen}}\left(x\right))}{x^2}
7	\frac{\cos\left(6x\right)6x-\operatorname{\mathrm{sen}}\left(6x\right)}{x^2}
7	21x^2\ln\left(x\right)+\frac{7x^3}{x}
7	\frac{4x}{\sqrt{4x^2+7}}
7	6x+3
7	-2x
7	\frac{\cos\left(3x\right)3x^2-\operatorname{\mathrm{sen}}\left(3x\right)2x}{x^4}
7	24x^2+3
7	4x^3\cdot\operatorname{\mathrm{sen}}\left(x\right)+x^4\cdot\cos\left(x\right)
7	\frac{-4}{(x+2)^2}
7	8x^3+8
7	\frac{7\cos\left(x\right)}{x^2}-\frac{14\operatorname{\mathrm{sen}}\left(x\right)}{x^3}
7	\frac{1}{\ln\left(2\right)}
7	x\ln\left(3\right)
7	\frac{6\cos\left(x\right)}{x^2}-\frac{12\operatorname{\mathrm{sen}}\left(x\right)}{x^3}
7	25x^4-12x^2
7	e^x\sin(x) + e^x\cos(x)
7	\frac{-1}{(x+8)^2}
7	\frac{3x^2-9\ln\left(x\right)x^2}{x^6}
7	\frac{1}{-x^2}
7	\frac{6(1-\ln\left(x\right))}{x^2}
7	5^{x}\ln(5)
7	12x^2+3
7	\frac{6}{6x+6}
7	15x^4+2
7	\frac{(2x^3+6x^2)}{(x+2)^2}
7	\frac{\frac{1}{x}\cdot x-\ln\left(x\right)}{x^2}
7	6x^2-6x
7	\frac{3\cos\left(3x\right)x^2-2\operatorname{\mathrm{sen}}\left(3x\right)x}{x^4}
7	27x^2-4x
7	\frac{6x}{3x^2+2}
7	\frac{3x^2\cdot(x+8)-x^3}{(x+8)^2}
7	2^{x}
7	\frac{24\ln\left(x\right)^3}{x}
7	3e^{x}\left(\cos\left(x\right)-\operatorname{\mathrm{sen}}\left(x\right)\right)
7	\frac{8}{\cos\left(x\right)\cos\left(x\right)}
7	12x^3+4
7	\frac{5e^{x}x^2-10xe^{x}}{x^4}
7	\frac{4\cos\left(x\right)x^2-8\operatorname{\mathrm{sen}}\left(x\right)x}{x^4}
7	21x^2\cdot\ln\left(x\right)+7x^3\cdot\frac{1}{x}
7	9x^2+8
7	x\ln\left(10\right)
7	2\ln\left(x\right)
7	10x^4-16x
7	\frac{4x^2\cos\left(x\right)-8x\operatorname{\mathrm{sen}}\left(x\right)}{x^4}
7	2xe^{9x}+9x^2e^{9x}
7	20x^3+6
7	32x^3\cdot\ln\left(x\right)+8x^4\cdot\frac{1}{x}
7	\frac{8e^{x}\cdot x-8e^{x}}{x^2}
7	15e^{3\operatorname{\mathrm{sen}}\left(x\right)}\cos\left(x\right)
7	\frac{-2}{(x+1)^2}
7	\frac{\left(x^2+14x\right)}{\left(x+7\right)^2}
7	\frac{3x^2\cdot(x+2)-x^3}{(x+2)^2}
7	-\frac{2}{(x+3)^2}
7	18x^2+3
7	-\frac{5\operatorname{\mathrm{sen}}\left(2\ln\left(x\right)\right)2}{x}
7	\frac{\left(1\right)}{\left(x+3\right)^2}
7	6e^{x}\left(\cos\left(x\right)-\operatorname{\mathrm{sen}}\left(x\right)\right)
7	4e^{x}\left(\operatorname{\mathrm{sen}}\left(x\right)+\cos\left(x\right)\right)
7	2e^{x}\cos\left(x\right)+2e^{x}\operatorname{\mathrm{sen}}\left(x\right)
7	(2x+1)e^{x^2+x}
7	\frac{(x^{-1}x-\ln\left(x\right))}{x^2}
7	24x^3-18x^2
7	\frac{(x+8)-(x+3)}{(x+8)^2}
7	-\frac{6}{x^{^2}}
7	\frac{3x^2\cos\left(x\right)-6x\operatorname{\mathrm{sen}}\left(x\right)}{x^4}
7	\frac{\left(1\right)}{\left(x+2\right)^2}
7	-\frac{4}{\sqrt{x}}
7	\frac{(4-4\ln\left(x\right))}{x^2}
7	-\frac{4\operatorname{\mathrm{sen}}\left(2\ln\left(x\right)\right)2}{x}
7	\frac{2x\cdot(x+5)-x^2}{(x+5)^2}
7	6\cos(x)
7	\frac{1}{x+7}-\frac{x+8}{\left(x+7\right)^2}
7	\frac{6}{(x+9)^2}
7	\frac{3e^{x}(x-1)}{x^2}
7	\frac{9x-18\ln\left(x\right)x}{x^4}
7	\frac{8e^{x}x^2-8e^{x}2x}{x^4}
7	\frac{14x}{7x^2+2}
7	24x^3e^{x}
7	45x^4+8
7	18x^2-10x
7	\frac{1}{x+3}-\frac{x+1}{\left(x+3\right)^2}
7	21x^2+5
7	(8x+2)e^{4x^2+2x}
7	24x^2+9
7	35x^4+2
7	\frac{2}{2x+9}
7	8x+3
7	\frac{1}{\cos^{2}(x)}
7	-6x^2
7	-2\operatorname{\mathrm{sen}}\left(4\ln\left(x\right)\right)\cdot\frac{4}{x}
7	15x^4+9
7	\frac{4}{x}\ln\left(x\right)^3
7	\frac{(3-3\ln\left(x\right))}{x^2}
7	14x+5
7	\frac{1}{x+1}-\frac{x+9}{\left(x+1\right)^2}
7	25x^4+5
7	\frac{(7\cos\left(x\right)x-7\operatorname{\mathrm{sen}}\left(x\right))}{x^2}
7	10x^4-8x
7	8x^3-18x^2
7	3x^2\cdot\ln\left(x\right)+x^2
7	4(4x^3\operatorname{\mathrm{sen}}\left(x\right)+x^4\cos\left(x\right))
7	16x^3\cdot\ln\left(x\right)+4x^4\cdot\frac{1}{x}
7	35x^4
7	\frac{9e^{x}}{x}-\frac{9e^{x}}{x^2}
7	\frac{4e^{x}x^2-8e^{x}x}{x^4}
7	\frac{5e^{x}x^3-15e^{x}x^2}{x^6}
7	\frac{(\cos\left(x\right)x^2-\operatorname{\mathrm{sen}}\left(x\right)2x)}{x^4}
7	e^{x}\cos\left(x\right)-\operatorname{\mathrm{sen}}\left(x\right)e^{x}
7	\frac{5}{\cos\left(x\right)\cos\left(x\right)}
7	18x^2-4x
7	\frac{(x+2)-(x+4)}{(x+2)^2}
7	12x+7
7	21x^2-10x
7	\frac{2\cos\left(x\right)}{x^2}-\frac{4\operatorname{\mathrm{sen}}\left(x\right)}{x^3}
7	\frac{4\cos\left(x\right)x^3-12x^2\operatorname{\mathrm{sen}}\left(x\right)}{x^6}
7	27x^2+5
7	-2\operatorname{\mathrm{sen}}\left(5\ln\left(x\right)\right)\cdot\frac{5}{x}
7	12x^3+5
7	40x^4+5
7	\frac{9\cos\left(x\right)}{x^2}-\frac{18\operatorname{\mathrm{sen}}\left(x\right)}{x^3}
7	\frac{(2x^3+12x^2)}{x^2+8x+16}
7	21x^2+2
7	16x^3-8x
7	32x^3+5
7	\frac{1}{6\sqrt{x}}
7	9e^x\sin(x) + 9e^x\cos(x)
7	\frac{1}{5\ln\left(x\right)}
7	\frac{5x^3\cos\left(x\right)-15x^2\operatorname{\mathrm{sen}}\left(x\right)}{x^6}
7	\frac{5}{x^4}-\frac{15\ln\left(x\right)}{x^4}
7	-\frac{2}{(x+7)^2}
7	7e^{x}\left(\operatorname{\mathrm{sen}}\left(x\right)+\cos\left(x\right)\right)
7	\frac{(x^2+12x)}{(x+6)^2}
7	6x\cdot\ln\left(x\right)+3x^2\cdot\frac{1}{x}
7	\frac{10x}{5x^2+9}
7	\frac{(x+3)-(x+8)}{(x+3)^2}
7	\frac{(7-7\ln\left(x\right))}{x^2}
7	\frac{2x\left(x+3\right)-x^2}{\left(x+3\right)^2}
7	18x^2+4
7	35x^4+9
7	\frac{1}{x+3}-\frac{x+8}{\left(x+3\right)^2}
7	32x^3-18x^2
7	12x^3\cdot e^{x}+3x^4\cdot e^{x}
7	\frac{(x+1)-(x+9)}{(x+1)^2}
7	\frac{7}{\cos\left(x\right)\cos\left(x\right)}
7	8x^3-27x^2
7	\frac{e^{x}(x-2)}{x^3}
7	\frac{x^2\cos\left(x\right)-2x\operatorname{\mathrm{sen}}\left(x\right)}{x^4}
7	\frac{\left(2x^3+21x^2\right)}{\left(x+7\right)^2}
7	21x^2-18x
7	\frac{3\cos\left(x\right)}{x^3}-\frac{9\operatorname{\mathrm{sen}}\left(x\right)}{x^4}
7	5e^x\cos(x) - 5e^x\sin(x)
7	3\cdot\frac{1}{2\sqrt{x}}
7	27x^2+7
7	\frac{5\cos\left(x\right)x^2-10\operatorname{\mathrm{sen}}\left(x\right)x}{x^4}
7	6x^2+4
7	\frac{5(\cos\left(x\right)x^3-\operatorname{\mathrm{sen}}\left(x\right)3x^2)}{x^6}
7	\frac{(x+3)-(x+1)}{(x+3)^2}
7	\frac{2x\cdot(x+3)-x^2}{(x+3)^2}
7	\frac{(x+9)-(x+5)}{(x+9)^2}
7	-\frac{4\operatorname{\mathrm{sen}}\left(5\ln\left(x\right)\right)5}{x}
7	\frac{3x^2\left(x+6\right)-x^3}{\left(x+6\right)^2}
7	x^{\frac{-1}{2}}
7	2e^{2x+2}
7	\frac{(\frac{1}{x}x-\ln\left(x\right)1)}{x^2}
7	\frac{9}{\cos^2\left(x\right)}
7	\frac{3\cos\left(x\right)}{x^2}-\frac{6\operatorname{\mathrm{sen}}\left(x\right)}{x^3}
7	\frac{-2}{(x+6)^2}
7	15x+e^{x}
7	\frac{3}{3x+6}
7	\frac{\left(-2x\right)}{\left(x+6\right)^{2}}
7	\frac{5}{\cos^2(x)}
7	\ln\left(3\right)
7	\frac{6(\cos\left(x\right)x^2-\operatorname{\mathrm{sen}}\left(x\right)2x)}{x^4}
7	14x+4
7	24x^2+6
7	\frac{6}{\cos\left(x\right)\cos\left(x\right)}
6	-\frac{5}{(x+4)^2}
6	25x^4-16x^3
6	\frac{20\ln\left(x\right)^3}{x}
6	15x^4-27x^2
6	e^{x}\operatorname{\mathrm{sen}}\left(x\right)+\cos\left(x\right)e^{x}
6	36x^3-10x
6	-\frac{7}{(x+1)^2}
6	10x^4-6x^2
6	\frac{2x\cdot(x+8)-x^2}{(x+8)^2}
6	\frac{1}{x+5}-\frac{x+3}{\left(x+5\right)^2}
6	\frac{\left(2x^3+15x^2\right)}{\left(x+5\right)^2}
6	\frac{2x}{x+8}-\frac{x^2}{(x+8)^2}
6	3e^{x}\cdot\operatorname{\mathrm{sen}}\left(x\right)+3e^{x}\cdot\cos\left(x\right)
6	8x^3-6x
6	(4x+4)e^{2x^2+4x}
6	15x^4-18x^2
6	e^{x^2+3x}(2x+3)
6	\frac{6e^{x}x^2-6e^{x}2x}{x^4}
6	4\cos(x) - 6\sin(x)
6	16x^3-27x^2
6	\frac{2x\cdot(x+6)-x^2}{(x+6)^2}
6	8x+4
6	\frac{9}{\cos^{2}(x)}
6	\frac{(e^{x}\cdot x-e^{x})}{x^2}
6	\ln\left(7\right)
6	\frac12x
6	3x^2e^{2x}+x^32e^{2x}
6	-\frac{3\operatorname{\mathrm{sen}}\left(2\ln\left(x\right)\right)2}{x}
6	30x^4-24x^2
6	3(4x^3\operatorname{\mathrm{sen}}\left(x\right)+x^4\cos\left(x\right))
6	\ln\left(2\right)
6	\frac{9}{9x+6}
6	\frac{1}{x+9}-\frac{x+8}{\left(x+9\right)^2}
6	20x^4-24x^2
6	10x\ln\left(10\right)
6	\frac{(2x^3+15x^2)}{(x+5)^2}
6	4\ln\left(x\right)^3\cdot\frac{1}{x}
6	12\operatorname{\mathrm{sen}}\left(x\right)^3\cos\left(x)\right.
6	9\cos(x)
6	40x^4-27x^2
6	30x^4+6
6	\frac{\frac{9}{x}x^3-9\ln\left(x\right)3x^2}{x^6}
6	8x^3-21x^2
6	4e^{2\operatorname{\mathrm{sen}}\left(x\right)}\cos\left(x\right)
6	\frac{2\cos\left(x\right)x^3-6x^2\operatorname{\mathrm{sen}}\left(x\right)}{x^6}
6	\frac{(x+7)-(x+5)}{(x+7)^2}
6	\frac{9\cos\left(x\right)x^3-27x^2\operatorname{\mathrm{sen}}\left(x\right)}{x^6}
6	\frac{16x}{8x^2+3}
6	4x^3\ln\left(x\right)+x^4\cdot\frac{1}{x}
6	27x^2-8x
6	\frac{8e^x(x-2)}{x^3}
6	\frac{(2x^3+3x^2)}{(x+1)^2}
6	\frac{5\cos\left(x\right)x^2-5\operatorname{\mathrm{sen}}\left(x\right)2x}{x^4}
6	27x^2-10x
6	\frac{10x}{5x^2+6}
6	9e^{3\operatorname{\mathrm{sen}}\left(x\right)}\cos\left(x\right)
6	3e^{3\operatorname{\mathrm{sen}}\left(x\right)}\cos\left(x\right)
6	18\operatorname{\mathrm{sen}}\left(x\right)^2\cos\left(x\right)
6	\frac{\left(2x^3+12x^2\right)}{\left(x+4\right)^2}
6	\frac{e^x(x-2)}{x^3}
6	e^{x}\left(\operatorname{\mathrm{sen}}\left(x\right)+\cos\left(x\right)\right)
6	14\operatorname{\mathrm{sen}}\left(x\right)\cos\left(x\right)
6	\frac{3}{x^2}-\frac{3\ln\left(x\right)}{x^2}
6	-\frac{2}{(x+6)^2}
6	\frac{(x+9)-(x+6)}{(x+9)^2}
6	\frac{18x}{9x^2+1}
6	\frac{9}{\cos\left(x\right)\cos\left(x\right)}
6	4e^{x}\cos x+4e^{x}\operatorname{-\mathrm{sen}}x
6	\frac{\cos\left(2x\right)2x^3-\operatorname{\mathrm{sen}}\left(2x\right)3x^2}{x^6}
6	-\frac{1}{(x+6)^2}
6	40x^4-6x^2
6	-\frac{6}{(x+1)^2}
6	16x+8
6	-\frac{6}{(x+2)^2}
6	6(2x\operatorname{\mathrm{sen}}\left(x\right)+x^2\cos\left(x\right))
6	\frac{(x+2)-(x+6)}{(x+2)^2}
6	\frac{x^2-3x^2\ln\left(x\right)}{x^6}
6	\frac{(e^{x}x^2-2xe^{x})}{x^4}
6	\frac{(2x(x+8)-x^2)}{(x+8)^2}
6	\frac{(4e^{x}x-4e^{x})}{x^2}
6	40x^4-21x^2
6	\frac{(2x(x+6)-x^2)}{(x+6)^2}
6	\frac{2}{2x+7}
6	\frac{(x^2+18x)}{x^2+18x+81}
6	e^{2x^2+2x}(4x+2)
6	\frac{1}{x+5}-\frac{x+8}{\left(x+5\right)^2}
6	\frac{9}{x^3}-\frac{18\ln\left(x\right)}{x^3}
6	-\frac{3\operatorname{\mathrm{sen}}\left(4\ln\left(x\right)\right)4}{x}
6	20x^4-18x^2
6	7e^{7x+8}
6	15x^2-4x
6	\frac{5e^{x}x^2-5e^{x}2x}{x^4}
6	-\frac{2}{\sqrt{x}}
6	15x^2+9
6	\frac{1}{x+8}-\frac{x+2}{\left(x+8\right)^2}
6	\frac{9\cos\left(x\right)x^2-18\operatorname{\mathrm{sen}}\left(x\right)x}{x^4}
6	25x^4-14x
6	(10x+3)e^{5x^2+3x}
6	8\cos\left(x\right)e^{4\operatorname{\mathrm{sen}}\left(x\right)}
6	7x^3e^{x}+21x^2e^{x}
6	6x^2+7
6	35x^4-21x^2
6	\frac{4}{-x^2}
6	\frac{8x}{4x^2+4}
6	\frac{(x+1)-(x+5)}{(x+1)^2}
6	e^{x}\cos\left(x\right)+e^{x}(-\operatorname{\mathrm{sen}}\left(x\right))
6	\sqrt{x}
6	18x+3
6	\frac{3}{x^4}-\frac{9\ln\left(x\right)}{x^4}
6	3x^2e^{3x}+x^33e^{3x}
6	8e^{4\operatorname{\mathrm{sen}}\left(x\right)}\cos\left(x\right)
6	20\operatorname{\mathrm{sen}}\left(x\right)^3\cos\left(x\right)
6	\frac{7e^{x}x^2-7e^{x}2x}{x^4}
6	\frac{3}{\cos\left(x\right)\cos\left(x\right)}
6	\frac{3x^2-3\ln\left(x\right)3x^2}{x^6}
6	18x+7
6	25x^4+4
6	\frac{(2\cos\left(x\right)x^2-4x\operatorname{\mathrm{sen}}\left(x\right))}{x^4}
6	-\frac{5}{(x+2)^2}
6	e^{x^2+8x}(2x+8)
6	2e^2
6	\frac{9}{x^2}-\frac{9\ln\left(x\right)}{x^2}
6	15x^2+6
6	24x^3+9
6	8e^x\cos(x) - 8e^x\sin(x)
6	\frac{x}{\sqrt{x^2+5}}
6	24x^2\ln\left(x\right)+\frac{8x^3}{x}
6	7e^{x}\left(\cos\left(x\right)-\operatorname{\mathrm{sen}}\left(x\right)\right)
6	\frac{6x^2\cos\left(x\right)-12x\operatorname{\mathrm{sen}}\left(x\right)}{x^4}
6	\frac{9}{9x+1}
6	\frac52\frac{1}{\sqrt{x}}
6	32x^3-8x
6	7(3x^2\operatorname{\mathrm{sen}}\left(x\right)+x^3\cos\left(x\right))
6	\frac{(3x^2(x+8)-x^3)}{(x+8)^2}
6	2x.e^{x}+x^2.e^{x}
6	\frac{1}{x+9}-\frac{x+3}{\left(x+9\right)^2}
6	36\operatorname{\mathrm{sen}}\left(x\right)^3\cos\left(x\right)
6	15x^2+3
6	\frac{8}{(x+1)^2}
6	-\frac{3}{2\sqrt{x}}
6	20x^3-6x
6	\frac{8\cos\left(x\right)x^3-24\operatorname{\mathrm{sen}}\left(x\right)x^2}{x^6}
6	9e^{x}\cdot\operatorname{\mathrm{sen}}\left(x\right)+9e^{x}\cdot\cos\left(x\right)
6	\frac{e^{x}x^2-2e^{x}x}{x^4}
6	\frac{1}{x+6}-\frac{x+3}{\left(x+6\right)^2}
6	\frac{2(1-\ln\left(x\right))}{x^2}
6	\frac{\frac{6}{x}x-6\ln\left(x\right)}{x^2}
6	\frac{9\cos\left(x\right)x^2-18x\operatorname{\mathrm{sen}}\left(x\right)}{x^4}
6	\frac{\frac{5}{x}x^2-5\ln\left(x\right)2x}{x^4}
6	\frac{1}{x+9}-\frac{x+5}{\left(x+9\right)^2}
6	\frac{-3}{(x+5)^2}
6	\frac{4x}{2x^2+4}
6	(8x+9)e^{4x^2+9x}
6	8x^3-4x
6	\frac{4\cos\left(x\right)}{x^3}-\frac{12\operatorname{\mathrm{sen}}\left(x\right)}{x^4}
6	\frac{7x-14\ln\left(x\right)x}{x^4}
6	\frac{4x^2-12\ln\left(x\right)x^2}{x^6}
6	\frac{9(\cos\left(x\right)x^2-\operatorname{\mathrm{sen}}\left(x\right)2x)}{x^4}
6	\frac{2e^{x}x^3-6x^2e^{x}}{x^6}
6	4(x^3+3)^33x^2
6	4e^{x}\left(\cos\left(x\right)-\operatorname{\mathrm{sen}}\left(x\right)\right)
6	7\cos(x)
6	10xe^{x}
6	\frac{4e^{x}}{x^2}-\frac{8e^{x}}{x^3}
6	\frac{8e^{x}x^3-24x^2e^{x}}{x^6}
6	\frac{-3}{(x+1)^2}
6	\frac{1}{x+9}-\frac{x+4}{\left(x+9\right)^2}
6	\frac{7}{\cos^2(x)}
6	\frac{4e^{x}(x-1)}{x^2}
6	\frac{(2x^3+24x^2)}{(x+8)^2}
6	3\cos(x) - 5\sin(x)
6	x2^{x-1}
6	\frac{2}{(\cos\left(x\right))^2}
6	\frac{2}{x^3}-\frac{4\ln\left(x\right)}{x^3}
6	24x^3-9x^2
6	\frac{9(x^2-3x^2\ln\left(x\right))}{x^6}
6	3x^2e^{8x}+8x^3e^{8x}
6	15x^4+4
6	6^{x}\ln\left(x\right)
6	(6x+8)e^{3x^2+8x}
6	4x\cdot\ln\left(x\right)+2x^2\cdot\frac{1}{x}
6	9\operatorname{\mathrm{sen}}\left(x\right)^2\cos\left(x\right)
6	\frac{2}{2x+4}
6	\frac{6}{6x+9}
6	30\operatorname{\mathrm{sen}}\left(x\right)^4\cos\left(x\right)
6	24x^2-12x
6	8x^3+7
6	\frac{(2x^3+18x^2)}{x^2+12x+36}
6	7\left(e^{x}sen\left(x\right)+e^{x}\cos\left(x\right)\right)
6	\frac{6x-12x\ln\left(x\right)}{x^4}
6	\frac{3\cos\left(3x\right)x^2-\operatorname{\mathrm{sen}}\left(3x\right)2x}{x^4}
6	\frac{8\cos\left(x\right)x^3-8\operatorname{\mathrm{sen}}\left(x\right)3x^2}{x^6}
6	9e^{x}\left(\cos\left(x\right)-\operatorname{\mathrm{sen}}\left(x\right)\right)
6	2e^{x}\left(\cos\left(x\right)-\operatorname{\mathrm{sen}}\left(x\right)\right)
6	-\frac{3}{\sqrt{x}}
6	-\frac{8}{(x+1)^2}
6	32x^3-16x
6	12\operatorname{\mathrm{sen}}\left(x\right)^2\cos\left(x\right)
6	-4\operatorname{\mathrm{sen}}\left(5\ln\left(x\right)\right)\cdot\frac{5}{x}
6	\frac{4(e^{x}x-e^{x})}{x^2}
6	\frac{6\cos\left(x\right)x^2-12x\operatorname{\mathrm{sen}}\left(x\right)}{x^4}
6	24x^2-14x
6	\frac{\frac{2}{x}x^2-2\ln\left(x\right)2x}{x^4}
6	\frac{8\cos\left(x\right)}{x}-\frac{8\operatorname{\mathrm{sen}}\left(x\right)}{x^2}
6	\frac{10x}{5x^2+8}
6	28x^3-24x^2
6	\frac{(x^2+16x)}{x^2+16x+64}
6	6e^{6x+5}
6	\frac{8}{8x+1}
6	28x^3\ln\left(x\right)+\frac{7x^4}{x}
6	\frac{3x^2}{x+3}-\frac{x^3}{(x+3)^2}
6	10x^4-9x^2
6	3e^x\cos(x) - 3e^x\sin(x)
6	8e^{8x+2}
6	12x^2-6x
6	4x^3e^{6x}+x^46e^{6x}
6	\frac{(x+7)-(x+2)}{(x+7)^2}
6	3^x\ln(3)
6	45x^4-4x
6	27x^2-14x
6	\frac{3\cos\left(x\right)x^3-9\operatorname{\mathrm{sen}}\left(x\right)x^2}{x^6}
6	3e^{4\operatorname{\mathrm{sen}}\left(x\right)}4\cos\left(x\right)
6	30x^4-12x^2
6	20x^4+5
6	\frac{(3x^2(x+9)-x^3)}{(x+9)^2}
6	\frac{18x}{9x^2+8}
6	6x+5
6	\frac{\cos\left(x\right)x^2-2\operatorname{\mathrm{sen}}\left(x\right)x}{x^4}
6	11
6	\frac{6x}{3x^2+7}
6	4x^3e^{4x}+x^44e^{4x}
6	\frac{5\cos\left(x\right)}{x^3}-\frac{15\operatorname{\mathrm{sen}}\left(x\right)}{x^4}
6	8\cos\left(x\right)e^{2\operatorname{\mathrm{sen}}\left(x\right)}
6	 \frac{\left(5\right)}{\left(x+8\right)^2} 
6	10x^4+6
6	12x^3\cdot\ln\left(x\right)+3x^4\cdot\frac{1}{x}
6	\frac{(8e^{x}x-8e^{x})}{x^2}
6	-3\operatorname{\mathrm{sen}}\left(2\ln\left(x\right)\right)\cdot\frac{2}{x}
6	\frac{7e^{x}\left(x-1\right)}{x^2}
6	25\cos\left(x\right)e^{5\operatorname{\mathrm{sen}}\left(x\right)}
6	40x^4-10x
6	e^{x}\cdot\operatorname{\mathrm{sen}}\left(x\right)+e^{x}\cdot\cos\left(x\right)
6	\frac{4}{x^4}-\frac{12\ln\left(x\right)}{x^4}
6	20x^3-8x
6	\frac{6x}{3x^2+3}
6	30x^4+9
6	21\operatorname{\mathrm{sen}}\left(x\right)^2\cos\left(x\right)
6	2x^{\frac{-1}{2}}
6	\frac{16x}{8x^2+9}
6	\frac{3x^2-9x^2\ln\left(x\right)}{x^6}
6	\frac{7}{x^4}-\frac{21\ln\left(x\right)}{x^4}
6	-\frac{2\operatorname{\mathrm{sen}}\left(4\ln\left(x\right)\right)4}{x}
6	\frac{9}{9x+8}
6	\frac{8\cos\left(8x\right)x^3-\operatorname{\mathrm{sen}}\left(8x\right)3x^2}{x^6}
6	\frac{\cos\left(6x\right)6x^2-\operatorname{\mathrm{sen}}\left(6x\right)2x}{x^4}
6	\frac{3\cos\left(x\right)x^3-9x^2\operatorname{\mathrm{sen}}\left(x\right)}{x^6}
6	\frac{3xe^{x}-3e^{x}}{x^2}
6	e^{x}\left(\cos\left(x\right)-\operatorname{\mathrm{sen}}\left(x\right)\right)
6	25x^4+6
6	01
6	3(3x^2\operatorname{\mathrm{sen}}\left(x\right)+x^3\cos\left(x\right))
6	\frac{3}{\cos^{2}(x)}
6	40\operatorname{\mathrm{sen}}\left(x\right)^4\cos\left(x\right)
6	3\cos(x)
6	12x^3\operatorname{\mathrm{sen}}\left(x\right)+3x^4\operatorname{\mathrm{sen}}\left(x\right)
6	36x^3-6x^2
6	\frac{8}{8x+9}
6	\frac{(2x^3+9x^2)}{x^2+6x+9}
6	\frac{(x^2+14x)}{x^2+14x+49}
6	\frac{6x\cos\left(x\right)-6\operatorname{\mathrm{sen}}\left(x\right)}{x^2}
6	16\operatorname{\mathrm{sen}}\left(x\right)\cos\left(x\right)
6	\frac{8\cos\left(x\right)}{x^3}-\frac{24\operatorname{\mathrm{sen}}\left(x\right)}{x^4}
6	\frac{(x^2+14x)}{(x+7)^2}
6	e^{5\operatorname{\mathrm{sen}}\left(x\right)}\cdot5\cos\left(x\right)
6	\frac{\ln\left(5\right)}{x}
6	8x^3-12x^2
6	\frac{(x^2+18x)}{(x+9)^2}
6	\frac{(5e^{x}x-5e^{x})}{x^2}
6	8x^3+9
6	\frac{2x^2-6\ln\left(x\right)x^2}{x^6}
6	\frac{1}{x+7}-\frac{x+5}{\left(x+7\right)^2}
6	15x^4+7
6	\frac{1}{18\sqrt{x}}
6	\frac{7x^3\cos\left(x\right)-21x^2\operatorname{\mathrm{sen}}\left(x\right)}{x^6}
6	2xe^{9x}+x^29e^{9x}
6	16x^3+3
6	\frac{8x}{4x^2+8}
6	\frac{1}{x+2}-\frac{x+6}{\left(x+2\right)^2}
6	15x^4+5
6	\frac{2x}{x+2}-\frac{x^2}{(x+2)^2}
6	\frac{6}{6x+1}
6	\frac{(x+6)-(x+4)}{(x+6)^2}
6	\frac{4}{x^3}-\frac{8\ln\left(x\right)}{x^3}
6	\frac{8x}{4x^2+2}
6	20e^{4\operatorname{\mathrm{sen}}\left(x\right)}\cos\left(x\right)
6	x^2
6	\frac{3x-6\ln\left(x\right)x}{x^4}
6	-\frac{4\operatorname{\mathrm{sen}}\left(3\ln\left(x\right)\right)3}{x}
6	-\frac{1}{\sqrt{x}}
6	2e^{2\operatorname{\mathrm{sen}}\left(x\right)}\cos\left(x\right)
6	\frac{6(x-2x\ln\left(x\right))}{x^4}
6	18x^2-18x
6	8x^3+6
6	-\operatorname{sen}(x)
6	\frac{\cos\left(7x\right)7x-\operatorname{\mathrm{sen}}\left(7x\right)}{x^2}
6	\frac{4x}{2x^2+5}
6	4x+3
6	8\operatorname{\mathrm{sen}}\left(x\right)^3\cos\left(x\right)
6	9\operatorname{\mathrm{sen}}\left(x\right)
6	\frac{9\cos\left(9x\right)x^2-\operatorname{\mathrm{sen}}\left(9x\right)2x}{x^4}
6	28x^3+3
6	9x^2-16x
6	4x+7
6	\frac{(x+9)-(x+8)}{(x+9)^2}
6	45x^4+7
6	\frac{2x^2-6x^2\ln\left(x\right)}{x^6}
6	4x^3e^{x}
6	\frac{7x-14x\ln\left(x\right)}{x^4}
6	18x^2e^{x}
6	9x^2+4
6	\frac{6}{(\cos\left(x\right))^2}
6	18x^2+2
6	\frac{9e^{x}x^3-9e^{x}3x^2}{x^6}
6	\frac{4\cos\left(4x\right)x-\operatorname{\mathrm{sen}}\left(4x\right)}{x^2}
6	2\cdot x
6	15x^2-6x
6	x2
6	28x^3e^{x}
6	35x^4+7
5	x3^{x-1}
5	12x^2-16x
5	9x^2-4x
5	\frac{20x^3}{x}
5	\frac{\cos\left(5x\right)5x^3-\operatorname{\mathrm{sen}}\left(5x\right)3x^2}{x^6}
5	\frac{(2x^3+15x^2)}{x^2+10x+25}
5	4^{x}\ln(4)
5	3x^2e^{7x}+x^37e^{7x}
5	24x^3+6
5	\frac{9x\cos\left(x\right)-9\operatorname{\mathrm{sen}}\left(x\right)}{x^2}
5	e^{3x^2+5x}\cdot(6x+5)
5	3(x^2+5)^22x
5	(x)
5	-\frac{5}{(x+1)^2}
5	\frac{3\cos\left(3x\right)x-\operatorname{\mathrm{sen}}\left(3x\right)}{x^2}
5	\frac{4}{4x+6}
5	(10x+1)e^{5x^2+x}
5	5x\ln\left(5\right)
5	35x^4-6x
5	\frac{4\cos\left(x\right)x^2-8x\operatorname{\mathrm{sen}}\left(x\right)}{x^4}
5	\frac{14x}{7x^2+6}
5	20x^3-18x
5	\frac{2(\cos\left(x\right)x^2-\operatorname{\mathrm{sen}}\left(x\right)2x)}{x^4}
5	\frac{8\ln\left(x\right)^3}{x}
5	\frac{1}{x+4}-\frac{x+1}{\left(x+4\right)^2}
5	\frac{\frac{7}{x}\cdot x^3-7\ln\left(x\cdot3x^2\right)}{x^{6}}
5	14x+7
5	15x^2+5
5	\frac{x^2-3\ln\left(x\right)x^2}{x^6}
5	4\ln\left(x\right)
5	12x^3+3
5	4(2x\cdot\operatorname{\mathrm{sen}}\left(x\right)+x^2\cdot\cos\left(x)\right)
5	\frac{2x}{x+4}-\frac{x^2}{(x+4)^2}
5	\frac{1}{x+9}-\frac{x+1}{\left(x+9\right)^2}
5	\frac{7(\cos\left(x\right)x^2-2x\operatorname{\mathrm{sen}}\left(x\right))}{x^4}
5	3(x^3+5)^23x^2
5	\frac{(3x^2(x+7)-x^3)}{(x+7)^2}
5	10x^4+3
5	\frac{\cos\left(9x\right)9x^2-\operatorname{\mathrm{sen}}\left(9x\right)2x}{x^4}
5	7(4x^3\ln\left(x\right)+x^3)
5	\frac{1}{x+7}-\frac{x+3}{\left(x+7\right)^2}
5	8x^3-9x^2
5	\frac{(x-1)}{x^2}
5	\frac{e^{x}(x-3)}{x^4}
5	\frac{-2}{\left(x+3\right)^2}
5	\frac{9(\cos\left(x\right)x^3-\operatorname{\mathrm{sen}}\left(x\right)3x^2)}{x^6}
5	\frac{2e^{x}x^2-4e^{x}x}{x^4}
5	2xe^{3x}+x^23e^{3x}
5	\frac{2x^2e^{x}-4xe^{x}}{x^4}
5	4x^2
5	\frac{14x}{7x^2+8}
5	6(3x^2\operatorname{\mathrm{sen}}\left(x\right)+x^3\cos\left(x\right))
5	\frac{(7e^{x}x^3-21x^2e^{x})}{x^6}
5	\frac{e^{x}x^3-3e^{x}x^2}{(x^3)^2}
5	\frac{10x}{5x^2+5}
5	25\operatorname{\mathrm{sen}}\left(x\right)^4\cos\left(x\right)
5	9e^{9x+8}
5	\frac{9\cos\left(x\right)x^3-27\operatorname{\mathrm{sen}}\left(x\right)x^2}{x^6}
5	-\frac{5}{(x+3)^2}
5	9x^2+6
5	\frac{2x\cdot(x+2)-x^2}{(x+2)^2}
5	\frac{6x}{3x^2+5}
5	2\cos(x) - 3\sin(x)
5	\frac{8(\cos\left(x\right)x^2-2x\operatorname{\mathrm{sen}}\left(x\right))}{x^4}
5	3(x^2+6)^2\cdot2x
5	27x^2e^{x}
5	12x^3-9x^2
5	10x^4-27x^2
5	\frac{5\cos\left(5x\right)x^3-3\operatorname{\mathrm{sen}}\left(5x\right)x^2}{x^6}
5	16x+3
5	4(x^2+4)^32x
5	\frac{1}{x+1}-\frac{x+6}{\left(x+1\right)^2}
5	\frac{18\ln\left(x\right)^2}{x}
5	\frac{8e^{x}(x^3-3x^2)}{x^6}
5	\frac{1}{2\ln\left(x\right)}
5	\frac{6x-12\ln\left(x\right)x}{x^4}
5	-\frac{4}{(x+3)^2}
5	\frac{(x+5)-(x+6)}{(x+5)^2}
5	(x\ln\left(10\right))^{-1}
5	24x^2+2
5	15x^2-16x
5	6x^2+5
5	15\operatorname{\mathrm{sen}}\left(x\right)^2\cos\left(x\right)
5	16x^3-18x^2
5	e^{3x^2+9x}(6x+9)
5	\frac{14x}{2\sqrt{7x^2+6}}
5	\frac{(x^2+4x)}{(x+2)^2}
5	35x^4-24x^2
5	9x^2+9
5	\frac{6}{x^2}-\frac{6\ln\left(x\right)}{x^2}
5	28x^3+4
5	3x^2\cdot\operatorname{\mathrm{sen}}\left(x\right)+x^3\cdot\cos\left(x\right)
5	4x^3e^{3x}+x^43e^{3x}
5	2(x^3+9)3x^2
5	\frac{1}{x+3}-\frac{x+2}{\left(x+3\right)^2}
5	\frac{(x+2)-(x+7)}{(x+2)^2}
5	4X
5	\frac{3}{-x^2}
5	\frac{4}{\cos\left(x\right)\cos\left(x\right)}
5	\frac{8}{8x+4}
5	-\frac{x}{x^2}
5	e^{2x^2+9x}(4x+9)
5	\frac{(2x-4x\ln\left(x\right))}{x^4}
5	\frac{(x+6)-(x+1)}{(x+6)^2}
5	 4x^3\sin\left(x\right) + x^4\cos\left(x\right) 
5	28x^3-9x^2
5	-\frac{2}{x}
5	16e^{4\operatorname{\mathrm{sen}}\left(x\right)}\cos\left(x\right)
5	10x^4-4x
5	\frac{2x\cdot(x+7)-x^2}{(x+7)^2}
5	\frac{4e^{x}x^2-8xe^{x}}{x^4}
5	3e^{3\operatorname{\mathrm{sen}}\left(x\right)}3\cos\left(x\right)
5	18x^2-16x
5	2(x^3+4)3x^2
5	16x+4
5	e^{5x^2+8x}(10x+8)
5	2\cos(x)
5	9(2x\operatorname{\mathrm{sen}}\left(x\right)+x^2\cos\left(x\right))
5	27x^2\cdot\ln\left(x\right)+9x^3\cdot\frac{1}{x}
5	\frac{(3x^2(x+2)-x^3)}{(x+2)^2}
5	\frac{\cos\left(9x\right)9x^3-\operatorname{\mathrm{sen}}\left(9x\right)3x^2}{x^6}
5	-2\operatorname{\mathrm{sen}}\left(3\ln\left(x\right)\right)\cdot\frac{3}{x}
5	\frac{-4}{\left(x+3\right)^2}
5	9(3x^2\operatorname{\mathrm{sen}}\left(x\right)+x^3\cos\left(x\right))
5	\frac{1}{x+8}-\frac{x+1}{\left(x+8\right)^2}
5	8x+8
5	4x(x^2+2)
5	7(4x^3\operatorname{\mathrm{sen}}\left(x\right)+x^4\cos\left(x\right))
5	\frac{8e^{x}\cdot x^2-8e^{x}\cdot2x}{x^4}
5	\frac{e^{x}(2-x)}{x^3}
5	\frac{2(x^2-3x^2\ln\left(x\right))}{x^6}
5	\frac{\cos\left(7x\right)7x^2-\operatorname{\mathrm{sen}}\left(7x\right)2x}{x^4}
5	\frac{7\cos\left(7x\right)x^3-3\operatorname{\mathrm{sen}}\left(7x\right)x^2}{x^6}
5	\frac{8x-8\ln\left(x\right)2x}{x^4}
5	15x^4-24x^3
5	\frac{4e^x(x-1)}{x^2}
5	16x^3e^{x}
5	20\cos\left(x\right)e^{5\operatorname{\mathrm{sen}}\left(x\right)}
5	\frac{5}{x^3}-\frac{10\ln\left(x\right)}{x^3}
5	\frac{(x^2+4x)}{x^2+4x+4}
5	-\frac{1}{(x+8)^2}
5	32x^3-6x
5	4\cos(x)
5	20x^3-10x
5	7\left(e^{x}\operatorname{\mathrm{sen}}x+e^{x}\cos x\right)
5	4x^3e^{5x}+x^45e^{5x}
5	-4x^3
5	\frac{2e^{x}x^3-6e^{x}x^2}{x^6}
5	\frac{9}{(\cos\left(x\right))^2}
5	15x^4-12x^2
5	21x^2+9
5	\frac{(x-2x\ln\left(x\right))}{x^4}
5	\frac{18x}{9x^2+2}
5	32x^3-10x
5	\frac{\frac{7}{x}x^3-7\ln\left(x\right)3x^2}{x^6}
5	5e^{5x+8}
5	16x\cdot\ln\left(x\right)+8x^2\cdot\frac{1}{x}
5	20x^3-9x^2
5	20x^3-12x
5	\frac{(2x^3+27x^2)}{(x+9)^2}
5	16x^3\cdot e^{x}+4x^4\cdot e^{x}
5	3\cos\left(3x+3\right)
5	30x^4+7
5	32x^3+4
5	\frac{e^{x}x^3-e^{x}3x^2}{(x^3)^2}
5	\frac{-1}{(x+5)^2}
5	xe^{x}
5	9x+6
5	9(x^3+5)^2x^2
5	-x
5	e^{4x^2+2x}(8x+2)
5	\frac{2x\cdot(x+4)-x^2}{(x+4)^2}
5	\frac{8(x-\ln\left(x\right)2x)}{x^4}
5	20x^3-18x^2
5	x5^{x-1}
5	9e^x\cos(x) - 9e^x\sin(x)
5	2e^{x}(\cos(x)-\sin(x))
5	(6x+9)e^{3x^2+9x}
5	\frac{\frac{4}{x}x^3-4\ln\left(x\right)3x^2}{x^6}
5	2(x^3+1)3x^2
5	\frac{5-\ln\left(x\right)5x}{x^2}
5	3x^2e^{x}+6xe^{x}
5	\frac{6x}{3x^2+1}
5	\frac{3x^2\cdot(x+3)-x^3}{(x+3)^2}
5	28x^3\cdot\ln\left(x\right)+7x^4\cdot\frac{1}{x}
5	\frac{5\cos\left(5x\right)x-\operatorname{\mathrm{sen}}\left(5x\right)}{x^2}
5	40x^4+7
5	\frac{1}{10\sqrt{x}}
5	\frac{3e^{x}x^3-9x^2e^{x}}{x^6}
5	9(4x^3\operatorname{\mathrm{sen}}\left(x\right)+x^4\cos\left(x\right))
5	3e^{3x+4}
5	\frac{2x\cos\left(x\right)-2\operatorname{\mathrm{sen}}\left(x\right)}{x^2}
5	\frac{e^{x}x^3-3e^{x}x^2}{x^6}
5	2^{x}\cdot\ln2
5	14x+9
5	28x^3-6x^2
5	\frac{(x+9)-(x+4)}{(x+9)^2}
5	10e^{5\operatorname{\mathrm{sen}}\left(x\right)}\cos\left(x\right)
5	4e^{2\operatorname{\mathrm{sen}}\left(x\right)}2\cos\left(x\right)
5	\frac{\left(2x^3+3x^2\right)}{\left(x+1\right)^2}
5	\frac{3}{3x+8}
5	16x^3-18x
5	24x
5	\frac{3}{3\sqrt{x}}
5	2(3x^2\operatorname{\mathrm{sen}}\left(x\right)+x^3\cos\left(x\right))
5	\frac{9e^{x}(x-1)}{x^2}
5	15x^4-10x
5	-\frac{1}{(x+3)^2}
5	15x^4-8x^3
5	\frac{8}{8x+5}
5	8x^3+3
5	\frac{3}{3x+2}
5	-5\operatorname{\mathrm{sen}}\left(4\ln\left(x\right)\right)\cdot\frac{4}{x}
5	36x^3-18x
5	\frac{(5x^2-15x^2\ln\left(x\right))}{x^6}
5	\frac{9e^x(x-3)}{x^4}
5	\frac{16x}{8x^2+2}
5	20x
5	20x^3-14x
5	12x^2+9
5	8x^3+5
5	\frac{1}{x+3}-\frac{x+6}{\left(x+3\right)^2}
5	\frac{3}{(\cos\left(x\right))^2}
5	\frac{12x}{6x^2+5}
5	16x^3-12x^2
5	6e^{6x+2}
5	\frac{12x^3}{x}
5	\frac{(2x(x+1)-x^2)}{(x+1)^2}
5	28x^3-4x
5	\frac{\frac{3}{x}x-3\ln\left(x\right)}{x^2}
5	5e^{4\operatorname{\mathrm{sen}}\left(x\right)}4\cos\left(x\right)
5	e^x\cos(x) - e^x\sin(x)
5	\frac{1}{x+8}-\frac{x+9}{\left(x+8\right)^2}
5	\frac{4}{\cos^{2}(x)}
5	\frac{6(e^{x}x-e^{x})}{x^2}
5	2(2x\operatorname{\mathrm{sen}}\left(x\right)+x^2\cos\left(x\right))
5	32x^3+8
5	\frac{8x}{4x^2+5}
5	14x+6
5	\frac{9}{\cos^2(x)}
5	\frac{4x\cos\left(x\right)-4\operatorname{\mathrm{sen}}\left(x\right)}{x^2}
5	\frac{(\cos\left(x\right)x^3-3x^2\operatorname{\mathrm{sen}}\left(x\right))}{x^6}
5	\frac{1}{x+2}-\frac{x+7}{\left(x+2\right)^2}
5	5e^{x}(\sin(x)+\cos(x))
5	\frac{(2x^2-2\ln\left(x\right)3x^2)}{x^6}
5	\frac{6e^{x}}{x^3}-\frac{18e^{x}}{x^4}
5	\frac{-6}{(x+1)^2}
5	2e^{2x+7}
5	\frac{6xe^{x}-6e^{x}}{x^2}
5	36x^3-14x
5	\frac32x
5	\frac{1}{x+9}-\frac{x+7}{\left(x+9\right)^2}
5	-\frac{3}{(x+2)^2}
5	4(2x\operatorname{\mathrm{sen}}\left(x\right)+x^2\cos\left(x\right))
5	35x^4-27x^2
5	18x+e^{x}
5	\frac{-4}{(x+5)^2}
5	\frac{(3x^2(x+4)-x^3)}{(x+4)^2}
5	25x^4-8x^3
5	2e^{2x+9}
5	7e^x\cos(x) - 7e^x\sin(x)
5	24x^2+4
5	\frac{6e^x(x-1)}{x^2}
5	\frac{9}{9x+2}
5	\frac{3}{\cos^2(x)}
5	32x^3-4x^2
5	\frac{1}{x+7}-\frac{x+1}{\left(x+7\right)^2}
5	e^{x^2+5x}(2x+5)
5	\frac{9xe^{x}-9e^{x}}{x^2}
5	\frac{2}{2x+5}
5	\frac{4(x-2x\ln\left(x\right))}{x^4}
5	\cdot
5	32x^3+9
5	\frac{2\cos\left(2x\right)x^2-\operatorname{\mathrm{sen}}\left(2x\right)2x}{x^4}
5	\frac{5}{5x+4}
5	-3\operatorname{\mathrm{sen}}\left(5\ln\left(x\right)\right)\cdot\frac{5}{x}
5	36x^3-6x
5	e^{3x^2+3x}(6x+3)
5	(8x+5)e^{4x^2+5x}
5	6e^{2\operatorname{\mathrm{sen}}\left(x\right)}\cos\left(x\right)
5	45x^4-28x^3
5	28x^3-21x^2
5	\frac{1}{x\cdot\ln5}
5	\frac{(x+5)-(x+9)}{(x+5)^2}
5	12x+3
5	30x^4-32x^3
5	9e^{9x+7}
5	\frac{\left(x^2+4x\right)}{\left(x+2\right)^2}
5	6e^x\sin(x) + 6e^x\cos(x)
5	15x^2+4
5	\frac{(\cos\left(x\right)x^2-2x\operatorname{\mathrm{sen}}\left(x\right))}{x^4}
5	(2x+7)e^{x^2+7x}
5	\frac{4}{4x+4}
5	8e^{x}\left(\cos\left(x\right)-\operatorname{\mathrm{sen}}\left(x\right)\right)
5	\frac{4}{4x+7}
5	4(x^3+1)^33x^2
5	\frac{2(e^{x}x^2-e^{x}2x)}{x^4}
5	\frac{-2}{\left(x+6\right)^2}
5	\frac{9}{9x+7}
5	\frac{18x}{9x^2+5}
5	-\frac{5}{2\sqrt{x}}
5	e^{4x^2+x}(8x+1)
5	\frac{-\operatorname{\mathrm{12}\mathrm{sen}}\left(3\ln\left(x\right)\right)}{3x}
5	7e^x\sin(x) + 7e^x\cos(x)
5	\frac{3}{3x+7}
5	20x^3-21x^2
5	\frac{24\ln\left(x\right)^2}{x}
5	\frac{5e^{x}\cdot x^2-5e^{x}\cdot2x}{x^4}
5	\frac{4x\cos\left(4x\right)-\operatorname{\mathrm{sen}}\left(4x\right)}{x^2}
5	4x\cdot e^{x}
5	\frac{4}{\sqrt4}
5	\frac{6x^2-18\ln\left(x\right)x^2}{x^6}
5	\frac{2e^{x}(x^2-2x)}{x^4}
5	4\left(\frac{e^{x}x-e^{x}}{x^2}\right)
5	32x^3-4x
5	\frac{4e^{x}x^2-4e^{x}2x}{x^4}
5	\frac{x}{x^2}
5	28x^3+5
5	\frac{4x^2-4\ln\left(x\right)3x^2}{x^6}
5	28\operatorname{\mathrm{sen}}\left(x\right)^3\cos\left(x\right)
5	\frac{7}{7x+1}
5	\frac{2\cos\left(x\right)x^2-4\operatorname{\mathrm{sen}}\left(x\right)x}{x^4}
5	\frac{(x+8)-(x+1)}{(x+8)^2}
5	9e^{x}(\sin(x)+\cos(x))
5	(2x+6)e^{x^2+6x}
5	\frac{1}{x+8}-\frac{x+6}{\left(x+8\right)^2}
5	4^{x}.\ln\left(4\right)
5	2xe^{2x}+x^22e^{2x}
5	\frac{(x+8)-(x+2)}{(x+8)^2}
5	\frac{6(e^{x}x^3-e^{x}3x^2)}{x^6}
5	25x^4+3
5	15x^4+6
5	\frac{10x}{2\sqrt{5x^2+1}}
5	\frac{8}{x^4}-\frac{24\ln\left(x\right)}{x^4}
5	40x^4-15x^2
5	4e^x\cos(x) - 4e^x\sin(x)
5	-3\operatorname{\mathrm{sen}}\left(4\ln\left(x\right)\right)\cdot\frac{4}{x}
5	8e^{8x+1}
5	\frac{3e^{x}x^3-9e^{x}x^2}{x^6}
5	\frac{18x}{2\sqrt{9x^2+8}}
5	\frac{\cos\left(x\right)\cdot x-\operatorname{\mathrm{sen}}\left(x\right)\cdot1}{x^2}
5	\frac{2x}{x+6}-\frac{x^2}{(x+6)^2}
5	\frac{(x^2+8x)}{(x+4)^2}
5	(x\ln\left(2\right))^{-1}
5	2(x^2+8)2x
5	\frac{5}{2\cdot\sqrt{x}}
5	12x^3+7
5	2e^{x}\left(\operatorname{\mathrm{sen}}\left(x\right)+\cos\left(x\right)\right)
5	x^2(3\ln\left(x\right)+1)
5	56
5	18x+8
5	e^{2\operatorname{\mathrm{sen}}\left(x\right)}2\cos\left(x\right)
5	5e^{5x+5}
5	\frac{9x}{\sqrt{9x^2+8}}
5	\frac{x-3}{x^2}
5	\frac{7(x^2-3x^2\ln\left(x\right))}{x^6}
5	10x^4-6x
5	24\operatorname{\mathrm{sen}}\left(x\right)^3\cos\left(x\right)
5	\frac{1}{x+5}-\frac{x+6}{\left(x+5\right)^2}
5	\frac{2x^2\cos\left(x\right)-4x\operatorname{\mathrm{sen}}\left(x\right)}{x^4}
5	2^{x}\ln(2)
5	5e^{x}\ln\left(5\right)
5	20\operatorname{\mathrm{sen}}\left(x\right)^4\cos\left(x\right)
5	32\operatorname{\mathrm{sen}}\left(x\right)^3\cos\left(x\right)
5	45x^4+9
5	\frac{\frac{8}{x}x^3-8\ln\left(x\right)3x^2}{x^6}
5	2\cdot-\operatorname{\mathrm{sen}}\left(x\right)
5	\frac{3x-6x\ln\left(x\right)}{x^4}
5	\frac{3}{3x+4}
5	-\frac{12\operatorname{\mathrm{sen}}\left(3\ln\left(x\right)\right)}{x}
5	e^{x^2+9x}(2x+9)
5	e^{x}\cos\left(x\right)+e^{x}-\operatorname{\mathrm{sen}}\left(x\right)
5	4x^3e^{8x}+x^48e^{8x}
5	\frac{4x-8\ln\left(x\right)x}{x^4}
5	\frac{9e^{x}}{x^3}-\frac{27e^{x}}{x^4}
5	\frac{\cos\left(8x\right)\cdot8\cdot x^3-\operatorname{\mathrm{sen}}\left(8x\right)\cdot3x^2}{x^6}
5	d
5	27x^2+3
5	\frac{1}{x+2}-\frac{x+8}{\left(x+2\right)^2}
5	8e^{x}(\sin(x)+\cos(x))
5	45x^4+2
5	e^{x}+8e^{x}
5	\frac{7e^{x}\cdot x-7e^{x}}{x^2}
5	3\cdot\frac{1}{\sqrt{x}}
5	10\ln\left(x\right)
5	32x^3-24x^2
5	\frac{4e^{x}x^3-12e^{x}x^2}{x^6}
5	24x^3+3
5	\frac{1}{\ln\left(3\right)}
5	3e^x\sin(x) + 3e^x\cos(x)
5	6x^2-10x
5	16x^3-4x
5	10x+8
5	\frac{4(\cos\left(x\right)x-\operatorname{\mathrm{sen}}\left(x\right))}{x^2}
5	4\operatorname{\mathrm{sen}}^3\left(x\right)\cos\left(x\right)
5	\frac{e^{x}(x-1)}{x^2}
5	25x^4+9
5	\frac{5(x^2-3x^2\ln\left(x\right))}{x^6}
5	2X
5	\frac{\frac{5}{x}x^3-5\ln\left(x\right)3x^2}{x^6}
5	\frac{9e^{x}x^2-18xe^{x}}{x^4}
5	\frac{8e^{x}x^3-24e^{x}x^2}{x^6}
5	\frac{3x^2}{x+5}-\frac{x^3}{(x+5)^2}
5	\frac{(x^2+2x)}{x^2+2x+1}
5	\frac{2e^{x}x^2-4xe^{x}}{x^4}
5	3(x^3+6)^23x^2
5	18xe^{x}
5	\frac{16x}{8x^2+1}
5	\frac{(x^2+6x)}{(x+3)^2}
5	\frac{(x+8)-(x+9)}{(x+8)^2}
5	\frac{8e^{x}}{x^2}-\frac{16e^{x}}{x^3}
5	8\cos(x)
5	e^{9x+1}\cdot9
5	4(x^3+7)^33x^2
5	8x^3-8x
5	30x^4-18x
5	\frac{(x+2)-(x+5)}{(x+2)^2}
5	\frac{8\cos\left(8x\right)x^2-\operatorname{\mathrm{sen}}\left(8x\right)2x}{x^4}
5	\frac{\cos\left(3x\right)3x-\operatorname{\mathrm{sen}}\left(3x\right)}{x^2}
5	\frac{9e^{x}\cdot x^2-9e^{x}\cdot2x}{x^4}
5	\frac{1}{x+2}-\frac{x+4}{\left(x+2\right)^2}
5	\frac{7}{7x+5}
5	5^{x}\cdot\ln5
5	e^{4\operatorname{\mathrm{sen}}\left(x\right)}4\cos\left(x\right)
5	6^{x}\ln6
5	8e^{x}\cdot\cos\left(x\right)+8e^{x}\cdot-\operatorname{\mathrm{sen}}\left(x\right)
5	15\cos\left(x\right)e^{3\operatorname{\mathrm{sen}}\left(x\right)}
5	\frac{7(\cos\left(x\right)x-\operatorname{\mathrm{sen}}\left(x\right))}{x^2}
5	\frac{-1}{(x+3)^2}
5	(8x+8)e^{4x^2+8x}
5	\frac{(x^2+10x)}{(x+5)^2}
5	3^{x}\cdot\ln3
4	3e^{x}\operatorname{\cos}\left(x)-\right.\operatorname{3e^{x}\mathrm{sen}}\left(x\right)
4	12\ln\left(x\right)\cdot\frac{1}{x}
4	\frac{5e^{x}}{x^4}(x^2-2x)
4	\frac{8}{x}\ln\left(x\right)^3
4	\frac{7x}{\sqrt{7x^2+6}}
4	\frac{15x^2}{x}
4	10x^4-16x^3
4	4e^{4x+5}
4	\frac{1}{x}\ln\left(2\right)
4	2e^{4\operatorname{\mathrm{sen}}\left(x\right)}\cdot4\cos\left(x\right)
4	(6x+3)e^{3x^2+3x}
4	5\cos(x) - 5\sin(x)
4	e^{x}(\sin(x)+\cos(x))
4	4e^{5\operatorname{\mathrm{sen}}\left(x\right)}5\cos\left(x\right)
4	3e^{5\operatorname{\mathrm{sen}}\left(x\right)}\cdot5\cos\left(x\right)
4	6x^2\cdot\ln\left(x\right)+2x^2
4	15x^4-28x^3
4	\frac{7(e^{x}x^2-e^{x}2x)}{x^4}
4	2e^{2x+8}
4	\frac{7}{7x+3}
4	40x^4+6
4	7^{x}\ln(7)
4	\frac{9e^{x}x^3-27e^{x}x^2}{x^6}
4	2-\operatorname{\mathrm{sen}}\left(x\right)
4	25x^4-18x^2
4	\frac{\left(x+6\right)-\left(x+2\right)}{\left(x+6\right)^2}
4	\frac{16x}{8x^2+4}
4	\frac{6e^{x}\cdot x-6e^{x}}{x^2}
4	\frac{2\cos\left(x\right)x^2-4x\operatorname{\mathrm{sen}}\left(x\right)}{x^4}
4	35x^4-16x^3
4	\frac{3x^2}{x+1}-\frac{x^3}{(x+1)^2}
4	\frac{1}{x+6}-\frac{x+9}{\left(x+6\right)^2}
4	35\operatorname{\mathrm{sen}}\left(x\right)^4\cos\left(x\right)
4	7e^{x}\left(\operatorname{\mathrm{sen}}x-\cos x\right)
4	-\frac{4\cdot x}{x^2}
4	\frac{3e^{x}\cdot x-3e^{x}}{x^2}
4	20x^4-24x^3
4	\frac{2e^{x}\cdot x-2e^{x}}{x^2}
4	\frac{8x^2\cos\left(x\right)-16x\operatorname{\mathrm{sen}}\left(x\right)}{x^4}
4	20x^4-15x^2
4	20x^3-4x
4	\frac{(8-8\ln\left(x\right))}{x^2}
4	12e^{4\operatorname{\mathrm{sen}}\left(x\right)}\cos\left(x\right)
4	3x^2e^{x}+e^{x}x^3
4	10\cos\left(x\right)e^{2\operatorname{\mathrm{sen}}\left(x\right)}
4	\frac{18x}{9x^2+4}
4	\frac{-3}{\left(x+6\right)^2}
4	2^{x}+\ln\left(2\right)
4	e^{5x^2+6x}(10x+6)
4	-\frac{2}{(x+1)^2}
4	4\cdot x^3
4	\cos\left(3x+3\right)3
4	8x^3\ln\left(x\right)+2x^4\cdot\frac{1}{x}
4	-5\operatorname{sen}(x)
4	4e^x\sin(x) + 4e^x\cos(x)
4	\frac{1}{x+3}-\frac{x+7}{\left(x+3\right)^2}
4	-\frac{7}{(x+2)^2}
4	28x^3\ln\left(x\right)+7x^4\cdot\frac{1}{x}
4	3e^{x}\cos\left(x\right)+\operatorname{3e^{x}(-\mathrm{sen}}\left(x\right))
4	\frac{4\cos\left(4x\right)}{x}-\frac{\operatorname{\mathrm{sen}}\left(4x\right)}{x^2}
4	\frac{8\cos\left(8x\right)}{x^3}-\frac{3\operatorname{\mathrm{sen}}\left(8x\right)}{x^4}
4	\frac{12x}{6x^2+7}
4	-\operatorname{\mathrm{sen}}\left(8x+3\right)8
4	\frac{1}{x+4}-\frac{x+6}{\left(x+4\right)^2}
4	4x(x^2+7)
4	\frac{6\cos\left(x\right)\cdot x^2-6\operatorname{\mathrm{sen}}\left(x\right)\cdot2x}{x^4}
4	\frac{5\cos\left(x\right)\cdot x-5\operatorname{\mathrm{sen}}\left(x\right)}{x^2}
4	8x\cdot e^{x}
4	8x\ln\left(x\right)+4x^{}
4	\frac72\frac{1}{\sqrt{x}}
4	\frac{10x}{2\sqrt{5x^2+3}}
4	\frac{2e^{x}\cdot x^3-2e^{x}\cdot3x^2}{x^6}
4	-\frac{1}{(x+1)^2}
4	\frac{9x^2}{x}
4	\frac{3e^x(x-3)}{x^4}
4	-\operatorname{7\mathrm{sen}}\left(7x+4\right)
4	7(e^{x}\operatorname{\mathrm{sen}}\left(x\right)+e^{x}\cos\left(x\right))
4	12\ln\left(x\right)^2\cdot\frac{1}{x}
4	3x^2\sin(x) + x^3\cos(x)
4	12x+e^{x}^{^{}}
4	28x^3-8x
4	2\cdot\ln\left(2\right)
4	\frac{4}{4x+3}
4	\frac{7(x-2x\ln\left(x\right))}{x^4}
4	24\,\mathrm{sen}^2(x)\cos(x)
4	\frac{8}{(\cos\left(x\right))^2}
4	6-\operatorname{\mathrm{sen}}\left(x\right)
4	\frac{-5}{\left(x+1\right)^2}
4	\frac{x\cos\left(x\right)\operatorname{-\mathrm{sen}}\left(x\right)}{x^2}
4	24\operatorname{\mathrm{sen}}\left(x\right)^2\cos\left(x\right)
4	\frac{7}{7x+2}
4	5e^{x}\cdot\operatorname{\mathrm{sen}}\left(x\right)+5e^{x}\cdot\cos\left(x\right)
4	4(x^3+8)^33x^2
4	\frac51
4	18x^2-14x
4	\frac{2x^3 + 12x^2}{(x+4)^2}
4	4x\operatorname{\mathrm{sen}}\left(x\right)-2x^2\cos\left(x\right)
4	\frac{\cos\left(x\right)\cdot x^3-\operatorname{\mathrm{sen}}\left(x\right)\cdot3x^2}{x^6}
4	4e^{x}(\sin(x)+\cos(x))
4	25x^4-15x^2
4	152)2
4	2^{x}\cdot\ln\left(x\right)
4	(4x+2)e^{2x^2+2x}
4	16x^3-6x^2
4	\frac{14x}{7x^2+1}
4	2xe^{5x}+x^25e^{5x}
4	6\left(2x\operatorname{\mathrm{sen}}\left(x\right)+x^2\cos\left(x\right)\right)
4	\frac{(\cos\left(x\right)x-\operatorname{\mathrm{sen}}\left(x\right))}{(\operatorname{x\mathrm{}^{}})^2}
4	\frac{4e^{x}\cdot x^3-4e^{x}\cdot3x^2}{x^6}
4	\frac{-3}{(x+3)^2}
4	\frac{5}{\cos^{2}(x)}
4	(x\ln\left(3\right))^{-1}
4	-\frac{1}{(x+7)^2}
4	\frac{2\cos\left(x\right)\cdot x-2\operatorname{\mathrm{sen}}\left(x\right)}{x^2}
4	\frac{3x^2}{x+4}-\frac{x^3}{(x+4)^2}
4	\frac{\frac{4}{x}x^2-4\ln\left(x\right)2x}{x^4}
4	14
4	8\left(\frac{x-\ln\left(x\right)2x}{x^4}\right)
4	\frac{21}{x}\ln\left(x\right)^2
4	(8x+1)e^{4x^2+x}
4	\frac{3 - 9\ln(x)}{x^4}
4	-\frac{3}{(x+5)^2}
4	\frac{3e^x(x-1)}{x^2}
4	\frac{(x+8-x-7)}{(x+8)^2}
4	8\cdot e^{^{x}}
4	16\operatorname{\mathrm{sen}}\left(x\right)^3\cdot\cos\left(x\right)
4	45x^4+3
4	\frac{7\cos\left(x\right)x^3-21x^2\operatorname{\mathrm{sen}}\left(x\right)}{x^6}
4	-18x^2
4	\frac{\left(1\right)}{\left(x+7\right)^2}
4	\frac{5(\cos\left(x\right)x^2-\operatorname{\mathrm{sen}}\left(x\right)2x)}{x^4}
4	16x\sin(x) + 8x^2\cos(x)
4	\frac{9}{\sqrt{x}}
4	7e^{x}\cdot\operatorname{\mathrm{sen}}\left(x\right)+7e^{x}\cdot\cos\left(x\right)
4	\frac{8\cos\left(x\right)x^2-16x\operatorname{\mathrm{sen}}\left(x\right)}{x^4}
4	25x^4-24x^2
4	20x^4-28x^3
4	2e^{x}\cdot\cos\left(x\right)+2e^{x}\cdot-\operatorname{\mathrm{sen}}\left(x\right)
4	8\cdot4x^3\operatorname{\mathrm{sen}}\left(x\right)+8x^4\cos\left(x\right)
4	36x^3+9
4	\frac{6x}{\sqrt{6x^2+6}}
4	\frac{1}{3\ln x}
4	8x^3\cdot\operatorname{\mathrm{sen}}\left(x\right)+2x^4\cdot\cos\left(x\right)
4	\frac{6x}{2\sqrt{3x^2+3}}
4	3(x^2+8)^22x
4	\frac{3x^2}{x+2}-\frac{x^3}{(x+2)^2}
4	12x^2\ln\left(x\right)+4x^3\cdot\frac{1}{x}
4	\frac{16x}{8x^2+5}
4	10\ln\left(x\right)\cdot\frac{1}{x}
4	\frac{4x}{\sqrt{4x^2+1}}
4	5\cos(x) - 2\sin(x)
4	\frac{5\cos\left(x\right)x^2-10x\operatorname{\mathrm{sen}}\left(x\right)}{x^4}
4	e^{x}+9\cdot e^{x}
4	-9\operatorname{sen}(x)
4	\frac{2x}{\sqrt{2x^2+3}}
4	e^{5x^2+3x}\cdot(10x+3)
4	(6x+5)e^{3x^2+5x}
4	2e^{4\operatorname{\mathrm{sen}}\left(x\right)}4\cos\left(x\right)
4	24x^3-21x^2
4	\frac{(x+7)-(x+4)}{(x+7)^2}
4	14x+8
4	10\cos\left(x\right)e^{5\operatorname{\mathrm{sen}}\left(x\right)}
4	\frac{6}{(x+2)^2}
4	\frac72\sqrt{x}
4	\frac{1}{x+4}-\frac{x+7}{\left(x+4\right)^2}
4	\frac{2x\cos(x) - 6\sin(x)}{x^4}
4	\frac{10x}{2\sqrt{5x^2+5}}
4	8x^3\cdot\ln\left(x\right)+2x^4\cdot\frac{1}{x}
4	2(x^2+6)2x
4	6e^{x}(\cos(x)-\sin(x))
4	8x^3-15x^2
4	3(x^2+4)^22x
4	\frac{4e^{x}(x^3-3x^2)}{x^6}
4	-\frac{10\operatorname{\mathrm{sen}}\left(2\ln\left(x\right)\right)}{x}
4	35x^4-9x^2
4	\frac{8x^3\cos\left(x\right)-24x^2\operatorname{\mathrm{sen}}\left(x\right)}{x^6}
4	6x+9
4	-e^{x}\operatorname{\mathrm{sen}}\left(x\right)
4	\frac{x\cos\left(x\right)\operatorname{\mathrm{sen}}\left(x\right)}{x^2}
4	25x^4-6x
4	\frac{9}{x}\ln\left(x\right)^2
4	20x^3-24x^2
4	\frac{9(x-2x\ln\left(x\right))}{x^4}
4	\frac{9}{9x+5}
4	8e^{x}\cos\left(x\right)+8e^{x}\cdot-\operatorname{\mathrm{sen}}\left(x\right)
4	e^{9x+4}\cdot9
4	\frac{3x^2\cdot(x+4)-x^3}{(x+4)^2}
4	9e^{x}(\cos(x)-\sin(x))
4	\frac{7(e^{x}x-e^{x})}{x^2}
4	\frac{4x-4\ln\left(x\right)\cdot2x}{x^4}
4	\frac{21\ln\left(x\right)\ln\left(x\right)}{x}
4	20x^4-14x
4	\frac{\left(1\right)}{\left(x+6\right)^2}
4	\frac{x}{\sqrt{x^2+4}}
4	\frac{\ln\left(3\right)}{x}
4	\frac{7\cos\left(7x\right)x^2-\operatorname{\mathrm{sen}}\left(7x\right)2x}{x^4}
4	\frac{2x\cdot(x+6)-x^2\cdot1}{(x+6)^2}
4	\frac{4\cos\left(x\right)x^3-12\operatorname{\mathrm{sen}}\left(x\right)x^2}{x^6}
4	12x^3-18x
4	 3x^2\sin\left(x\right) + x^3\cos\left(x\right) 
4	\frac{6x}{(3x^2+4)}
4	\frac{2}{2x+8}
4	6(e^{x}\ln\left(e^{\frac{1}{\placeholder{}}}\right))
4	7e^{x}(\cos(x)-\sin(x))
4	\frac{2x^3\cos\left(x\right)-6x^2\operatorname{\mathrm{sen}}\left(x\right)}{x^6}
4	9x^2\cdot\operatorname{\mathrm{sen}}\left(x\right)+3x^3\cdot\cos\left(x\right)
4	-\frac{4x}{x^2}
4	8(3x^2\operatorname{\mathrm{sen}}\left(x\right)+x^3\cos\left(x\right))
4	\frac{(6\cos\left(x\right)x^3-18x^2\operatorname{\mathrm{sen}}\left(x\right))}{x^6}
4	18x^2+5
4	(10x+2)e^{5x^2+2x}
4	8x+7
4	4e^{x}\cdot\cos\left(x\right)+4e^{x}\cdot-\operatorname{\mathrm{sen}}\left(x\right)
4	\frac{8(\cos\left(x\right)x^3-\operatorname{\mathrm{sen}}\left(x\right)3x^2)}{x^6}
4	3\cos\left(x\right)\cdot e^{3\operatorname{\mathrm{sen}}\left(x\right)}
4	\frac{2\cos\left(2x\right)x^2-2\operatorname{\mathrm{sen}}\left(2x\right)x}{x^4}
4	2\cos\left(x\right)\cdot e^{2\operatorname{\mathrm{sen}}\left(x\right)}
4	\frac{4x}{2x^2+8}
4	12x^3-12x
4	16\cos\left(x\right)e^{4\operatorname{\mathrm{sen}}\left(x\right)}
4	 \frac{\left(x^2+16x\right)}{\left(x+8\right)^2} 
4	6e^{6x+8}
4	2(x^2+7)2x
4	35x^4-12x^3
4	7e^{7x+7}
4	\frac{(x^2+2x)}{(x+1)^2}
4	\frac{\ln\left(x\right)}{x^2}
4	\frac{-4}{\left(x+2\right)^2}
4	^{\frac{e^{x}2x-e^{x}x^2}{(x^2)^2}}
4	24\operatorname{\mathrm{sen}}\left(x\right)^2\cdot\cos\left(x\right)
4	\frac{2x}{2\sqrt{x^2+1}}
4	\frac{\left(x+3\right)-\left(x+5\right)}{\left(x+3\right)^2}
4	8\cos\left(8x+8\right)
4	9(e^{x}\operatorname{\mathrm{sen}}\left(x\right)+e^{x}\cos\left(x\right))
4	\frac{7(\cos\left(x\right)x^3-3x^2\operatorname{\mathrm{sen}}\left(x\right))}{x^6}
4	\frac{12x}{2\sqrt{6x^2+9}}
4	8x+2
4	7\left(4x^3\operatorname{\mathrm{sen}}\left(x\right)+x^4\cos\left(x\right)\right)
4	6(x^3+4)x^2
4	7e^{7x+1}
4	e^{5x^2+3x}(10x+3)
4	\frac{1}{9\sqrt{x}}
4	\frac{2x}{x^2+7}
4	\frac{8(x-2x\ln\left(x\right))}{x^4}
4	\frac{9x^2\cos\left(x\right)-18x\operatorname{\mathrm{sen}}\left(x\right)}{x^4}
4	10e^{2\operatorname{\mathrm{sen}}\left(x\right)}\cos\left(x\right)
4	36x^3-9x^2
4	\frac{7(\cos\left(x\right)x^2-\operatorname{\mathrm{sen}}\left(x\right)2x)}{x^4}
4	-\frac{3}{(x+3)^2}
4	\frac{(x+1)-(x+2)}{(x+1)^2}
4	e^{3x+2}\cdot3
4	45x^4-21x^2
4	6x^4e^{x}+24x^3e^{x}
4	\frac{(9x^2-27x^2\ln\left(x\right))}{x^6}
4	-\frac{\operatorname{\mathrm{2sen}}\left(2\ln\left(x\right)\right)}{x}
4	8x^3-14x
4	36x^3+4
4	2e^x\sin(x) + 2e^x\cos(x)
4	9\left(3x^2\operatorname{\mathrm{sen}}\left(x\right)\right)
4	\frac{7}{(\cos\left(x\right))^2}
4	\frac{5}{\ln\left(x\right)}
4	(\frac{3x^2(x+5)-x^3)}{(x+5)^2}
4	\frac{(x+4)-(x+8)}{(x+4)^2}
4	\frac{(x+5-x-4)}{(x+5)^2}
4	4x\ln\left(4\right)
4	\frac{\frac{1}{x}\cdot x^2-\ln\left(x\right)\cdot2x}{x^4}
4	28x^3-6x
4	\frac{7-14\ln\left(x\right)}{x^3}
4	\cos\left(4x+6\right)4
4	4e^{4x+4}
4	\frac{1}{8x+2}\cdot8
4	6x(x^2+3)^2
4	\frac{2e^{x}\left(x^2-2x\right)}{x^4}
4	\frac{7e^{x}}{x}-\frac{7e^{x}}{x^2}
4	\frac{(x+7-x-2)}{(x+7)^2}
4	\cos\left(5x+2\right)5
4	\frac{e^{x}x^3-e^{x}3x^2}{x^5}
4	e^{x^2+x}(2x+1)
4	x10^{x-1}
4	\frac{12x}{6x^2+8}
4	4(x^3+6)^33x^2
4	\frac{36\ln\left(x\right)\ln\left(x\right)\ln\left(x\right)}{x}
4	6e^{x}\cos\left(x\right)+6e^{x}\operatorname{\mathrm{sen}}\left(x\right)
4	20x^4-12x^2
4	3(x^2+2)^22x
4	45x^4-8x^3
4	-4\operatorname{\mathrm{sen}}\left(4\ln\left(x\right)\right)\cdot\frac{4}{x}
4	6(x^3+2)x^2
4	4(x^2+3)^32x
4	\frac{-2}{(x+4)^2}
4	14x\cdot\ln\left(x\right)+7x^2\cdot\frac{1}{x}
4	8x3+e^{x}
4	\frac{1}{\left(x+4\right)^2}
4	28x^3-27x^2
4	4\left(\frac{x^2-\ln\left(x\right)3x^2}{x^6}\right)
4	\frac{3\cos\left(x\right)x^2-6x\operatorname{\mathrm{sen}}\left(x\right)}{x^4}
4	8x(x^2+9)^3
4	32x^3-14x
4	\frac{4(x^2-\ln\left(x\right)3x^2)}{x^6}
4	\frac{2(\cos\left(x\right)x^3-\operatorname{\mathrm{sen}}\left(x\right)3x^2)}{x^6}
4	\frac{3(\cos\left(x\right)x^3-\operatorname{\mathrm{sen}}\left(x\right)3x^2)}{x^6}
4	8\left(\frac{e^{x}x^2-e^{x}2x}{x^4}\right)
4	3e^{3x+2}
4	\frac{2e^{x}(x^3-3x^2)}{x^6}
4	25x^4-10x
4	20x^3\cdot\ln\left(x\right)+5x^3
4	36x^3+5
4	e^{x}(4x^3+x^4)
4	\frac{e^{x}x^2-e^{x}2x}{(x^2)^2}
4	\frac{5e^{x}\cdot x-5e^{x}}{x^2}
4	\frac{4(1-\ln\left(x)\right)}{x^2}
4	3x^2e^{4x}+x^34e^{4x}
4	\frac{\frac{6}{x}x^2-6\ln\left(x\right)2x}{x^4}
4	\frac{6e^x(x-3)}{x^4}
4	\frac{\cos\left(7x\right)7x^3-\operatorname{\mathrm{sen}}\left(7x\right)3x^2}{x^6}
4	\frac{6x^2-6\ln\left(x\right)3x^2}{x^6}
4	\frac{\frac{1}{x}x^3-\ln\left(x\right)3x^2}{x^6}
4	35x^4+6
4	\frac{2x}{x^2+2}
4	\frac{1}{x+6}-\frac{x+2}{\left(x+6\right)^2}
4	\frac{7x}{\sqrt{7x^2+9}}
4	2\left(e^{x}\cos\left(x\right)-e^{x}\operatorname{\mathrm{sen}}\left(x\right)\right)
4	\frac{1}{16\sqrt{x}}
4	15x^4-18x
4	4xe^3
4	15x^4-12x
4	\frac{4x}{2\sqrt{2x^2+9}}
4	18x^2\ln\left(x\right)+6x^3\cdot\frac{1}{x}
4	4^{x}\ln4
4	\frac{(8e^{x}x^3-24x^2e^{x})}{x^6}
4	6x^2-18x
4	18x^2\cdot\operatorname{\mathrm{sen}}\left(x\right)+6x^3\cdot\cos\left(x\right)
4	10x^4+4
4	\frac{\cos\left(4x\right)\cdot4\cdot x^2-\operatorname{\mathrm{sen}}\left(4x\right)\cdot2x}{x^4}
4	\frac{2x}{x+1}-\frac{x^2}{(x+1)^2}
4	\frac{2x}{x+7}-\frac{x^2}{(x+7)^2}
4	12(x^3+6)^3x^2
4	\frac{5\cos\left(x\right)\cdot x^3-5\operatorname{\mathrm{sen}}\left(x\right)\cdot3x^2}{x^6}
4	-\frac{12\operatorname{\mathrm{sen}}\left(4\ln\left(x\right)\right)}{x}
4	35x^4-12x^2
4	8\left(2x\operatorname{\mathrm{sen}}\left(x\right)+x^2\cos\left(x\right)\right)
4	-5
4	\frac{8e^{x}\left(x^3-3x^2\right)}{x^6}
4	12x^{3^{^{}}}+e^{x}
4	\frac{(6x-12x\ln\left(x\right))}{x^4}
4	\frac{(x+6)-(x+7)}{(x+6)^2}
4	\frac{7x}{\sqrt{7x^2+1}}
4	16x^3+8
4	\frac{9}{9x+9}
4	3e^{x}\cos\left(x\right)+3e^{x}\operatorname{\mathrm{sen}}\left(x\right)
4	25x^4-27x^2
4	24x^2-4x
4	\frac{6e^{x}x^2-12xe^{x}}{x^4}
4	\frac{6\cos\left(6x\right)x^3-\operatorname{\mathrm{sen}}\left(6x\right)3x^2}{x^6}
4	(8x+4)e^{4x^2+4x}
4	\frac{6\cos\left(x\right)x^2-12\operatorname{\mathrm{sen}}\left(x\right)x}{x^4}
4	9e^{9x+5}
4	\frac{2x}{2\sqrt{x^2+3}}
4	(10x+8)e^{5x^2+8x}
4	8e^{2\operatorname{\mathrm{sen}}\left(x\right)}\cos\left(x\right)
4	30x^4-18x^2
4	\frac{12x}{6x^2+3}
4	\frac{4x}{2\sqrt{2x^2+8}}
4	32x^3e^{x}
4	-\frac{4}{(x+4)^2}
4	\frac{2e^{x}\cdot x^2-2e^{x}\cdot2x}{x^4}
4	12x^2(x^3+1)^3
4	7e^{x}(\sin(x)+\cos(x))
4	10^{x}\ln10
4	25x^4+2
4	4\cdot-\operatorname{\mathrm{sen}}\left(x\right)
4	7\operatorname{\mathrm{sen}}\left(x\right)
4	\frac{2e^x(x-3)}{x^4}
4	\frac{2x}{2\sqrt{x^2+2}}
4	16x^3\cdot\ln\left(x\right)+4x^3
4	7(2x\operatorname{\mathrm{sen}}\left(x\right)+x^2\cos\left(x\right))
4	2x\cdot\ln\left(x\right)+x
4	4e^{4x+6}
4	2\cos(x) - 2\sin(x)
4	\frac{4\cos\left(4x\right)x^3-3\operatorname{\mathrm{sen}}\left(4x\right)x^2}{x^6}
4	8x^3-10x
4	-\operatorname{7\mathrm{sen}}\left(x\right)
4	\frac{3}{x^2+16x+64}
4	10\operatorname{\mathrm{sen}}\left(x\right)^4\cos\left(x\right)
4	3e^{x}\cos\left(x)-3e^{x}\operatorname{\mathrm{sen}}\left(x\right)\right.
4	-\frac{5}{\sqrt{x}}
4	2(x^3+9)\cdot3x^2
4	-12x^3+18x^2
4	16x^3+6
4	\frac{-1}{\left(x+1\right)^2}
4	\frac{9x^2-9\ln\left(x\right)3x^2}{x^6}
4	\frac{-5}{(x+2)^2}
4	\frac{-3\operatorname{\mathrm{sen}}\left(3\ln\left(x\right)\right)}{x}
4	5\cos\left(5x+1\right)
4	\frac{\left(1\right)}{\left(x+4\right)^2}
4	(x\ln\left(5\right))^{-1}
4	\frac{7}{7x+9}
4	\frac{8x^3e^{x}-24x^2e^{x}}{x^6}
4	4x^3+e^{x}
4	3\left(\frac{1-\ln\left(x\right)}{x^2}\right)
4	e^{5x^2+7x}\cdot(10x+7)
4	\frac{3(\cos\left(x\right)x^2-\operatorname{\mathrm{sen}}\left(x\right)2x)}{x^4}
4	\frac{7x\cos(x) - 21\sin(x)}{x^4}
4	\frac{1}{x\ln\left(7\right)}
4	5\cos(x)
4	x7^{x-1}
4	-\frac{e^{x}}{x^2}
4	2x+1
4	(\frac{3x^2(x+1)-x^3)}{(x+1)^2}
4	e^{2x^2+8x}(4x+8)
4	-5\operatorname{\mathrm{sen}}\left(5\ln\left(x\right)\right)\cdot\frac{5}{x}
4	\frac{6e^{x}}{x^4}(x^2-2x)
4	\frac{8\cos\left(8x\right)x^2-2\operatorname{\mathrm{sen}}\left(8x\right)x}{x^4}
4	3^{x}\ln(3)
4	\frac{(1+\ln\left(x\right))}{x^2}
4	\frac{7\cos\left(x\right)x^3-21\operatorname{\mathrm{sen}}\left(x\right)x^2}{x^6}
4	\frac{1}{x^2+18x+81}
4	6x^2+2
4	\frac{1}{x\cdot\ln10}
4	e^{x^2+4x}(2x+4)
4	\frac{9 - 18\ln(x)}{x^3}
4	24x^3-16x
4	4\operatorname{\mathrm{sen}}\left(x\right)^3\cdot\cos\left(x\right)
4	\frac{1}{2x^2}
4	\frac{(9\ln\left(x\right)^2)}{x}
4	10x^4-10x
4	\frac{7x\cos\left(x\right)-7\operatorname{\mathrm{sen}}\left(x\right)}{x^2}
4	4e^{4\operatorname{\mathrm{sen}}\left(x\right)}\cos\left(x\right)
4	\frac{7e^x(x-2)}{x^3}
4	\frac{6x\cos(x) - 6\sin(x)}{x^2}
4	4e^{x}\cos\left(x)-\right.4\operatorname{e^{x}\mathrm{sen}}\left(x\right)
4	\frac{9\cos\left(9x\right)x^2-2\operatorname{\mathrm{sen}}\left(9x\right)x}{x^4}
4	\frac{14x}{7x^2+4}
4	5\cdot-\operatorname{\mathrm{sen}}\left(x\right)
4	\frac{5}{5x+5}
4	-7
4	\frac{3-3\ln(x)}{x^2}
4	12x^2\cdot\ln\left(x\right)+4x^3\cdot\frac{1}{x}
4	8\cdot3x^2\operatorname{\mathrm{sen}}\left(x\right)+8x^3\cos\left(x\right)
4	(24x^2)\cdot(\ln\left(x\right))+(8x^3)\cdot(\frac{1}{x}))
4	24\operatorname{\mathrm{sen}}^2\left(x\right)\cos\left(x\right)
4	-\frac{3}{(x+4)^2}
4	-\frac{9}{x}
4	\frac{8x}{4x^2+9}
4	\frac{1}{x^3}-\frac{2\ln\left(x\right)}{x^3}
4	\frac{\cos\left(4x\right)4x^3-\operatorname{\mathrm{sen}}\left(4x\right)3x^2}{x^6}
4	5e^{2\operatorname{\mathrm{sen}}\left(x\right)}2\cos\left(x\right)
4	3x^2e^{9x}+x^39e^{9x}
4	e^{x}\cdot\operatorname{\mathrm{sen}}\left(x\right)+e^{x}\cos\left(x\right)
4	\frac{3}{2\cdot\sqrt{x}}
4	\frac{2e^{x}}{x^6}(x^3-3x^2)
4	e^{5x^2+4x}(10x+4)
4	5x\ln\left(x\right)
4	\frac{1}{x\cdot\ln2}
4	2e^{x}\cos\left(x\right)
4	-15x^2
4	\frac{2e^x(x-1)}{x^2}
4	\frac{(4\cos\left(x\right)x-4\operatorname{\mathrm{sen}}\left(x\right))}{x^2}
4	\frac{7}{7x+8}
4	\frac{\cos\left(8x\right)8x^3-3\operatorname{\mathrm{sen}}\left(8x\right)x^2}{x^6}
4	8e^{8x+8}
4	\frac{\frac{5}{x}\cdot x^3-5\ln\left(x\right)\cdot3x^2}{x^6}
4	\frac{2 - 2\ln(x)}{x^2}
4	\frac{12x}{2\sqrt{6x^2+4}}
4	(10x+7)e^{5x^2+7x}
4	2\cdot x^{-\frac12}
4	\frac{\frac{9}{x}x^2-9\ln\left(x\right)2x}{x^4}
4	25x^4-20x^3
4	\frac32x^{\frac{-1}{2}}
4	36x^3\cdot\ln\left(x\right)+9x^4\cdot\frac{1}{x}
4	\frac{4\cdot\cos\left(x\right)x-\operatorname{4\mathrm{sen}}\left(x\right)}{x^2^{}}
4	e^{3x^2+4x}(6x+4)
4	(4x+7)e^{2x^2+7x}
4	3(e^{x}\operatorname{\mathrm{sen}}\left(x\right)+e^{x}\cos\left(x\right))
4	15x^2e^{x}
4	4\left(e^{x}\operatorname{\mathrm{sen}}\left(x\right)+e^{x}\cos\left(x\right)\right)
4	\frac{1}{x+6}-\frac{x+4}{\left(x+6\right)^2}
4	45x^4-24x^2
4	35x^4-6x^2
4	\frac{2x}{x+3}-\frac{x^2}{(x+3)^2}
4	16x^3-15x^2
4	12x^3-12x^2
4	\frac{2x^3 + 24x^2}{(x+8)^2}
4	\frac{x^2 + 16x}{(x+8)^2}
4	3x^2\cdot e^{x}
4	5\cos(x) - 3\sin(x)
4	\frac{3}{2x}
4	\frac{6\cos\left(x\right)\cdot x^3-6\operatorname{\mathrm{sen}}\left(x\right)\cdot3x^2}{x^6}
4	8x^3-24x^2
4	6^{x}\ln(6)
4	30x^4-6x^2
4	-\frac{3}{x}
4	15e^{5\operatorname{\mathrm{sen}}\left(x\right)}\cos\left(x\right)
4	\frac{(x+5)-(x+3)}{(x+5)^2}
4	27\operatorname{\mathrm{sen}}\left(x\right)^2\cos\left(x\right)
4	\frac{7e^{x}x^2-14e^{x}x}{x^4}
4	\frac{4}{4x+9}
4	30x^4-4x
4	5e^{2\operatorname{\mathrm{sen}}\left(x\right)}\cdot2\cos\left(x\right)
4	20x^3-27x^2
4	20x^4+6
4	\frac{1}{5x}
4	45x^4-10x
4	8x^2e^{x}+16xe^{x}
4	\frac15
4	\frac{-2}{\left(x+5\right)^2}
4	\frac{x^2 + 12x}{(x+6)^2}
4	16x^3-9x^2
4	6x^2(x^3+4)
4	8e^x\sin(x) + 8e^x\cos(x)
4	15x^4-6x
4	15\operatorname{\mathrm{sen}}\left(x\right)^4\cos\left(x\right)
4	33x^3+9
4	\frac{5e^{x}(x-3)}{x^{4}}
4	32
4	\frac{5e^{x}x^2-10e^{x}x}{x^4}
4	40x^4+2
4	6x^2-14x
4	\frac{-3}{(x+6)^2}
4	e^{3x+3}\cdot3
4	\frac{e^{x}\cdot3x^2+e^{x}\cdot x^3}{x^5}
4	\frac{2x^3 + 27x^2}{(x+9)^2}
4	2e^x\cos(x) - 2e^x\sin(x)
4	9e^{9x+6}
4	35x^4+3
4	\frac{5x-5\ln\left(x\right)2x}{x^4}
4	\frac{x^2e^{x}-2xe^{x}}{x^4}
4	12x^2+6
4	\frac{x2}{2}
4	5e^{x}\left(\operatorname{\mathrm{sen}}\left(x\right)+\cos\left(x\right)\right)
4	-\operatorname{\mathrm{sen}}\left(4x+8\right)\cdot4
4	16x\cdot\operatorname{\mathrm{sen}}\left(x\right)+8x^2\cdot\cos\left(x\right)
4	16\ln\left(x\right)^3\cdot\frac{1}{x}
4	6\cos(x) - 4\sin(x)
4	\frac{7e^{x}}{x^2}(x-1)
4	\frac{6x}{\sqrt{6x^2+8}}
4	24x^3-6x
4	4e^{4x+2}
4	\frac{-2}{\left(x+7\right)^2}
4	\frac{7x^2-21\ln\left(x\right)x^2}{x^6}
4	\frac{0\cdot x-3\cdot1}{x^2}
4	\frac12\frac{1}{\sqrt{x}}
4	3e^{3x+3}
4	\frac{1}{x\ln(3)}
4	\frac{\cos\left(3x\right)3x^3-\operatorname{\mathrm{sen}}\left(3x\right)3x^2}{x^6}
4	6x(x^2+5)^2
4	\frac{27x^2}{x}
4	\frac{(9\cos\left(x\right)x^3-27x^2\operatorname{\mathrm{sen}}\left(x\right))}{x^6}
4	e^{4x^2+2x}\left(4x+2\right)
4	8(x^2+2)^3x
4	\frac{1}{x+9}-\frac{x+8}{(x+9)^2}
4	e^{4x^2+9x}(8x+9)
4	3(x^2+6)^22x
4	24x^3-4x
4	\frac{3\ln\left(x\right)\ln\left(x\right)}{x}
4	\frac{-2}{(x+2)^2}
4	2e^{x}\cos\left(x\right)+2e^{x}(-\operatorname{\mathrm{sen}}\left(x\right))
4	28x^3+7
4	4x(x^2+8)
4	4(2\cdot x\cdot\operatorname{\mathrm{sen}}\left(x\right)+x^2\cdot\cos\left(x)\right)
4	\frac{\ln\left(x\right)-\frac{x}{x}}{x^2}
4	x(2\ln\left(x\right)-1)
4	(4x+8)e^{2x^2+8x}
4	15x^4+8
4	\frac{6\cos\left(x\right)x^3-18x^2\operatorname{\mathrm{sen}}\left(x\right)}{x^6}
4	\frac{10x}{2\sqrt{5x^2+7}}
4	4x^3e^{x}+16x^2e^{x}
4	2e^{2x+3}
4	\frac{\left(1\right)}{\left(x+8\right)^2}
4	7^{x}\ln7
4	e^{2x^2+4x}(4x+4)
4	\frac{9x^3\cos\left(x\right)-27x^2\operatorname{\mathrm{sen}}\left(x\right)}{x^6}
4	\frac{4\operatorname{\mathrm{x}^3\mathrm{sen}}\left(x\right)\cos\left(x\right)-3x^2\operatorname{\mathrm{sen}}\left(4x\right)}{x^6}
4	12x^2(x^3+6)^3
4	\frac{(x+6)-(x+3)}{(x+6)^2}
4	\frac{24}{x}\ln\left(x\right)^3
4	e^{3x^2+2x}(6x+2)
4	\frac{(3\cos\left(x\right)x-3\operatorname{\mathrm{sen}}\left(x\right))}{x^2}
4	\frac{6x}{3x^2+4}
4	\frac{(5-5\ln\left(x\right))}{x^2}
4	\frac{3\cos\left(x\right)x^2-6\operatorname{\mathrm{sen}}\left(x\right)x}{x^4}
4	e^{8x+1}8
4	2(x^2+2)2x
4	32x^3-27x^2
4	\frac{18x}{9x^2+7}
4	\frac{e^{x}x^2-2e^{x}x}{(x^2)^2}
4	\frac12
4	e^{2x+7}\cdot2
4	\frac{(2x^3+18x^2)}{(x+6)^2}
4	\frac{2}{-x^2}
4	21x^2-8x
4	\frac72\cdot\frac{1}{\sqrt{x}}
4	\frac{(2x^3+9x^2)}{(x+3)^2}
4	\frac{1}{\left(x+9\right)^2}
4	\frac{5x}{\sqrt{5x^2+9}}
4	\frac{x^{2}+16x}{(x+8)^{2}}
4	15x^4-15x^2
4	10^{x}\ln(10)
4	4x^3e^{7x}+x^4e^{7x}7
4	5e^{x}\cos\left(x\right)+5e^{x}(-\operatorname{\mathrm{sen}}\left(x\right))
4	12x\ln\left(x\right)+6x^{}
4	16x3+e^{x}
4	e^{6x+2}\cdot6
4	\frac{1}{x\ln(5)}
4	e^{3x^2+7x}(6x+7)
4	12e^{3\operatorname{\mathrm{sen}}\left(x\right)}\cos\left(x\right)
4	\frac{4x}{2x^2+6}
4	\frac{\cos\left(5x\right)\cdot5\cdot x^2-\operatorname{\mathrm{sen}}\left(5x\right)\cdot2x}{x^4}
4	-2\operatorname{\mathrm{sen}}\left(2\ln\left(x\right)\right)\cdot\frac{2}{x}
4	8e^{8x+6}
4	\frac{1}{x+9}-\frac{x+6}{\left(x+9\right)^2}
4	\frac{-4}{(x+1)^2}
4	8\left(e^{x}\operatorname{\mathrm{sen}}\left(x\right)+e^{x}\cos\left(x\right)\right)
4	e^{3x^2+x}(6x+1)
4	4x^3e^{x}+e^{x}x^4
4	\frac{7x^2-7\ln\left(x\right)3x^2}{x^6}
4	24x^3+8
4	\frac{1}{x}\ln\left(3\right)
4	\frac{(12\ln\left(x\right)^2)}{x}
4	\frac{x}{x+6}
4	27x^2+9
4	6e^{x}\cdot\operatorname{\mathrm{sen}}\left(x\right)+6e^{x}\cdot\cos\left(x\right)
4	24x^{3+e^{x}}
4	\frac{3(e^{x}x^2-e^{x}2x)}{x^4}
4	\frac{1}{x+7}-\frac{x+6}{\left(x+7\right)^2}
4	\frac{12\ln\left(x\right)^2}{x}
4	\frac{e^{x}\left(x^2-2x\right)}{x^4}
4	3e^{x}\left(\operatorname{\mathrm{sen}}\left(x\right)+\cos\left(x\right)\right)
4	\frac{3x^2(x-8)-x^3}{(x+8)^2}
3	\frac{1}{8x}
3	2x^3e^{x}+6x^2e^{x}
3	-\frac{6}{x}
3	\ln\left(x^5\right)
3	2\left(\frac{e^{x}x^2-e^{x}2x}{x^4}\right)
3	\frac{5e^x(x-2)}{x^3}
3	12x^{3+e^{x}}
3	4e^{x}(\cos(x)-\sin(x))
3	\frac{6x^2-6\ln\left(x\right)\cdot3x^2}{x^6}
3	6e^{6x+6}
3	25x^4-9x^2
3	\frac{4(\cos\left(x\right)x^2-\operatorname{\mathrm{sen}}\left(x\right)2x)}{x^4}
3	-3\cdot x^{-2}
3	\frac{18x}{2\sqrt{9x^2+4}}
3	32x^3-12x
3	2\cdot2x
3	3e^{\placeholder{}}
3	24x^2+e^{x}
3	10x^4-32x^3
3	\frac{9x-9\ln\left(x\right)2x}{x^4}
3	\frac{1}{x}\ln\left(5\right)
3	12x\sin(x) + 6x^2\cos(x)
3	8e^{8x+9}
3	5^{x}(\ln\left(5\right))
3	20x+9
3	4x^3+5
3	\frac{8x\cos(x) - 16\sin(x)}{x^3}
3	\frac{3x^2-3\ln\left(x\right)\cdot3x^2}{x^6}
3	\frac{1-\ln(x)}{x^2}
3	\frac{7e^{x}\cdot x^3-7e^{x}\cdot3x^2}{x^6}
3	\frac{4\cos\left(4x\right)}{x^2}-\frac{2\operatorname{\mathrm{sen}}\left(4x\right)}{x^3}
3	5(4x^3\operatorname{\mathrm{sen}}\left(x\right)+x^4\cos\left(x\right))
3	\frac17
3	\frac{(x+4)-(x+1)}{(x+4)^2}
3	4e^x(\operatorname{sen}(x)+\cos(x))
3	\frac{9(e^{x}x^2-e^{x}2x)}{x^4}
3	\frac{\cos\left(x\right)x^3-3\operatorname{\mathrm{sen}}\left(x\right)x^2}{x^6}
3	\cos\left(8x+8\right)8
3	e^{5x+4}\cdot5
3	4\left(\frac{x-\ln\left(x\right)2x}{x^4}\right)
3	\frac{(8e^{x}x^3-24e^{x}x^2)}{x^6}
3	\frac{6 - 6\ln(x)}{x^2}
3	\frac{9x^2\cos\left(9x\right)-2x\operatorname{\mathrm{sen}}\left(9x\right)}{x^4}
3	\frac{8x}{2\sqrt{4x^2+4}}
3	9e^{9x+9}
3	\frac{4(\cos\left(x\right)x^3-3x^2\operatorname{\mathrm{sen}}\left(x\right))}{x^6}
3	\frac{-7}{\left(x+8\right)^2}
3	\frac{2x\cos\left(2x\right)-\operatorname{\mathrm{sen}}\left(2x\right)}{x^2}
3	-\frac{3}{(x+1)^2}
3	9\operatorname{\mathrm{sen}}\left(x\right)^2\cdot\cos\left(x\right)
3	2e^{x}\operatorname{\cos}\left(x\right)-2e^{x}\operatorname{\mathrm{sen}}\left(x\right)
3	9e^{9x+4}
3	4\operatorname{\mathrm{sen}}\left(x\right)\cdot\cos\left(x\right)
3	\cos\left(6x+5\right)6
3	-3
3	e^{7x+4}\cdot7
3	8\cdot\left(\left(e^{x}\cdot sen\left(x\right)\right)+\left(e^{x}\cdot\cos\left(x\right)\right)\right)
3	\frac{(8\cos\left(x\right)x^3-8\operatorname{\mathrm{sen}}\left(x\right)3x^2)}{x^6}
3	\frac{18x}{9x^2+9}
3	\frac{3\cos\left(3x\right)x^3-3\operatorname{\mathrm{sen}}\left(3x\right)x^2}{x^6}
3	2(x^3+3)3x^2
3	4x^3\cdot e^{7x}+x^4\cdot e^{7x}\cdot7
3	\frac{8e^{x}x^2-16xe^{x}}{x^4}
3	10x^4-15x^2
3	\frac{10}{x}\ln\left(x\right)
3	\frac{(x+1)-(x+6)}{(x+1)^2}
3	\ln\left(x\right)+\frac{2}{x}
3	8e^{x}\cos\left(x\right)+8e^{x}\operatorname{\mathrm{sen}}\left(x\right)
3	3x+1
3	\frac{7}{(x+9)^{2}}
3	\frac{3x^2(x+3)-(x^3)}{(x+3)^2}
3	(15x^4-8x)^{^{}}
3	4x+0
3	\frac{16x}{(8x^2+2)}
3	\frac{8e^{x}(x-1)}{x^2}
3	\frac{1}{x+5}-\frac{x+9}{\left(x+5\right)^2}
3	\frac{2(\cos\left(x\right)x^3-3x^2\operatorname{\mathrm{sen}}\left(x\right))}{x^6}
3	\frac{(x^2+12x)}{x^2+12x+36}
3	20x^4-4x
3	\frac{7x\cos\left(7x\right)-\operatorname{\mathrm{sen}}\left(7x\right)}{x^2}
3	-4\cdot x^{-2}
3	4(x^3+2)^3\cdot3x^2
3	\frac{4}{x^2+10x+25}
3	\frac{-\ln\left(x\right)}{x^2}
3	\frac{(x+1)-(x+4)}{(x+1)^2}
3	\frac{\left(x+1-x+3\right)}{\left(x+1\right)^2}
3	\frac{(9\cos\left(x\right)x-9\operatorname{\mathrm{sen}}\left(x\right))}{x^2}
3	\frac{8e^{x}}{x^4}(x^2-2x)
3	\frac{1}{x+3}-\frac{x+4}{\left(x+3\right)^2}
3	e^{\placeholder{}}
3	\frac{6e^{x}\left(x-1\right)}{x^2}
3	\frac{-1}{(x+1)^2}
3	\frac{5(1-\ln(x))}{x^2}
3	36x^3-16x
3	15x^4-24x^2
3	e^{5x^2+2x}(10x+2)
3	5e^{5x+6}
3	\frac{(x+1-x-3)}{(x+1)^2}
3	\frac{9}{9x+3}
3	\frac{1}{9x}
3	\frac{\left(d^{\prime}dx-ddx^{\prime}\right)}{\differentialD x}
3	e^{5x^2+5x}(10x+5)
3	\frac{}{}
3	\ln\left(\placeholder{}\right)
3	\frac{1}{\left(x+8\right)^2}
3	\frac{4x}{(2x^2+7)}
3	e^{3x^2+6x}(6x+6)
3	\frac{1}{x+4}-\frac{x+5}{\left(x+4\right)^2}
3	7e^{x}(\cos\left(x\right)+\operatorname{\mathrm{sen}}\left(x\right))
3	45x^4-12x^2
3	3\cdot\frac12\cdot x^{-\frac12}
3	\frac12(x^2+3)^{\frac{-1}{2}}2x
3	12x^3-10x
3	\frac{3(e^{x}x-e^{x})}{x^2}
3	7(e^{x}\cos\left(x\right)-e^{x}\operatorname{\mathrm{sen}}\left(x\right))
3	9\cdot e^{x}\cdot\operatorname{\mathrm{sen}}\left(x\right)+9\cdot e^{x}\cdot\cos\left(x\right)
3	\frac{3}{\left(x+2\right)^{2}}
3	\frac{x+8-x-5}{(x+8)^2}
3	\frac{5e^{x}\cdot x^3-5e^{x}\cdot3x^2}{(x^3)^2}
3	6e^x(\cos(x)-\operatorname{sen}(x))
3	16x.e^{x}
3	x^4
3	5e^x(\cos(x)-\operatorname{sen}(x))
3	5e^{x}\cos\left(x\right)+5e^{x}\operatorname{\mathrm{sen}}\left(x\right)
3	\frac{(6\cos\left(x\right)x-6\operatorname{\mathrm{sen}}\left(x\right))}{x^2}
3	\frac{\frac{8}{x}x^2-8\ln\left(x\right)2x}{x^4}
3	\frac{1}{2(\sqrt{x)}}
3	\frac{(4e^{x}x^2-4e^{x}2x)}{x^4}
3	e^{7x+7}\cdot7
3	2xe^{x}+e^{x}x^2
3	12x+8
3	\frac{14x}{7x^2+7}
3	\cos\left(5x+6\right)\cdot5
3	\frac{\cos\left(4x\right)4x^2-2\operatorname{\mathrm{sen}}\left(4x\right)x}{x^4}
3	(8x+3)e^{4x^2+3x}
3	\frac{1 - 2\ln(x)}{x^3}
3	\frac{x\cos(x) - 3\sin(x)}{x^4}
3	\frac{36x^3}{x}
3	28(7x+8)^3
3	\frac{7x-7\ln\left(x\right)2x}{x^4}
3	e^{9x+6}\cdot9
3	\frac{(2x^3+21x^2)}{(x+7)^2}
3	\frac{3x^2}{x+6}-\frac{x^3}{(x+6)^2}
3	2(x^2+5)2x
3	40x^4-4x
3	10^x\ln(10)
3	7\left(e^{x}\operatorname{\mathrm{sen}}\left(x\right)+e^{x}\cos\left(x\right)\right)
3	\frac{\left(1\right)}{\left(x+5\right)^2}
3	6xe^{x}+e^{x}3x^2
3	\frac{\frac72}{\sqrt{x}}
3	\frac{5}{5x+6}
3	4(x^3+8)^3\cdot3x^2
3	-4
3	\frac{1}{x+2}-\frac{x+3}{\left(x+2\right)^2}
3	\frac{-7}{\left(x+1\right)^2}
3	8x\ln\left(x\right)+4x^2\cdot\frac{1}{x}
3	\frac{5e^{x}\left(x-1\right)}{x^2}
3	\frac{8e^{x}\cdot x^3-8e^{x}\cdot3x^2}{(x^3)^2}
3	3(3x+9)^2\cdot3
3	8(x^2+8)^3x
3	\frac{6e^{x}(x^2-2x)}{x^4}
3	\frac{(3x^2\cdot(x+9))-(x^3)}{(x+9)^2}
3	\frac{6x}{3x^2+8}
3	12x\ln\left(x\right)+6x^2\cdot\frac{1}{x}
3	e^{x}+2e^{x}
3	e^{x}(\cos\left(x\right)-\operatorname{\mathrm{sen}}\left(x)\right)
3	\frac{6x^2e^{x}-12xe^{x}}{x^4}
3	32x^3-12x^2
3	9x^2\ln\left(x\right)+3x^3\cdot\frac{1}{x}
3	\frac{10x}{5x^2+3}
3	\frac{\cos\left(9x\right)\cdot9\cdot x-\operatorname{\mathrm{sen}}\left(9x\right)}{x^2}
3	\cos\left(9x+3\right)9
3	\frac{-8e^{x}\cdot3x^2}{(x^3)^2}
3	\frac92x^{\frac{-1}{2}}
3	\frac{8x}{4x^2+3}
3	\frac{6\cos\left(6x\right)x^2-2\operatorname{\mathrm{sen}}\left(6x\right)x}{x^4}
3	\frac{(6-6\ln\left(x\right))}{x^2}
3	\frac{4}{4x+5}
3	\frac{6\cos\left(6x\right)x-\operatorname{\mathrm{sen}}\left(6x\right))}{x^2}
3	\frac{(2e^{x}x-2e^{x})}{x^2}
3	4e^{3\operatorname{\mathrm{sen}}\left(x\right)}3\cos\left(x\right)
3	\frac{1-6}{(x+1)^2}
3	\frac{e^{x}\left(x^3-3x^2\right)}{x^6}
3	3\operatorname{\mathrm{sen}}\left(x\right)
3	\frac{1}{x+1}-\frac{x+4}{\left(x+1\right)^2}
3	\frac{3\cos\left(3x\right)x^3-\operatorname{\mathrm{sen}}\left(3x\right)3x^2}{x^6}
3	(2x+2)e^{x^2+2x}
3	9x^2\sin(x) + 3x^3\cos(x)
3	\frac{6x}{\sqrt{6x^2+9}}
3	\frac{3x}{\sqrt{3x^2+5}}
3	\frac{3x^3\cos\left(x\right)-9x^2\operatorname{\mathrm{sen}}\left(x\right)}{x^6}
3	4x\ln\left(x\right)+\frac{2x^21}{x}
3	6(x^2+7)^2x
3	6x\ln\left(x\right)+3x^{}
3	\frac{\operatorname{7\cos\left(7x\right)\cdot x^3-\operatorname{\mathrm{sen}}\left(7x\right)\cdot3x^2}}{x^6}
3	\frac{8(x^2-3x^2\ln\left(x\right))}{x^6}
3	\frac{5x}{2}
3	8e^{x}\cdot\operatorname{\mathrm{sen}}\left(x\right)+8e^{x}\cos\left(x\right)
3	40x^4-20x^3
3	\frac{6e^{x}\cdot x^2-6e^{x}\cdot2x}{x^4}
3	-4\operatorname{\mathrm{sen}}\left(3\ln\left(x\right)\right)\cdot\frac{3}{x}
3	696
3	9x^3e^{9x}+3x^2e^{9x}
3	e^{2x+2}\cdot2
3	9x^2e^{x}
3	5e^x\sin(x) + 5e^x\cos(x)
3	8x(3x^2\cdot e^{x}+e^{x}\cdot x^3)
3	-16x^3
3	9\left(e^{x}\operatorname{\mathrm{sen}}\left(x\right)+e^{x}\cos\left(x\right)\right)
3	\frac{1}{x^2+6x+9}
3	\frac{8 - 8\ln(x)}{x^2}
3	40x^4-6x
3	35x^4-18x^2
3	e^{2x+6}\cdot2
3	\frac{(-2)}{x}
3	\frac{1}{2x^2^{}}
3	\frac{\cos\left(9x\right)\cdot9\cdot x^2-\operatorname{\mathrm{sen}}\left(9x\right)\cdot2x}{x^4}
3	5(e^{x}\operatorname{\mathrm{sen}}\left(x\right)+e^{x}\cos\left(x\right))
3	\frac{\left(x+2\right)-\left(x+1\right)}{\left(x+2\right)^2}
3	12e^{3\operatorname{\mathrm{sen}}\left(x)\right.}\cos\left(x\right)
3	3\operatorname{\mathrm{sen}}^2\left(x\right)\cos\left(x\right)
3	6\cos\left(x\right)\operatorname{\mathrm{sen}}\left(x\right)
3	5(5\operatorname{\mathrm{sen}}\left(x\right)^4)\cos\left(x\right)
3	\frac{4 - 8\ln(x)}{x^3}
3	25x^4-32x^3
3	8xe^3+e^{x}
3	-\frac{1}{x^{\frac12}}
3	28\ln\left(x\right)^3\cdot\frac{1}{x}
3	1-x
3	4x\cdot\operatorname{\mathrm{sen}}\left(x\right)+2x^2\cdot\cos\left(x\right)
3	32x^3-15x^2
3	\frac{5x}{\sqrt{5x^2+2}}
3	\frac{9\cos\left(x\right)\cdot x^3-9\operatorname{\mathrm{sen}}\left(x\right)\cdot3x^2}{x^6}
3	\frac{4}{4x+1}
3	\frac{14x}{2\sqrt{7x^2+7}}
3	\frac{9(e^{x}x^3-e^{x}3x^2)}{x^6}
3	5\cos\left(x\right)\operatorname{\mathrm{sen}}^4\left(x\right)
3	15\operatorname{\mathrm{sen}}\left(x\right)^4\cdot\cos\left(x\right)
3	9x^2+3
3	\left(\left(4x+7\right)^4\ln\left(4x+7\right)\right)\cdot4
3	9e^{x}\cos\left(x\right)+9e^{x}(-\operatorname{\mathrm{sen}}\left(x\right))
3	\frac{\frac{3}{x}x^3-3\ln\left(x\right)3x^2}{x^6}
3	4x3+0
3	\frac{2}{x^2+18x+81}
3	\frac{2x}{\sqrt{2x^2+4}}
3	4^{x}\cdot\ln\left(x\right)
3	\frac{2}{4\sqrt{x}}
3	5x^3e^{x}+15x^2e^{x}
3	35x^4-8x^3
3	\frac{2x(x+5)-x^2}{x^2+10x+25}
3	\frac{1}{x\cdot\ln3}
3	6e^{6x+7}
3	2(2\cos\left(x\right)-\operatorname{\mathrm{sen}}\left(x\right))
3	8(x^2+6)^3x
3	\frac{8(e^{x}x^2-e^{x}2x)}{x^4}
3	\frac{9\cos\left(x\right)x^2-9\operatorname{\mathrm{sen}}\left(x\right)2x}{x^4}
3	9(4x^3e^{x}+x^4e^{x})
3	\frac{16x}{8x^2+6}
3	e^{7x+3}7
3	\frac{\left(x+9\right)-\left(x+6\right)}{\left(x+9\right)^2}
3	25x^4+8
3	7\left(2xe^{x}+x^2e^{x}\right)
3	7\left(e^{x}\cos\left(x\right)-e^{x}\operatorname{\mathrm{sen}}\left(x\right)\right)
3	2(x^3+6)3x^2
3	\frac{(\frac{1}{x}x-\ln\left(x\right))}{x^2}
3	-\frac{3x}{x^2}
3	8x+6
3	\frac{-8}{\left(x+1\right)^2}
3	\frac{\cos\left(2x\right)\cdot2\cdot x^3-\operatorname{\mathrm{sen}}\left(2x\right)\cdot3x^2}{x^6}
3	\frac{9\cos\left(9x\right)}{x}-\frac{\operatorname{\mathrm{sen}}\left(9x\right)}{x^2}
3	3x^2\cdot e^{x}+x^3e^{x}
3	\frac{9-27\ln\left(x\right)}{x^4}
3	5\left(e^{x}\cos\left(x\right)-e^{x}\operatorname{\mathrm{sen}}\left(x\right)\right)
3	\frac{\cos\left(6x\right)\cdot6\cdot x^3-\operatorname{\mathrm{sen}}\left(6x\right)\cdot3x^2}{x^6}
3	(6x+2)e^{3x^2+2x}
3	-\frac{1}{(x+4)^2}
3	\frac{7x}{\sqrt{7x^2+2}}
3	e^{x}(\cos\left(x\right)-\operatorname{\mathrm{sen}}\left(x))\right.
3	9\cdot\frac{1}{2\sqrt{x}}
3	\frac{6(\cos\left(x\right)x^3-\operatorname{\mathrm{sen}}\left(x\right)3x^2)}{x^6}
3	^{4x^3}
3	e^{x^2+2x}(2x+2)
3	\frac{9x\cos(x) - 9\sin(x)}{x^2}
3	\frac52x^{\frac{-1}{2}}
3	\frac{x+8-\left(x+4\right)}{\left(x+8\right)^2}
3	\frac{4x}{2x^2+2}
3	\cos\left(9x+2\right)9
3	e^{2x+4}\cdot2
3	20x^3-16x
3	\frac{-5}{\left(x+4\right)^2}
3	\frac{(5\cos\left(x\right)x-5\operatorname{\mathrm{sen}}\left(x\right))}{x^2}
3	\frac{8x}{\sqrt{8x^2+8}}
3	4x^2+e^{x}
3	\frac{3x^2\cdot(x+6)-x^3\cdot1}{(x+6)^2}
3	12x^3-21x^2
3	e^{x}\cos\left(x\right)
3	\frac{-7}{\left(x+2\right)^2}
3	4x\ln\left(x\right)+2x^{}
3	4e^{4x+1}
3	\frac{12x}{6x^2+2}
3	36x^3-18^2+0
3	20x^3\cdot\ln\left(x\right)+\frac{5x^3}{x}
3	\frac{5x}{\sqrt{5x^2+8}}
3	\frac{1}{x+7}-\frac{x+4}{\left(x+7\right)^2}
3	3\ln\left(x\right)^2\cdot\frac{1}{x}
3	9(3x^2\ln\left(x\right)+x^2)
3	\frac{(4x^2-12\ln\left(x\right)x^2)}{x^6}
3	6\left(e^{x}\cos\left(x\right)-e^{x}\operatorname{\mathrm{sen}}\left(x\right)\right)
3	3\operatorname{\mathrm{sen}}\left(x\right)^2\cdot\cos\left(x\right)
3	\frac{7\cos\left(7x\right)\cdot x-\operatorname{\mathrm{sen}}\left(7x\right)}{x^2}
3	\frac{2\cos\left(x\right)\cdot x^2-2\operatorname{\mathrm{sen}}\left(x\right)\cdot2x}{x^4}
3	-\frac{9}{2\sqrt{x}}
3	15x^3+e^{x}
3	\frac{1}{x+2}-\frac{x+5}{\left(x+2\right)^2}
3	\frac{8}{8x+8}
3	6x\ln\left(x\right)+\frac{2x^3}{x}
3	\frac{-16\operatorname{\mathrm{sen}}\left(4\ln\left(x\right)\right)}{x}
3	2x\operatorname{\mathrm{sen}}\left(x\right)+\cos\left(x\right)x^2
3	4(x^3+2)^33x^2
3	\frac{1}{x+5}-\frac{x+2}{\left(x+5\right)^2}
3	\frac{(3x^2\cdot x+5-x^3)}{(x+5)^2}
3	\cos\left(5x+9\right)5
3	45
3	\frac{7x}{\sqrt{7x^2+3}}
3	\frac{2x}{x^2+5}
3	\frac{16x}{2\sqrt{8x^2+9}}
3	3\cos(x) - 2\sin(x)
3	5\cos\left(5x+4\right)
3	(6x+6)e^{3x^2+6x}
3	2\sqrt{x}
3	\cos\left(3x+7\right)3
3	20(5x+4)^3
3	\frac{2\cos\left(2x\right)x^2-2x\operatorname{\mathrm{sen}}\left(2x\right)}{x^4}
3	-3\operatorname{\mathrm{sen}}\left(3\ln\left(x\right)\right)\cdot\frac{3}{x}
3	\frac{(x+7)-(x+8)}{(x+7)^2}
3	\frac{(2e^{x}x^2-4e^{x}x)}{x^4}
3	\frac{x+7-(x+6)}{(x+7)^2}
3	3x^2 \sin(x) + x^3 \cos(x)
3	\frac{6x-6\ln\left(x\right)2x}{x^4}
3	e^{5x^2+x}(10x+1)
3	\frac{4}{4x+8}
3	\frac{\cos\left(2x\right)\cdot2\cdot x-\operatorname{\mathrm{sen}}\left(2x\right)}{x^2}
3	\ln\left(7\right)\cdot7^{x}
3	3(x^2+7)^22x
3	-12x^3+15x^2
3	\frac{e^{x}\left(x-1\right)}{x^2}
3	7\cdot\frac12x^{-\frac12}
3	\frac{9e^{x}x^3-27x^2e^{x}}{x^6}
3	e^{x^2+3x}\cdot(2x+3)
3	2x\ln\left(x\right)+x^2\cdot\frac{1}{x}
3	\frac{3x^2\cdot\left(x+3\right)-x^3}{\left(x+3\right)^2}
3	3\cos(x) - 4\sin(x)
3	40x^4-24x^2
3	\frac{5e^{x}}{x^6}(x^3-3x^2)
3	\frac{(x+1)-(x+7)}{(x+1)^2}
3	24x^3-24x^2
3	10x^4-20x^3
3	2\ln\left(x\right)\cdot\frac{1}{x}
3	6x^4e^{6x}+4x^3e^{6x}
3	32\ln\left(x\right)^3\cdot\frac{1}{x}
3	6\left(-\frac{1}{x^{^2}}\right)
3	27x^2+2
3	 2x\sin\left(x\right) + x^2\cos\left(x\right) 
3	\frac{5\cos\left(5x\right)x^2-2\operatorname{\mathrm{sen}}\left(5x\right)x}{x^4}
3	\frac{1}{x^2+10x+25}
3	\frac{36\ln\left(x\right)^3}{x}
3	\frac{(1-\ln\left(x)\right.)}{x^2}
3	25x^4-21x^2
3	\frac{7e^{x}(x-1)}{x^{2}}
3	\frac{2(x-2x\ln\left(x\right))}{x^4}
3	\frac{\frac{8}{x}\cdot x^2-8\ln\left(x\right)\cdot2x}{x^4}
3	\frac{\left(6\right)}{\left(x+7\right)^2}
3	4e^{4x+8}
3	\frac{-5}{x}
3	6x^{^2}+3
3	7x\ln\left(7\right)
3	\frac{7e^{x}(x-1)}{x^2}
3	\frac{9x}{\sqrt{9x^2+7}}
3	10x\cdot\ln\left(x\right)+5x^{}
3	\frac{8x\cos(x) - 24\sin(x)}{x^{4}}
3	2\left(e^{x}\operatorname{\mathrm{sen}}\left(x\right)+e^{x}\cos\left(x\right)\right)
3	25x^4-24x^3
3	3^x \ln(3)
3	6\left(\frac{x-\ln\left(x\right)2x}{x^4}\right)
3	e^2
3	\frac{\frac{9}{x}x-9\ln\left(x\right)}{x^2}
3	4(x^2+7)^3\cdot2x
3	\frac{\frac{9}{x}\cdot x-9\ln\left(x\right)}{x^2}
3	25\operatorname{\mathrm{sen}}\left(x\right)^4\cdot\cos\left(x\right)
3	20x^2
3	\frac{8(e^{x}x-e^{x})}{x^2}
3	\frac{8-16\ln\left(x\right)}{x^3}
3	2(4x^3\operatorname{\mathrm{sen}}\left(x\right)+x^4\cos\left(x\right))
3	\frac{5e^x(x-3)}{x^4}
3	20x^3-12x^2
3	6x^2(x^3+1)
3	\frac{-25\operatorname{\mathrm{sen}}\left(5\ln\left(x\right)\right)}{x}
3	\frac{9x^3\cos\left(9x\right)-3x^2\operatorname{\mathrm{sen}}\left(9x\right)}{x^6}
3	6\cdot4x^3\operatorname{\mathrm{sen}}\left(x\right)+6x^4\cos\left(x\right)
3	\frac{\frac{9}{x}\cdot x^2-9\ln\left(x\right)\cdot2x}{x^4}
3	e^{x^2+4x}\cdot(2x+4)
3	\frac{(x-\ln\left(x\right))}{x^2}
3	4x^3\cdot\ln\left(x\right)+\frac{x^4}{x}
3	\frac{\left(x+3\right)-\left(x+8\right)}{\left(x+3\right)^2}
3	\frac{1-3\ln\left(x\right)}{x^4}
3	27\ln\left(x\right)^2\cdot\frac{1}{x}
3	(4x+6)e^{2x^2+6x}
3	\frac{(4e^{x}x^3-12x^2e^{x})}{x^6}
3	\frac{\left(6\right)}{\left(x+8\right)^2}
3	5\cdot\frac12\cdot x^{-\frac12}
3	\frac{9e^{x}}{x^2}(x-1)
3	\frac{(2\cos\left(x\right)x^3-6x^2\operatorname{\mathrm{sen}}\left(x\right))}{x^6}
3	\frac{3x^2x+7-x^3}{(x+7)^2}
3	\frac{8x-16\ln\left(x\right)x}{x^4}
3	\frac{4}{\left(x+9\right)^2}
3	45x^4-27x^2
3	\frac{2x\cdot\left(x+2\right)-x^2}{\left(x+2\right)^2}
3	\frac{9e^x(x-2)}{x^3}
3	7\cdot-\operatorname{\mathrm{sen}}\left(x\right)
3	\frac{x^2}{2}
3	\frac{3x(x+6)-x^3}{(x+6)^2}
3	4(x^2+1)^32x
3	e^9x+8\left(9\right)
3	3(x^3+1)^23x^2
3	\cos\left(4x+1\right)4
3	4x^3\cdot e^{6x}+x^4\cdot e^{6x}\cdot6
3	-\frac{2}{x^2+2x+1}
3	21x^2+3
3	(6x+7)e^{3x^2+7x}
3	5\cdot e^{x}
3	36x+4
3	\frac{4}{x^2+12x+36}
3	\frac{(7e^{x}x-7e^{x})}{x^2}
3	e^{2x^2+6x}(4x+6)
3	-7\operatorname{sen}(x)
3	\frac{3e^{x}(x-3)}{x^{4}}
3	21x^2\operatorname{\mathrm{sen}}\left(x\right)-7x^3\cos\left(x\right)
3	x^{^{-2}}
3	\frac{7}{\cos^{2}(x)}
3	\frac{\frac{2}{x}\cdot x-2\ln\left(x\right)}{x^2}
3	6x(x^2+7)^2
3	16xe^{x}
3	32^{^{}}x^3-12x^2
3	6x(x^2+4)^2
3	-3\operatorname{sen}(x)
3	32x^3-6x^2
3	2xe^{9x}+x^2e^{9x}9
3	22
3	\frac{(4x-8x\ln\left(x\right))}{x^4}
3	10x^4-36x^3
3	12x^3-8x
3	-9\operatorname{\mathrm{sen}}\left(9x+7\right)
3	\frac{-10}{\sqrt{x}}
3	-e^{x}\operatorname{\mathrm{sen}}\left(x\right)+e^{x}\cos\left(x\right)
3	4(x^3+4)^33x^2
3	4(\cos\left(x\right)-\operatorname{\mathrm{sen}}\left(x\right))
3	20x^{3+e^{x}}
3	9e^{x}\cos\left(x\right)-9\operatorname{e^{x}\mathrm{sen}}\left(x\right)
3	25x^4-6x^2
3	\frac{\frac{3}{x}\cdot x-3\ln\left(x\right)}{x^2}
3	15x^2\cdot\ln\left(x\right)+5x^3\cdot\frac{1}{x}
3	\frac{1}{x+6}-\frac{x+8}{\left(x+6\right)^2}
3	\frac{3(\cos\left(x\right)x^3-3x^2\operatorname{\mathrm{sen}}\left(x\right))}{x^6}
3	12(6x+6)
3	\frac{5}{5x+1}
3	10x^4-14x
3	3x^2\ln\left(x\right)+\frac{x^{\placeholder{}^2}}{}
3	e^{3x^2+5x}(6x+5)
3	2(x^3+7)\cdot3x^2
3	12x^3-14x
3	\frac{8}{8x+2}
3	\frac{8x}{\sqrt{8x^2+4}}
3	20x^4-12x
3	10^{x}\cdot\ln\left(x\right)
3	45x^4-15x^2
3	\frac{9e^{x}\cdot x^3-9e^{x}\cdot3x^2}{x^6}
3	\frac{8\cos\left(x\right)\cdot x-8\operatorname{\mathrm{sen}}\left(x\right)}{x^2}
3	5\cdot-\frac12\cdot\frac{1}{x^{\frac32}}
3	\frac{8xe^{x}-8e^{x}}{x^2}
3	\frac{(8\cos\left(x\right)x-8\operatorname{\mathrm{sen}}\left(x\right))}{x^2}
3	5e^{x}(\cos(x)-\sin(x))
3	12x^2-9x
3	\frac{e^{x}\cdot x^3-e^{x}\cdot3x^2}{(x^3)^2}
3	\frac{\left(x+1\right)-\left(x+3\right)}{\left(x+1\right)^2}
3	\frac{1}{x+8}-\frac{x+6}{(x+8)^2}
3	-8\operatorname{sen}(x)
3	\frac{6x^3\cos\left(x\right)-18x^2\operatorname{\mathrm{sen}}\left(x\right)}{x^6}
3	4e^{2\operatorname{\mathrm{sen}}\left(x\right)}\cdot2\cos\left(x\right)
3	3x^2+2
3	\frac32\cdot\frac{1}{\sqrt{x}}
3	\frac{(2x^3+6x^2)}{x^2+4x+4}
3	9x^2(x^3+8)^2
3	2e^x(\sin(x) + \cos(x))
3	-\frac{2}{x^2+8x+16}
3	\frac{3e^{x}(x^2-2x)}{x^4}
3	2\cos(x) - 6\sin(x)
3	2xe^{8x}+x^28e^{8x}
3	\frac{2x}{\sqrt{4x^2+5}}
3	3x^2+9
3	-\frac{3}{2x}
3	15\cos\left(x\right)e^{5\operatorname{\mathrm{sen}}\left(x\right)}
3	32x^3-21x^2
3	8x\sin(x) + 4x^2\cos(x)
3	16x^2\operatorname{\mathrm{sen}}\left(x\right)+4x^4\cos\left(x\right)
3	\frac{6x}{2\sqrt{3x^2+6}}
3	6e^{x}\cos\left(x\right)+6e^{x}(-\operatorname{\mathrm{sen}}\left(x\right))
3	\frac{2}{(x+5)^{2}}
3	\frac{3x\cos\left(3x\right)-\operatorname{\mathrm{sen}}\left(3x\right)}{x^2}
3	\frac{\cos\left(2x\right)2x^2-\operatorname{\mathrm{sen}}\left(2x\right)2x}{x^4}
3	\frac{x^2 + 18x}{(x+9)^2}
3	\frac{(5\cos\left(x\right)x^2-10x\operatorname{\mathrm{sen}}\left(x\right))}{x^4}
3	4\cdot\frac{2}{\sqrt{x}}
3	45x^4-6x
3	15x^4-20x^3
3	2\cos\left(x\right)\operatorname{\mathrm{sen}}\left(x\right)
3	-\frac{2}{\left(x+9\right)^2}
3	28x^3-18x
3	\frac{4e^{x}}{x^2}(x-1)
3	\frac{(4x^2-12x^2\ln\left(x\right))}{x^6}
3	32(8x+3)^3
3	\frac{3\cos\left(x\right)\cdot x^3-3\operatorname{\mathrm{sen}}\left(x\right)\cdot3x^2}{x^6}
3	2e^{2x+4}
3	\frac{14x}{2\sqrt{7x^2+5}}
3	6^x\ln(6)
3	7e^{7x+3}
3	x^4e^{x}+4x^3e^{x}
3	36x^2
3	3^{}x^2
3	4\cdot\frac{1}{2x}
3	9(x^3+7)^2x^2
3	\frac{x^2(2x+21)}{(x+7)^2}
3	3\left(\frac{\cos\left(x\right)x^3-\operatorname{\mathrm{sen}}\left(x\right)3x^2}{x^6}\right)
3	\frac{27}{x}\ln\left(x\right)^2
3	15x^2\ln\left(x\right)+5x^3\cdot\frac{1}{x}
3	\frac{8x}{4x^2+1}
3	\frac{6}{6x+5}
3	(4x+1)e^{2x^2+x}
3	7\cdot e^{x}
3	e^{3x^2+3x}\cdot(6x+3)
3	16x+7
3	2e^{5\operatorname{\mathrm{sen}}\left(x\right)}5\cos\left(x\right)
3	-\frac{3}{(x+6)^2}
3	\frac{2}{2x+3}
3	e^{2x^2+6x}\cdot(4x+6)
3	-4\operatorname{sen}(x)
3	\frac{7}{7x+4}
3	24x^3-14x
3	\frac{4\cos\left(4x\right)x^3-3x^2\operatorname{\mathrm{sen}}\left(4x\right)}{x^6}
3	\frac{-1}{\left(x+3\right)^2}
3	7e^{\placeholder{}}
3	e^{4sen\left(x\right)}\cdot4\cos\left(x\right)
3	20x^3\cdot\ln\left(x\right)+5x^4\cdot\frac{1}{x}
3	\frac{2x(x+3)-x^2}{x^2+6x+36}
3	\frac{\cos\left(x\right)}{x^2}-\frac{\operatorname{\mathrm{sen}}\left(x\right)}{x^{}}
3	\frac{x}{2}
3	24x^2-16x
3	\frac{8\cos\left(x\right)x^3-8\operatorname{\mathrm{sen}}\left(x\right)\cdot3x^2}{x^6}
3	2x+e^{x}
3	4(3x^2\ln\left(x\right)+x^2)
3	\frac{x^2 + 4x}{(x+2)^2}
3	2x\cdot e^{4x}+x^2\cdot e^{4x}\cdot4
3	e^{9x+8}\cdot9
3	21\operatorname{\mathrm{sen}}\left(x\right)^2\cdot\cos\left(x\right)
3	e^{9x+4}9
3	35x^4-18x
3	e^{x^2+2x}\cdot(2x+2)
3	3(x^2+9)^22x
3	7e^{7x+9}
3	\frac{10x}{5x^2+4}
3	5e^{5x+1}
3	(3x\cdot\frac{(x+3)-x^3)}{(x+3)^2}
3	\frac{1}{x^2+4x+4}
3	9\cdot e^{x}
3	\frac{(3\cos\left(x\right)x^3-9x^2\operatorname{\mathrm{sen}}\left(x\right))}{x^6}
3	-6\operatorname{\mathrm{sen}}\left(6x+7\right)
3	\frac{1}{5\sqrt{x}}
3	\frac{8(e^{x}x^3-e^{x}3x^2)}{x^6}
3	\frac{(4x\cos\left(x\right)-4\operatorname{\mathrm{sen}}\left(x\right))}{x^2}
3	\frac{9e^{x}(x^3-3x^2)}{x^6}
3	6^x \ln(6)
3	\frac{1}{x^{\frac12}}
3	45x^4-12x^3
3	\frac{6}{6x+2}
3	28x^3-14x
3	\frac{9}{x^2}-\frac{18\ln\left(x\right)}{x^3}
3	5\operatorname{\mathrm{sen}}\left(x\right)^4\cdot\cos\left(x\right)
3	12\cos\left(x\right)\operatorname{\mathrm{sen}}^2\left(x\right)
3	-\frac{4}{x^2+6x+9}
3	-\frac{\operatorname{4\mathrm{sen}}\left(4\ln\left(x\right)\right)}{x}
3	12\cos\left(x\right)e^{3\operatorname{\mathrm{sen}}\left(x\right)}
3	\frac{5x^2-15\ln\left(x\right)x^2}{x^6}
3	\frac{1}{x+3}-\frac{x+5}{\left(x+3\right)^2}
3	20x^4-18x
3	2^x \ln(2)
3	6(3\operatorname{\mathrm{sen}}\left(x\right)^2)\cos\left(x\right)
3	2e^{x}(\sin(x)+\cos(x))
3	e^{x}(3x^2+x^3)
3	18x\cdot\operatorname{\mathrm{sen}}\left(x\right)+9x^2\cdot\cos\left(x\right)
3	\frac{1}{x+9}-\frac{x+2}{(x+9)^2}
3	40x^4-16x^3
3	9\cos\left(9x+1\right)
3	\frac{1}{x+4}-\frac{x+8}{\left(x+4\right)^2}
3	\frac{\left(2\right)}{\left(x+5\right)^2}
3	24\ln\left(x\right)^3\cdot\frac{1}{x}
3	\frac{2\cos\left(2x\right)\cdot x^2-\operatorname{\mathrm{sen}}\left(2x\right)\cdot2x}{x^4}
3	5e^x(\operatorname{sen}(x)+\cos(x))
3	x^3
3	35x^4-8x
3	\frac{1}{6x}
3	6e^{6x+3}
3	\frac{2(x^2-\ln\left(x\right)3x^2)}{x^6}
3	12x+2
3	\frac{9x\cos(x) - 27\sin(x)}{x^4}
3	\frac{1}{\left(x+5\right)^2}
3	8\left(e^{x}\cos\left(x\right)-e^{x}\operatorname{\mathrm{sen}}\left(x\right)\right)
3	\frac{3x^2}{\ln\left(x\right)}
3	\frac{(4e^{x}x^2-8e^{x}x)}{x^4}
3	\frac{(2x^3+27x^2)}{x^2+18x+81}
3	x^3(4\ln\left(x\right)+1)
3	3\cos(x) - 6\text{ sen}(x)
3	e^{4x+8}\cdot4
3	\frac{(x+4)-(x+7)}{(x+4)^2}
3	-3\operatorname{\mathrm{sen}}\left(3x+2\right)
3	\frac{(2x^3+24x^2)}{x^2+16x+64}
3	25x^4-16x
3	9x^2(x^3+7)^2
3	3x^2e^{3x}+2xe^{3x}
3	\frac{(2e^{x}x^2-4xe^{x})}{x^4}
3	\frac{(x-2)}{x^2}
3	45x^4-36x^3
3	6\left(\frac{e^{x}x^2-e^{x}2x}{x^4}\right)
3	2e^{3\operatorname{\mathrm{sen}}\left(x\right)}3\cos\left(x\right)
3	5e^{3\operatorname{\mathrm{sen}}\left(x\right)}3\cos\left(x\right)
3	6\frac{1}{x}
3	3x^2\cdot e^{9x}+x^3\cdot e^{9x}\cdot9
3	\frac{2x^3 + 6x^2}{(x+2)^2}
3	12x^2+2
3	30\operatorname{\mathrm{sen}}^4\left(x\right)\cos\left(x\right)
3	5^x \ln(5)
3	\frac{5e^{x}x^3-15x^2e^{x}}{x^6}
3	\frac{\left(x+9\right)-\left(x+4\right)}{\left(x+9\right)^2}
3	-\frac{5\operatorname{\mathrm{sen}}\left(4\ln\left(x\right)\right)4}{x}
3	4\cdot e^{x}
3	6\ln\left(x\right)
3	\frac12(4x^2+5)^{\frac{-1}{2}}8x
3	\frac{(4\cos\left(x\right)x^3-12x^2\operatorname{\mathrm{sen}}\left(x\right))}{x^6}
3	\frac{7x-7\ln\left(x\right)\cdot2x}{x^4}
3	\frac14x^{\frac34}
3	18
3	\frac{3}{x}\ln\left(x\right)^2
3	7\cdot4x^3\cdot\operatorname{\mathrm{sen}}\left(x\right)+7x^4\cos\left(x\right)
3	e^{x}\cdot x^{-2}+e^{x}\cdot(-2x^{-3})
3	3e^{x}(\cos(x)-\sin(x))
3	3(2x\ln\left(x\right)+x)
3	12x^2(x^3+7)^3
3	\frac{4\cos\left(x\right)}{x^3}-3\cdot\frac{4\operatorname{\mathrm{sen}}\left(x\right)}{x^2}
3	 \frac{-4}{\left(x+5\right)^2} 
3	-20x^3
3	5\cdot x^{-\frac12}
3	\frac{7}{(x+8)^{2}}
3	25x^4-8x
3	\frac{\left(x+8\right)-\left(x+7\right)}{\left(x+8\right)^2}
3	\frac{x}{\sqrt{x^2+7}}
3	\frac{6\cos\left(6x\right)x^3-3\operatorname{\mathrm{sen}}\left(6x\right)x^2}{x^6}
3	20x^3+4
3	3e^{x}(\sin(x)+\cos(x))
3	40x^4-12x
3	2x+8
3	4x+8
3	14x\cdot\frac{1}{x}
3	(x)-x
3	\frac{16}{x}\ln\left(x\right)
3	12\cos\left(x\right)e^{4\operatorname{\mathrm{sen}}\left(x\right)}
3	\frac{1}{-\sqrt{x}}
3	\frac{x-6}{x^2}
3	-12x^3
3	-\frac{4}{2\sqrt{x}}
3	\frac{7x^3\cos\left(7x\right)-3x^2\operatorname{\mathrm{sen}}\left(7x\right)}{x^6}
3	\frac{-1}{\left(x+7\right)^2}
3	\frac{\left(x+2\right)-\left(x+9\right)}{\left(x+2\right)^2}
3	75
3	\frac{4\cos\left(4x\right)x^2-2x\operatorname{\mathrm{sen}}\left(4x\right)}{x^4}
3	\frac{18x}{(9x^2+1)}
3	e^{7x+8}\cdot7
3	\frac{5}{(\cos\left(x\right))^2}
3	20x^3-15x^2
3	\frac{-1}{\left(x+5\right)^2}
3	\frac{-2\operatorname{\mathrm{sen}}\left(x\right)}{x}
3	\frac{7(\cos\left(x\right)x^3-\operatorname{\mathrm{sen}}\left(x\right)3x^2)}{x^6}
3	\frac{7(x\cos(x)-\operatorname{sen}(x))}{x^2}
3	e^x(\operatorname{sen}(x)+\cos(x))
3	12x^3-24x^2
3	\frac{5}{5x+2}
3	\ln\left(4\right)
3	\frac{18x}{9x^2+6}
3	20x^4-8x
3	28\operatorname{\mathrm{sen}}^3\left(x\right)\cos\left(x\right)
3	2\operatorname{\mathrm{sen}}\left(x\right)\cdot\cos\left(x\right)
3	\cos\left(8x+1\right)8
3	\frac{12x^2}{x}
3	12x^3-18x^2
3	3\left(e^{x}\operatorname{\mathrm{sen}}\left(x\right)+e^{x}\cos\left(x\right)\right)
3	36x^3-12x^2
3	\frac{(e^{x}x^3-e^{x}3x^2)}{(x^3)^2}
3	\frac{12x}{6x^2+1}
3	6\left(\frac{e^{x}x^3-e^{x}3x^2}{x^6}\right)
3	2xe^{6x}+x^26e^{6x}
3	\frac{\left(x+2-x+6\right)}{\left(x+2\right)^2}
3	24x^3-27x^2
3	\frac{-4\operatorname{\mathrm{sen}}\left(4\ln\left(x\right)\right)}{x}
3	\frac{32\ln\left(x\right)\ln\left(x\right)\ln\left(x\right)}{x}
3	\frac12x^{-0\cdot5}
3	\frac72x^{\frac{-1}{2}}
3	6x\ln\left(6\right)
3	\frac{3\cos\left(x\right)\cdot x-3\operatorname{\mathrm{sen}}\left(x\right)}{x^2}
3	(10x+5)e^{5x^2+5x}
3	\frac{9x^2-27\ln\left(x\right)x^2}{x^6}
3	50+2x
3	\frac{6(\cos\left(x\right)x^2-2x\operatorname{\mathrm{sen}}\left(x\right))}{x^4}
3	2\cos\left(x\right)+2\cdot(-\operatorname{\mathrm{sen}}\left(x)\right)
3	e^{5x+6}
3	5\cdot\frac12x^{-\frac12}
3	\frac{-1}{x}
3	\frac{8}{\cos^{2}(x)}
3	\frac{3x^2\cdot(x+3)-x^3\cdot1}{(x+3)^2}
3	7^x\ln(7)
3	2x\cdot\frac{1}{x}
3	\frac{1}{x}4\ln\left(x\right)^3
3	\frac{8x}{4x^2+6}
3	30x^4-27x^2
3	9\cos\left(x\right)e^{3\operatorname{\mathrm{sen}}\left(x\right)}
3	\frac{2e^{x}(x-3)}{x^4}
3	\frac{(2)}{x^2}
3	\frac{-x}{x^2}
3	\frac{16x}{2\sqrt{8x^2+8}}
3	\frac{6\cos\left(6x\right)}{x^2}-\frac{2\operatorname{\mathrm{sen}}\left(6x\right)}{x^3}
3	\frac{16x}{8x^2+7}
3	e^{6x+4}\cdot6
3	35x^4-15x^2
3	\frac{1}{x+2}-\frac{x+9}{\left(x+2\right)^2}
3	-3\sen(x)
3	\frac{e^{x}}{x^2}(x-1)
3	40\operatorname{\mathrm{sen}}\left(x\right)\operatorname{\mathrm{sen}}\left(x\right)\operatorname{\mathrm{sen}}\left(x\right)\operatorname{\mathrm{sen}}\left(x\right)\cos\left(x\right)
3	\frac{7e^{x}(x-2)}{x^{4}}
3	\frac{6x^2\cos\left(6x\right)-2x\operatorname{\mathrm{sen}}\left(6x\right)}{x^4}
3	12x^{3+}e^{x}
3	9\left(e^{x}\cos\left(x\right)-e^{x}\operatorname{\mathrm{sen}}\left(x\right)\right)
3	\frac{(x+3)-(x+9)}{(x+3)^2}
3	32x^3\cdot\ln\left(x\right)+\frac{8x^4}{x}
3	\frac{\left(3\right)}{\left(x+7\right)^2}
3	5\left(4x^3\operatorname{\mathrm{sen}}\left(x\right)+x^4\cos\left(x\right)\right)
3	\frac{7-21\ln(x)}{x^4}
3	36x^3-24x^2
3	-\frac{\operatorname{\mathrm{25sen}}\left(5\ln\left(x\right)\right)}{x}
3	\frac{e^{x}x^3-3x^2e^{x}}{x^5}
3	\frac{7}{\left(x+8\right)^2}
3	\frac{7e^x(x-1)}{x^2}
3	4\sec^2\left(x\right)
3	5\cdot10x\cdot e^{5x^2+5x}
3	\frac{\frac{2}{x}x-2\ln\left(x\right)}{x^2}
3	14x\ln\left(x\right)+7x^2\cdot\frac{1}{x}
3	\frac{4e^{x}\cdot x-4e^{x}}{x^2}
3	9\left(3x^2\operatorname{\mathrm{sen}}\left(x\right)+x^3\cos\left(x\right)\right)
3	20e^{5\operatorname{\mathrm{sen}}\left(x\right)}\cos\left(x\right)
3	x^4+7
3	30x^4-12x
3	\frac{(5e^{x}x^3-5e^{x}3x^2)}{x^6}
3	4(x^2+6)x
3	\frac{7e^{x}(x-2)}{x^{3}}
3	\frac{x^2 + 14x}{(x+7)^2}
3	\frac{5(\cos\left(x\right)\cdot x)-\operatorname{\mathrm{sen}}\left(x\right))}{x^2}
3	(2x+4)e^{x^2+4x}
3	\frac{9-18\ln\left(x\right)}{x^3}
3	((7x^2)-(21\ln\left(x\right)x^2))x^6
3	e^{2x^2+3x}(4x+3)
3	\frac{2e^{x}x^3-2e^{x}3x^2)}{x^6}
3	4x^{\frac{-1}{2}}
3	30x^4-36x^3
3	2e^{3\operatorname{\mathrm{sen}}\left(x\right)}\cdot3\cos\left(x\right)
3	4x\ln\left(x\right)+x^{}
3	\frac{\left(2\right)}{\left(x+9\right)^2}
3	20x^3\ln\left(x\right)+5x^4\cdot\frac{1}{x}
3	e^{4x+2}4
3	5(7x+4)^4\cdot7
3	30x^4+8
3	4(x^2+7)^32x
3	4\left(e^{x}\cos\left(x\right)-e^{x}\operatorname{\mathrm{sen}}\left(x\right)\right)
3	7\left(\frac{e^{x}x-e^{x}}{x^2}\right)
3	\frac{8x^2\cos\left(8x\right)-2x\operatorname{\mathrm{sen}}\left(8x\right)}{x^4}
3	30x^4-21x^2
3	\frac{4x^3\operatorname{\cos\left(x\right)}-12x^2\operatorname{\mathrm{sen}}\left(x\right)}{x^6}
3	4x^3.e^{x}+x^4.e^{x}
3	\frac{e^{x}(x^3-3x^2)}{x^6}
3	\frac{(5e^{x}x^2-5e^{x}2x)}{x^4}
3	\frac92\cdot x^{-0,5}
3	9x^2(x^3+4)^2
3	6\cos(x) - 3\sin(x)
3	ssd
3	\frac{2x}{x+9}-\frac{x^2}{(x+9)^2}
3	\frac{\cos\left(8x\right)8x^2-\operatorname{\mathrm{sen}}\left(8x\right)2x}{x^4}
3	\frac16
3	e^{4x^2+5x}(8x+5)
3	\frac{8x^2-24x^2\ln\left(x\right)}{x^6}
3	\frac{\frac{2}{x}x^3-2\ln\left(x\right)3x^2}{x^6}
3	\sqrt{x}+\frac{9}{2\sqrt{x}}
3	\frac{5x}{\sqrt{5x^2+7}}
3	e^{x}+7e^{x}
3	e^{4x^2+7x}(8x+7)
3	14x\ln\left(x\right)+7x^{}
3	12x\cdot\ln\left(x\right)+\frac{6x^2}{x}
3	4(e^{x}\operatorname{\mathrm{sen}}\left(x\right)+e^{x}\cos\left(x\right))
3	9\left(\frac{\cos\left(x\right)x-\operatorname{\mathrm{sen}}\left(x\right)}{x^2}\right)
3	\frac{4(e^{x}x^3-e^{x}3x^2)}{x^6}
3	\frac{5x^2\cos\left(x\right)-10x\operatorname{\mathrm{sen}}\left(x\right)}{x^4}
3	-\frac{20\operatorname{\mathrm{sen}}\left(5\ln\left(x\right)\right)}{x}
3	4x^{^3}
3	\frac{8x}{\sqrt{8x^2+6}}
3	\frac{8}{8x+7}
3	e^{x^2+6x}(2x+6)
3	x+\ln\left(x)\cdot2x\right.
3	35x^4-10x
3	x^2e^{x}+2xe^{x}
3	\frac{1}{x+1}-\frac{x+5}{\left(x+1\right)^2}
3	8\ln\left(x\right)^3\cdot\frac{1}{x}
3	\frac{3x^2\cdot(x+4)-x^3\cdot1}{(x+4)^2}
3	2(x^2+9)2x
3	\frac{7x\cos(x)-21\sin(x)}{x^4}
3	7\cos\left(7x+6\right)
3	\frac{6(4\ln\left(x\right)^3)}{x}
3	24x+e^{x}
3	\frac{3-x}{x\cdot x}
3	5e^{x}\cos(x) - 5e^{x}\sin(x)
3	9\cos\left(9x+8\right)
3	\frac21
3	\ln\left(x\right).2+\frac21
3	\frac{(x+10)-(x+9)}{(x+10)^2}
3	8(e^{x}\cos\left(x\right)-e^{x}\operatorname{\mathrm{sen}}\left(x\right))
3	\frac{8x}{2\sqrt{4x^2+6}}
3	3e^{3x+7}
3	40x^4-36x^3
3	2x^{\frac32}
3	36x^3-21x^2
3	20x^4-20x^3
3	^{}5x^4
3	\cos\left(7x+6\right)\cdot7
3	6\left(e^{x}\operatorname{\mathrm{sen}}\left(x\right)+e^{x}\cos\left(x\right)\right)
3	\frac{8x}{\sqrt{8x^2+2}}
3	-\frac52x^{-\frac12}
3	10x\cdot\operatorname{\mathrm{sen}}\left(x\right)+5x^2\cdot\cos\left(x\right)
3	e^{x}\operatorname{\mathrm{sen}}\left(x\right)-e^{x}\cos\left(x\right)
3	\frac{3x}{\sqrt{3x^2+4}}
3	\frac{\cos\left(8x\right)8x^3-\operatorname{\mathrm{sen}}\left(8x\right)3x^2}{x^6}
3	3e^{3\operatorname{\mathrm{sen}}\left(x\right)}\cdot3\cos\left(x\right)
3	20\cos\left(x\right)e^{4\operatorname{\mathrm{sen}}\left(x\right)}
3	\frac{1}{7x}
3	\frac{-5}{\left(x+3\right)^2}
3	6x^2+9
3	-6x
3	4\cdot x
3	\frac{1}{\cos\placeholder{}^2\left(x\right)}
3	\frac{9(e^{x}x-e^{x})}{x^2}
3	16\operatorname{\mathrm{sen}}^3\left(x\right)\cdot\cos\left(x\right)
3	\frac{4\cos\left(x\right)\cdot x^3-4\operatorname{\mathrm{sen}}\left(x\right)\cdot3x^2}{x^6}
3	\frac12\cdot x^{-\frac12}
3	\frac{(8\cos\left(x\right)x^3-24x^2\operatorname{\mathrm{sen}}\left(x\right))}{x^6}
3	2xe^{3x}+x^2e^{3x}3
3	-\frac{6}{(x+3)^2}
3	4x\sin(x) + 2x^2\cos(x)
3	\frac{(2x^3+3x^2)}{x^2+2x+1}
3	27x^2\cdot\ln\left(x\right)+\frac{9x^3}{x}
3	27x+5
3	18\operatorname{\mathrm{sen}}\left(x\right)\cdot\cos\left(x\right)
3	6(\cos\left(x\right)-\operatorname{\mathrm{sen}}\left(x\right))
3	\frac{1}{x^2+2}\cdot2x
3	\frac{9 - 9\ln(x)}{x^{2}}
3	-\operatorname{\mathrm{sen}}\left(8x+2\right)8
3	15x^4-9x^2
3	(4x+3)e^{2x^2+3x}
3	\frac{4(\cos\left(x\right)x^2-2x\operatorname{\mathrm{sen}}\left(x\right))}{x^4}
3	\frac{9}{2\cdot\sqrt{x}}
3	40x^4-18x
3	\frac{x}{5}
3	4x^3\cdot e^{3x}+x^4\cdot e^{3x}\cdot3
3	-20x^3+21x^2
3	\frac{2}{2x+1}
3	\frac{e^{x}\cdot x^2-2x\cdot e^{x}}{x^4}
3	8x^{3+4}
3	\frac{(x^2+10x)}{x^2+10x+25}
3	e^{4x+6}\cdot4
3	\frac{1}{\cos\left(x^2\right)}
3	1x^{-\frac12}
3	-\operatorname{6\mathrm{sen}}\left(x\right)
3	\frac{\cos\left(5x\right)\cdot5\cdot x^3-\operatorname{\mathrm{sen}}\left(5x\right)\cdot3x^2}{x^6}
3	16x^3-24x^2
3	30x^4-9x^2
3	3x\ln\left(x\right)+\frac{x^3}{x}
3	9x^2(x^3+9)^2
3	5\left(e^{x}\operatorname{\mathrm{sen}}\left(x\right)+e^{x}\cos\left(x\right)\right)
3	\frac{(9-9\ln\left(x\right))}{x^2}
3	36x^3\cdot\ln\left(x\right)+9x^3
3	7e^{x}\cos\left(x\right)+7e^{x}(-\operatorname{\mathrm{sen}}\left(x\right))
3	8x^3e^{x}+24x^2e^{x}
3	32x^3\sin(x) + 8x^4\cos(x)
3	\frac{10}{x}
3	\frac{\cos\left(4x\right)\cdot4\cdot x-\operatorname{\mathrm{sen}}\left(4x\right)}{x^2}
3	\frac{9x}{\sqrt{9x^2+1}}
3	\frac{5 - 10\ln(x)}{x^3}
3	\frac{(2x^3+21x^2)}{x^2+14x+49}
3	7(e^{x}\cdot x^2+e^{x}\cdot2x)
3	\frac{e^x(x-3)}{x^4}
3	2\cdot\frac{1}{2\sqrt{x}}
3	\frac{14x}{x}
3	27x^2\cdot\operatorname{\mathrm{sen}}\left(x\right)+9x^3\cdot\cos\left(x\right)
3	\frac{5(e^{x}x^3-e^{x}3x^2)}{(x^3)^2}
3	\frac{3x^2}{x+7}-\frac{x^3}{(x+7)^2}
3	\frac{2}{x^2+10x+25}
3	24x+5
3	3x^{\frac12}
3	\frac{6\cos\left(x\right)\cdot x-6\operatorname{\mathrm{sen}}\left(x\right)}{x^2}
3	\frac{3\cos\left(3x\right)}{x}-\frac{\operatorname{\mathrm{sen}}\left(3x\right)}{x^2}
3	-\operatorname{\mathrm{sen}}\left(x\right)3
3	\frac{2}{2\sqrt2}
3	8x^{3+e^{x}}
3	\frac{5(\cos\left(x\right)x^3-3x^2\operatorname{\mathrm{sen}}\left(x\right))}{x^6}
3	\frac{4(1-\ln(x))}{x^{2}}
3	\frac{12\ln\left(x\right)^3}{x}
3	\frac{5e^x(x-1)}{x^2}
3	\frac{\frac{8}{x}x-8\ln\left(x\right)}{x^2}
3	\frac{(\cos\left(x\right)x^2-\operatorname{\mathrm{2x}\mathrm{sen}}\left(x\right))}{x^4}
3	9\left(\frac{e^{x}x^3-e^{x}3x^2}{x^6}\right)
3	6(e^{x}\operatorname{\mathrm{sen}}\left(x\right)+e^{x}\cos\left(x\right))
3	e^{x}\cdot\cos\left(x\right)-e^{x}\cdot\operatorname{\mathrm{sen}}\left(x)\right.
3	\frac{3x^2\cdot\left(x+8\right)-x^3}{\left(x+8\right)^2}
3	-32x^3+27x^2
3	2(e^{x}\operatorname{\mathrm{sen}}\left(x\right)+e^{x}\cos\left(x\right))
3	\frac{6}{\left(x+9\right)^2}
3	-\frac{8}{x^2+2x+1}
3	x^2e^{x}
3	\frac{\frac{4}{x}\cdot x^3-4\ln\left(x\right)\cdot3x^2}{x^6}
3	\frac{(x\cos\left(x\right)+\operatorname{\mathrm{sen}}\left(x\right))}{x^2}
3	\frac{(9\operatorname{\mathrm{\cos\left(x\right)}}x^3-27\operatorname{\mathrm{sen}}\left(x\right)x^2)}{x^6}
3	12x^2(x^3+2)^3
3	\frac{9x^3e^{x}-27x^2e^{x}}{x^6}
3	12x^2e^{x}+e^{x}4x^3
3	\frac{(2x(x+5)-x^2)}{(x+5)^2}
3	15x^2\cdot e^{x}
3	45x^4-32x^3
3	7xe^{x}
3	3x^2\ln\left(x\right)+\frac{x^31}{x}
3	\frac{e^{x}}{x^6}(x^3-3x^2)
3	-\operatorname{\mathrm{sen}}\left(4x+1\right)4
3	5x^2e^{x}+10xe^{x}
3	33x^3-6x
3	\frac{x-2}{x^2}
3	\frac{x^{2}+4x}{(x+2)^{2}}
3	\frac{-4\operatorname{\mathrm{sen}}\left(2\ln\left(x\right)\right)}{x}
3	\frac{16x}{8x^2+8}
3	\frac{2}{\cos^{2}(x)}
3	-\frac{2}{x^3}
3	2(x^2+4)2x
3	\frac{2x}{x^2+4}
3	-12x^3+24x^2
3	4x^3e^{3x}+x^4e^{3x}3
3	\frac{(28\ln\left(x\right)^3)}{x}
3	3xe^{x-1}
3	\frac{x^2 + 6x}{(x+3)^2}
3	\frac{3x^2(x+7)-x^3}{x^2+14x+49}
3	10x+4
3	-5\operatorname{\mathrm{sen}}\left(5x+3\right)
3	15x^4-32x^3
3	\frac{7\cos\left(7x\right)x^2-2\operatorname{\mathrm{sen}}\left(7x\right)x}{x^4}
3	\frac{\left(x+8\right)-\left(x+5\right)}{\left(x+8\right)^2}
3	21\ln\left(x\right)^2\cdot\frac{1}{x}
3	\frac{5e^{x}(x^2-2x)}{x^4}
3	\frac{2x^{3}+9x^{2}}{(x+3)^{2}}
3	e^{4x^2+8x}(8x+8)
3	45x^4-6x^2
3	\frac{4x^3e^{x}-12x^2e^{x}}{x^6}
3	5\cos(x) - 6\sin(x)
3	\frac{(e^{x}\cdot x^3-e^{x}\cdot3x^2)}{x^6}
3	\frac{5(e^{x}x^3-e^{x}3x^2)}{x^6}
3	\frac{1}{4x+4}+4
3	3(2\cos\left(x\right)-\operatorname{\mathrm{sen}}\left(x\right))
3	5x^3\ln\left.(x\right)
3	18x^2\cdot e^{x}
3	\frac{3}{x^2+14x+49}
3	\frac{\cos\left(5x\right)5x^2-2\operatorname{\mathrm{sen}}\left(5x\right)x}{x^4}
3	4(x^3+3)^3\cdot3x^2
3	-3x
3	8e^{x}\cdot\operatorname{\mathrm{sen}}\left(x\right)+8e^{x}\cdot\cos\left(x\right)
3	\frac{1}{\placeholder{}}
3	5(\cos\left(x\right)-\operatorname{\mathrm{sen}}\left(x\right))
3	\cos\left(4x+1\right)\cdot4
3	8x^4e^{x}+32x^3e^{x}
3	\frac{\frac{4}{x}x-4\ln\left(x\right)}{x^2}
3	24x^3\cdot\operatorname{\mathrm{sen}}\left(x\right)+6x^4\cdot\cos\left(x\right)
2	2e^{2x}
2	\frac{3e^{x}(x-2)}{x^3}
2	\frac{(24\ln\left(x\right)^3)}{x}
2	\frac{(2x\cdot x+6-x^2\cdot1)}{(x+6)^2}
2	1\cdot5x^{-\frac12}
2	\frac{2\cdot x\cdot(x+5)-x^2)}{(x+5)^2}
2	32x^3\cdot\frac{1}{x}
2	5(3x^2\ln\left(x\right)+x^2)
2	12(x^3+5)^3x^2
2	-\frac{7}{x\left\lbrace^2\right\rbrace}
2	\frac{4}{2\cdot\sqrt{x}}
2	3(x^2+1)^22x
2	e^{x}(-\operatorname{\mathrm{sen}}\left(x)\right)
2	\frac{2x}{(x^2+7)}
2	2\left(3x^2\operatorname{\mathrm{sen}}\left(x\right)+x^3\cos\left(x\right)\right)
2	\frac{x+2-\left(x+8\right)}{\left(x+2\right)^2}
2	\frac{\left(x+5\right)-\left(x+4\right)}{\left(x+5\right)^2}
2	\frac{\frac{2}{x}\cdot x^3-2\ln\left(x\right)\cdot3x^2}{(x^3)^2}
2	4x^3e^{8x}+x^4e^{8x}8
2	6x^2(x^3+8)
2	(10x+5)\cdot e^{5x^2+5x}
2	\frac{6\cos\left(x\right)x+6\operatorname{\mathrm{sen}}\left(x\right)}{x^2}
2	\frac{1}{x+1}-\frac{x+8}{\left(x+1\right)^2}
2	\frac{2xe^x - 4e^x}{x^4}
2	12\operatorname{\mathrm{sen}}^2\left(x\right)\cos\left(x\right)
2	\frac{\left(7\right)}{\left(x+8\right)^2}
2	14x\cdot\ln\left(x\right)+\frac{7x^2}{x}
2	4\sqrt{x}
2	5\sqrt{x}
2	\frac{x+7-x+3}{(x+7)^2}
2	e^{4x^2+6x}\cdot(8x+6)
2	\frac{d}{\differentialD x}(2x2)=2\cdot2x=4x
2	4x\left(x^2+4\right)
2	\frac{(2x^2+16x-(x^2+1))}{(x+8)}
2	\frac{8\cdot\cos\left(x\right)\cdot x^3-3x^2\cdot\operatorname{\mathrm{8}\mathrm{sen}}\left(x\right)}{x^6}
2	24x^2\cdot\operatorname{\mathrm{sen}}\left(x\right)+8x^3\cdot\cos\left(x\right)
2	\frac{4x}{\sqrt{4x^2+5}}
2	4x\cdot e^{x}+2x^2e^{x}
2	20x^4-9x^2
2	9x^2(x^3+9)
2	\frac{1}{2\cdot\ln\left(x\right)}
2	7\cos\left(7x+8\right)
2	\frac{8e^{x}x^3-24e^{x}x^2}{x6}
2	30x^4-8x
2	(d)=x
2	\frac{(9\cos\left(x\right)x^3-9\operatorname{\mathrm{sen}}\left(x\right)3x^2)}{x^6}
2	(8x+6)e^{4x^2+6x}^{^{}}
2	\frac{2x^{3}+6x^{2}}{(x+2)^{2}}
2	30^4-6x
2	2(8x+6)8
2	9(e^{x}\cos\left(x\right)-e^{x}\operatorname{\mathrm{sen}}\left(x\right))
2	\frac{8x}{(4x^2+6)}
2	2\sqrt{\placeholder{}}
2	\frac{\cos\left(7x\right)7x^2-2\operatorname{\mathrm{sen}}\left(7x\right)x}{x^4}
2	e^{x}\sin(x) + e^{x}\cos(x)
2	\frac{1}{x}\cdot\ln\left(e\right)
2	\frac{(\cos\left(x\right)\cdot x^3-\operatorname{\mathrm{sen}}\left(x\right)\cdot3x^2)}{x^6}
2	16\operatorname{\mathrm{sen}}\left(x\right)^3\cdot\frac{1}{x}
2	\frac{2x\cos(x) - 2\sin(x)}{x^2}
2	25x^4-36x^3
2	2^x\ln(2)
2	\frac{1}{4x+3}\cdot4
2	\frac{x+9-\left(x+1\right)}{\left(x+9\right)^2}
2	\frac{2x}{x+5}-\frac{x^2}{(x+5)^2}
2	16x^3-10x
2	\frac{\left(x+8\right)-\left(x+3\right)}{\left(x+8\right)^2}
2	4e^{5\operatorname{\mathrm{sen}}\left(x\right)}\cdot5\cos\left(x\right)
2	\frac{3}{x^3}-\frac{3\ln\left(x\right)}{x^3}
2	2\cos\left(x\right)-6\cos\left(x\right)
2	2\cdot2x+e^{x}
2	e^{3x+8}\cdot3
2	e^{2x^2+5x}\cdot(4x+5)
2	e^{4x^2+4x}(8x+4)
2	\frac{6x}{\sqrt{6x^2+3}}
2	\frac{(\frac{1}{x}x-\ln\left(x)1\right.)}{x^2}
2	\frac{(2x-4x\ln\left(x)\right.)}{x^4}
2	\frac{3e^{x}}{x^4}(x^2-2x)
2	7e^x(\operatorname{sen}(x)+\cos(x))
2	\frac{7\cos\left(7x\right)}{x^3}-\frac{3\operatorname{\mathrm{sen}}\left(7x\right)}{x^4}
2	\frac32x\cdot(-\frac12)
2	(24x^2+8x^3)e^{x}
2	\frac{-3}{(x+4)^{2}}
2	x\cdot\cdot x
2	7e^x(\cos(x)-\operatorname{sen}(x))
2	\frac{8}{10}x^{-\frac12}
2	e^{4x+1}4
2	\frac{3x}{\sqrt{3x^2+2}}
2	e^{8x+2}\cdot8
2	e^{2x+5}\cdot2
2	8e^{^{x}}
2	\frac{4e^{x}x^3-4e^{x}3x}{x^6}^2
2	\frac{6}{1\sqrt{x}}
2	\frac{2x^3 + 15x^2}{(x+5)^2}
2	21x^2\cdot\ln\left(x\right)+7x^2
2	\frac{(4e^{x}\cdot x-4e^{x})}{x^2}
2	\frac{5}{\cos(x)^2}
2	\frac{7 - 7\ln(x)}{x^2}
2	10(2x+5)^4
2	\frac{2x\cdot\left(x+2)-x^2\cdot1\right.}{\left(x+2\right)^2}
2	\frac{7\cos\left(x\right)}{x^3}-\frac{7\operatorname{\mathrm{sen}}\left(x\right)}{x^4}
2	15x^2\ln\left(x\right)+\frac{7x^3}{x}
2	\frac{\cos\left(4x\right)4x^3-3\operatorname{\mathrm{sen}}\left(4x\right)x^2}{x^6}
2	\frac{-4}{\left(x+1\right)^2}
2	\frac12(2x^2+6)^{\frac{-1}{2}}4x
2	\frac{(8x^2\cos\left(8x\right)-2x\operatorname{\mathrm{sen}}\left(8x\right))}{x^4}
2	-\operatorname{\mathrm{sen}}\left(3x+6\right)3
2	7e^{7x+5}
2	\frac{1-1}{(x+8)^2}
2	\frac{1}{x+10}-\frac{x+9}{\left(x+10\right)^2}
2	18x^2\cdot e^{x}+9x^3\cdot e^{x}
2	\frac{0x-1}{x^2}
2	8\cdot-\operatorname{\mathrm{sen}}\left(x\right)
2	\frac{3\cos\left(3x\right)x^3-3x^2\operatorname{\mathrm{sen}}\left(3x\right)}{x^6}
2	-\frac{1}{x^{-2}}
2	2e^{2x+6}
2	\frac{3x^2-x^3}{(x+1)^2}
2	\frac{(-3)e^{2x}}{x^7}
2	e^{5x^2+x}\cdot(10x+1)
2	2x\ln\left(x\right)+x^2
2	e^{6x+7}\cdot6
2	3x^2\cdot e^{6x}+x^3\cdot e^{6x}\cdot6
2	\frac{1}{x\ln(2)}
2	\frac{(4e^{x}x^3-4e^{x}3x^2)}{x^6}
2	\frac{1}{\ln\left(4\right)x}
2	\frac{1}{3x+4}\cdot3
2	6e^{x}(\sen(x)+\cos(x))
2	8\cos\left(8x+6\right)
2	\frac{2}{\frac22}
2	\frac{-2}{\sqrt{x}}
2	9x^2\ln\left(x\right)+3^{^{}}x^3\frac{1}{x}
2	36x^3\cdot\ln\left(x\right)+\frac{9x^4}{x}
2	\frac{3(x^2-\ln\left(x\right)3x^2)}{x^6}
2	\frac{1}{4x+7}
2	\frac{2\cos\left(2x\right)x^3-\operatorname{\mathrm{sen}}\left(2x\right)3x^2}{x^6}
2	4e^x(\cos(x)-\operatorname{sen}(x))
2	36x^3e^{x}+9x^2e^{x}
2	\frac{16}{x}\ln\left(x\right)^3
2	-\operatorname{\mathrm{sen}}\left(7x+9\right)7
2	18^{}x^2+e^{x}
2	11x^2-12x
2	\frac{4x}{x}
2	12x^2(x^3+8)^3
2	(2x\cdot\frac{(x+5)-x^2)}{(x+5)^2}
2	(6x+2)\cdot e^{3x^2+2x}
2	e^{x}(24x^2+8x^3)
2	\frac{2x}{x+8}-\frac{x^2}{(x+8)}
2	9\cos\left(9x+5\right)
2	\frac{e^{x}\cdot x^{3-}5e^{x}\cdot3x^2}{x^6}
2	3x^3\ln\left(x\right)+x^3
2	\frac{5x\cos(x) - 10\sin(x)}{x^3}
2	2\left(2x\operatorname{\mathrm{sen}}\left(x\right)+x^2\cos\left(x\right)\right)
2	\frac{(e^{x}x^2-e^{x}2x)}{(x^2)^2}
2	2e^{x}\operatorname{(\mathrm{sen}}\left(x\right)+\cos\left(x\right))
2	\frac{-6}{\left(x+2\right)^2}
2	3(\cos\left(x\right)-5\operatorname{\mathrm{sen}}\left(x\right))
2	\frac{3x^2\cdot\left(x+5\right)-x^3}{\left(x+5\right)^2}
2	6xe^{x}
2	2x\cdot e^{8x}+x^2\cdot e^{8x}\cdot8
2	4x^3\cos(x)+12x^2\operatorname{sen}(x)
2	5e^{x}\cdot\cos\left(x\right)+5e^{x}\cdot-\operatorname{\mathrm{sen}}\left(x\right)
2	\frac{x-3\cdot1}{x^2}
2	\frac{2x(x+6x)-x^2}{(x+6)^2}
2	\frac{-8}{2\sqrt{x}}
2	2x^4\cdot e^{x}+8x^3\cdot e^{x}
2	6\cos\left(6x+6\right)
2	9e^{x}\cos\left(x\right)-\operatorname{\mathrm{sen}}\left(x\right)9e^{x}
2	18x^2\cdot\ln\left(x\right)+\frac{6x^3}{x}
2	10(5x+8)
2	2(x^2+1)2x
2	\frac{7x}{\sqrt{7x^2+5}}
2	\frac{8x}{2\sqrt{4x^2+7}}
2	\frac{4\cos\left(4x\right)x^3-\operatorname{\mathrm{sen}}\left(4x\right)3x^2}{x^6}
2	12x^2\cdot\ln\left(x\right)+\frac{4x^3}{x}
2	\frac{4(3\ln\left(x\right)^2)}{x}
2	\frac{\frac{8}{x}\cdot x-8\ln\left(x\right)}{x^2}
2	4x\cdot\frac{1}{x}
2	\frac{\cos\left(2x\right)\cdot2\cdot x^2-\operatorname{\mathrm{sen}}\left(2x\right)\cdot2x}{x^4}
2	\frac{7e^{x}x^2-7e^{x}\cdot2x}{x^4}
2	-\operatorname{\mathrm{sen}}\left(x\right)4
2	\frac{(\cos\left(7x\right)\cdot7)\cdot x-(\operatorname{\mathrm{sen}}\left(7x\right)}{x^2}
2	12x^2(x^3+4)^3
2	6x\cdot\ln\left(x\right)+\frac{3x^2}{x}
2	\frac{}{}7e^{x}\operatorname{\mathrm{sen}}(x)+7e^{x}\cos(x)
2	\frac{8\operatorname{\cos}\left(x\right)}{x}-\frac{8\operatorname{\mathrm{sen}}\left(x\right)}{x^2}
2	\frac{2x^3 + 3x^2}{(x+1)^2}
2	12x^3\cdot\operatorname{\mathrm{sen}}\left(x\right)+3x^4\cdot\cos\left(x\right)
2	\frac{12\ln\left(x\right)\ln\left(x\right)\ln\left(x\right)}{x}
2	6x^2+xe^{x}
2	x+9
2	\frac{(e^{x}x^2-2e^{x}x)}{x^4}
2	\frac{6}{(2\sqrt{x)}}
2	3e^x(\cos(x)-\sin(x))
2	\cos\left(3x+2\right)\cdot3
2	(2x+3)e^{x^2+3x}
2	4x\ln\left(x\right)+2x^2\cdot\frac{1}{x}
2	5x^4+8
2	\frac{16\ln\left(x\right)\ln\left(x\right)\ln\left(x\right)}{x}
2	\frac{(15\ln\left(x\right)^2)}{x}
2	\frac{(x+4)-(x+6)}{(x+4)^2}
2	8\operatorname{\mathrm{sen}}\left(x\right)\operatorname{\mathrm{sen}}\left(x\right)\operatorname{\mathrm{sen}}\left(x\right)\cos\left(x\right)
2	\frac{1}{\ln3\cdot x}
2	4x^3\cdot e^{8x}+x^4\cdot e^{8x}\cdot8
2	\frac{(6x\cos\left(6x\right)-\operatorname{\mathrm{sen}}\left(6x\right))}{x^2}
2	\frac{(5\cos\left(x\right)x^2-5\operatorname{\mathrm{sen}}\left(x\right)2x)}{x^4}
2	20x^{3+8}
2	\frac{x\cos\left(x)-\operatorname{\mathrm{sen}}\left(x\right)\right.}{x^2}
2	30x^4-28x^3
2	\frac{1}{6x+9}\cdot6
2	7(\frac{1-\ln\left(x\right)2}{x^7})
2	-\operatorname{\mathrm{sen}}\left(6x+7\right)\cdot6
2	8\left(\frac{e^{x}x^3-e^{x}3x^2}{x^6}\right)
2	^{\ln\left(5\right)\cdot5^{x}}
2	21x^3+2
2	\frac{1\cdot(x+3)-(x+2)\cdot1}{(x+3)^2}
2	2x\cdot\ln\left(x\right)+x^{}
2	\frac{\left(2x\cdot\left(x+6\right)\right)-\left(x^2\right)}{\left(x+6\right)^2}
2	24+e^{x}
2	7e^{x}\cdot\cos\left(x\right)+7e^{x}\cdot-\operatorname{\mathrm{sen}}\left(x\right)
2	6(\frac{1-\ln\left(x\right)}{x^2})
2	12x^2-5x
2	\frac{4}{\left(x+1\right)^2}
2	2\cdot x2-1
2	\frac{\left(x+7\right)-\left(x+5\right)}{\left(x+5\right)^2}
2	2x\cdot e^{x}+x^2e^{x}
2	\frac{6x}{\sqrt{6x^2+5}}
2	\frac{x+9-(x+5)}{(x+9)^2}
2	45x^2-6x
2	\frac{5}{x^2}+\frac{5\ln\left(x\right)}{x^2}
2	5(e^{x}\cos\left(x\right)-e^{x}\operatorname{\mathrm{sen}}\left(x\right))
2	\frac{6\cos\left(6x\right)x^2-\operatorname{\mathrm{sen}}\left(6x\right)2x}{x^4}
2	\frac{x\cos\left(x\right)+\operatorname{\mathrm{sen}}\left(x\right)}{x^2}
2	\frac{1\cdot(x+3)-(x+4)\cdot1}{(x+3)^2}
2	10x^4-24x^3
2	\frac{5\left(1-\ln\left(x\right)\right)}{x^2}
2	5\operatorname{\mathrm{sen}}^4\left(x\right)\cdot\cos\left(x\right)
2	5\left(5sen^4\left(x\right)\right)\cos\left(x\right)
2	\frac{(4-4\cdot\ln\left(x)\right.)}{x^2}
2	28x^3\sin(x) + 7x^4\cos(x)
2	40x^4-9x^2
2	\frac{1}{6x+6}
2	3\cos\left(3x+9\right)
2	\frac{(-5)}{x^2}
2	-36x6+15x^2
2	5e^{\operatorname{2\mathrm{sen}}\left(x\right)^{}}\cdot2\cos\left(x)\right.
2	\frac{(3\cos\left(x\right)x^2-6x\operatorname{\mathrm{sen}}\left(x\right))}{x^4}
2	e^{2\operatorname{\mathrm{sen}}\left(x\right)}(2\cos\left(x\right))
2	-\operatorname{\mathrm{sen}}\left(6x+1\right)6
2	4(x^2+1)x
2	-9x
2	\frac{6(1-\ln(x))}{x^{2}}
2	6x^2\cos(x)+12x\operatorname{sen}(x)
2	\frac19
2	5x+e^{x}
2	\frac{8-16\ln(x)}{x^3}
2	\frac{5(4\ln\left(x\right)^3)}{x}
2	4x^3e^{x}+12x^2e^{x}
2	e^{2x}\left(4x^3+2x^4\right)
2	e^{5x^2+2x}\cdot(10x+2)
2	-3\operatorname{\mathrm{sen}}\left(3\ln\left(x\right)\right)\cdot x^{-1}
2	\frac{5 - 5\ln(x)}{x^2}
2	\frac{(4e^{x}\cdot x^3-4e^{x}\cdot3x^2)}{x^6}
2	\frac{3\ln^2\left(x\right)}{x}
2	30x^4-12x^3
2	-\operatorname{\mathrm{sen}}\left(3x+5\right)3
2	-5\cdot\cos\left(x\right)
2	5xe^{x}
2	\frac{(d-d\cdot d)}{d^2}\cdot\left\lbrack x\right\rbrack+\frac{d}{\differentialD x}.1
2	6xe^{^{x-1}}
2	\frac{\cos\left(5x\right)\cdot5\cdot x^3-\operatorname{\mathrm{sen}}\left(5x\right)\cdot3x}{x^6}
2	6\cos(x) - 2\sin(x)
2	5\cdot-\frac12x^{-\frac12}
2	\frac{10x}{(5x^2+6)}
2	8e^{x}(\cos(x)-\sin(x))
2	\cos\left(4x+4\right)4
2	3xe^{x}
2	\frac{(5x^3e^{x}-15x^2e^{x})}{x^6}
2	\frac{7(3\ln\left(x\right)^2)}{x}
2	-\frac{3}{x^2+4x+4}
2	6x(x^2+9)^2
2	24x\left\lbrace^3\right\rbrace\cdot e^{x}
2	6^{x-1}x
2	2\cdot e^{x}\cdot\operatorname{\mathrm{sen}}\left(x\right)+2\cdot e^{x}\cdot\cos\left(x\right)
2	2e^{x}\operatorname{-\mathrm{sen}}x+2e^{x}\cos x
2	8x^3\cdot\operatorname{\mathrm{sen}}\left(x\right)+2x^4x\cos\left(x\right)
2	\frac{4x}{2\sqrt{2x^2+2}}
2	^{\frac{-1}{(x+8)^2}}
2	e^{5x^23x}\cdot(10x\cdot3)
2	9\cdot3\ln\left(x\right)^2\cdot\frac{1}{x}
2	5e^{5+5}
2	32x-8x
2	\frac{5x^4}{x}+20x^3\ln\left(x\right)
2	12x\ln\left(x)+\frac{6x^2}{x}\right.
2	\frac{9}{x^2}-\frac{18\ln\left(x\right)}{x^2}
2	-6\operatorname{\mathrm{sen}}\left(6x+8\right)
2	\frac{3e^{x}}{x^6}(x^3-3x^2)
2	\frac{(0\cdot x-7\cdot1)}{x^2}\frac{}{^{}}
2	\frac{(-8)}{x^2}
2	20x^4-36x^3
2	16x^3e^{x}+e^{x}4x^4
2	\frac{(x^2-\ln\left(x\right)3x^2)}{x^6}
2	8x^3\cos\left(x\right)+24x^2\operatorname{\mathrm{sen}}\left(x\right)
2	16x\ln\left(x\right)+\frac{4x^2}{x}
2	\frac{x\cos(x) - 2\sin(x)}{x^{3}}
2	9e^{x}\cdot\cos\left(x\right)+9e^{x}\cdot-\operatorname{\mathrm{sen}}\left(x\right)
2	-\operatorname{\mathrm{sen}}\left(4x+3\right)4
2	\frac{2x}{x}
2	-6\operatorname{\mathrm{sen}}\left(\times\right)
2	x\cdot3^{x-1}
2	\frac{3e^{x}\cdot x^2-3e^{x}\cdot2x}{(x^2)^2}
2	-5\operatorname{\mathrm{sen}}\left(5x+9\right)
2	\frac{2x}{\sqrt{2x^2+1}}
2	-4x^{-5}
2	-\operatorname{\mathrm{sen}}\left(x\right)8
2	2x(e^{x})+x^2(e^{x})
2	18x^2\operatorname{\mathrm{sen}}\left(x\right)+9x^3\cos\left(x\right)
2	3\cdot e^{x}
2	4^{x-1}
2	6(x^3+9)x^2
2	\frac{x\cos\left(x\right)-\operatorname{2\mathrm{sen}}\left(x\right)}{x^3}^{}
2	30x^4-15x^2
2	-\frac{8}{x^{-2}}
2	\
2	6x^2(x^3+6)
2	e^{x}(\cos(x) - \sin(x))
2	\frac{e^{x}}{x^2}-\frac{e^{x}}{x^3}
2	\frac{3\cos\left(3x\right)\cdot x-\operatorname{\mathrm{sen}}\left(3x\right)}{x^2}
2	6x+1
2	5\left(\frac{1-\ln\left(x\right)}{x^2}\right)
2	3x^{2}\sin(x)+x^{3}\cos(x)
2	\frac{4-12\ln\left(x\right)}{x^4}
2	9\ln\left(x\right)^2\cdot\frac{1}{x}
2	\frac{(9e^{x}x^3-27x^2e^{x})}{x^6}
2	8x^3(4\ln\left(x\right)+1)
2	6\cos(x)-2\sin(x)
2	e^{5x^2+8x}(5(2x)+8)
2	5+10x\cdot e^{5x^2+5x}
2	\frac{7e^{x}x^2-2x7e^{x}}{x^4}
2	\frac{4(2x)}{4x^2+7}
2	8x^3-18x
2	15x^{^4}-8x
2	e^{4x^2+3x}(8x+3)
2	\frac{-9x}{\sqrt{(9x^2+2)}}
2	\frac{1}{5x+4}\cdot5
2	\frac{2\cos\left(x\right)x^3-6x^2\operatorname{\mathrm{sen}}\left(x\right)}{(x^3)^2}
2	\frac{1}{x}\ln2\left(x\right)
2	9\cdot\frac12x
2	\frac{x^2+4x}{\left(x+2\right)^2}
2	\frac{1}{-2\sqrt{x}}\cdot7
2	\frac{3e^{x}(x-2)}{x^{3}}
2	\frac{2x\cdot(x+2)-x^2\cdot1}{(x+2)^2}
2	\frac{18\ln\left(x\right)\ln\left(x\right)}{x}
2	\frac{1}{x^{^4}}-\frac{3\ln\left(x\right)}{x^4}
2	\frac{5}{\cos x^2}
2	2x+
2	21x+5
2	\frac{3e^{x}\cdot x^3-3e^{x}\cdot3x^2}{x^6}
2	5e^x(\sin(x)+\cos(x))
2	5e^{5x+4}
2	2xe^{2x}+x^2e^{2x}
2	\frac{6(x^2-3x^2\ln\left(x\right))}{x^6}
2	24x^{3-4x}
2	\frac{3\operatorname{\mathrm{sen}}\left(3\ln\left(x\right)\right)}{x}
2	\frac{(7e^{x}x^2-14e^{x}x)}{x^4}
2	\frac{\left(\frac{5}{x}\cdot1-5\ln x\cdot1\right)}{1^2}
2	18x^2\cdot\ln\left(x\right)+6x3\cdot\frac{1}{x}
2	3(x^3+2)^23x^2
2	10x^4-8x^3
2	e^{9x+7}9
2	4x^{-2}
2	(x
2	e^{2x^2+9x}(2(2x)+9)
2	e^{x^2+7x}(2x+7)
2	7\cdot\frac{1}{2\cdot\sqrt{x}}
2	\frac{7e^x(x-3)}{x^4}
2	8(2x\operatorname{\mathrm{sen}}\left(x\right)+x^2\cos\left(x\right))
2	5x^4+6
2	15x^4-4x+0
2	\frac{(3\cos\left(x\right)x^2-3\operatorname{\mathrm{sen}}\left(x\right)2x)}{x^4}
2	\frac{(x+2-x-6)}{(x+2)^2}
2	6\cdot5\cdot\cos\left(x\right)^4\cdot\operatorname{6\mathrm{sen}}\left(x\right)^5
2	9e^{9x+3}
2	e^{3x+1}
2	e^{2x^2+4x}\cdot(4x+4)
2	\frac{-4\cdot x}{x^2}
2	2(8x+2)^28
2	3(x^2+8)^2\cdot2x
2	40x^4-32x^3
2	\frac{4}{\sqrt{x}^{}}
2	\frac{18x}{2\sqrt{9x^2+1}}
2	\frac{3e^{x}}{x^2}(x-1)
2	e^{4x^2+7x}\cdot(8x+7)
2	3^{x)\ln\left(3\right)}
2	3e^{x}\operatorname{(\cos}\left(x)-\right.\operatorname{\mathrm{sen}}\left(x\right))
2	\frac{4}{x+1}
2	6x^4-8x^3
2	e^{x}+3e^{x}
2	e^{5x^2+8x}\cdot(10x+8)
2	\frac{(2x\cdot(x+1))-(x^2)}{(x+1)^2}
2	6x\cdot\ln\left(6\right)
2	9\operatorname{\mathrm{sen}}\left(x\right)\operatorname{\mathrm{sen}}\left(x\right)\cos\left(x\right)
2	\frac{(x+5-x-8)}{(x+5)^2}
2	12xe^{x}
2	\frac{8}{-x^2}
2	3x^2-12x
2	24\operatorname{\mathrm{sen}}^2\left(x\right)\cdot\cos\left(x\right)
2	14(7x+9)
2	\frac{1}{x}3\ln\left(x\right)^2
2	e^{7x+7}7
2	\frac{2x^2(x+3)}{(x+1)^2}
2	-5\operatorname{\mathrm{sen}}\left(2\ln\left(x\right)\right)\cdot\frac{2}{x}
2	x^{2}\cdot\ln\left(2\right)
2	36x^3+3
2	4(x^3+9)^33x^2
2	\frac{9}{2x}
2	\frac{2x\cdot\left(x+2)-x^2\right.}{\left(x+2\right)^2}
2	\frac{(2x\cdot(x+5))-(x^2)}{(x+5)^2}
2	(\frac{3x^2(x+6)-x^3)}{(x+6)^2}
2	\frac{(4\cos\left(x\right)x^2-8\operatorname{\mathrm{sen}}\left(x\right)x)}{x^4}
2	-\operatorname{\mathrm{sen}}\left(4x+6\right)4
2	-16x^3+27x^2
2	\frac{x(x+4)}{(x+2)^2}
2	10(5x+5)
2	\frac{-5\operatorname{\mathrm{sen}}\left(5\ln\left(x\right)\right)}{x}
2	\frac{1}{2x+9}\cdot2
2	\frac{x^23(x+2)-x^3}{(x+2)^2}
2	9e^{x}\operatorname{\mathrm{sen}}\left(x)+9e^{x}\cos\left(x\right)\right.
2	3\cdot(x^3+4)^2\cdot3x^2
2	2(4\operatorname{\mathrm{sen}}\left(x\right)^3)\cos\left(x\right)
2	12x\cdot\operatorname{\mathrm{sen}}\left(x\right)+6x^2\cdot\cos\left(x\right)
2	\frac{1}{x^2+14x+49}
2	X
2	e^{x}\operatorname{\mathrm{sen}}\left(x\right)+e^{x}\cos\left(X\right)
2	\frac{5\left(\cos\left(x\right)x-\operatorname{\mathrm{sen}}\left(x\right)\right)}{x^2}
2	\frac{7(e^{x}x^3-e^{x}3x^2)}{x^6}
2	(8x+6)e^{4x^2+6x}
2	-\operatorname{\mathrm{sen}}\left(5x+3\right)5
2	e^{3x+9}3
2	18x^2+6
2	2x(x+9)+x^2
2	21x^2+16x
2	9e^x(\cos(x)-\operatorname{sen}(x))
2	-\frac{3}{x}\operatorname{\mathrm{sen}}\left(3\ln\left(x\right)\right)
2	\frac{1}{7x+2}\cdot7
2	\frac{3(3\ln\left(x\right)^2)}{x}
2	e^1
2	\frac{3x^2e^{x}-6xe^{x}}{x^4}
2	-7\operatorname{\mathrm{sen}}\left(x)\right.
2	-16x^3+24x^2
2	\frac{-3}{\left(x+1\right)^2}
2	\frac{1}{x}\cdot x
2	\frac{1}{4x+8}+\left(4x+8\right)
2	3x^2\cdot e^{5x}+x^3\cdot e^{5x}\cdot5
2	40x^4-16x
2	\frac{6x}{2\sqrt{3x^2+2}}
2	4\cos\left(x\right)+(-5\operatorname{\mathrm{sen}}\left(x\right))
2	e^{7x+2}\cdot7
2	8\left(\frac{\cos\left(x\right)x-\operatorname{\mathrm{sen}}\left(x\right)}{x^2}\right)
2	-12x^3+15x^2+0
2	\frac{(e^{x}\cdot x-e^{x}\cdot1)}{x^2}
2	e^{x}x^{-1}-e^{x}x^{-2}
2	7(4x^3e^{x}+x^4e^{x})
2	16x^3\cdot e^{x}+4x^4e^{x}
2	7\cdot\frac12\cdot x^{-\frac12}
2	\cos\left(7x+7\right)7
2	\frac{1}{10\ln x}
2	\left(18x+9x^2\right).e^{x}
2	18(9x+4)
2	4x^2e^{x}+8xe^{x}
2	15\left(5x+4\right)^2
2	e^{4x^2+9x}\cdot(8x+9)
2	\frac{(x^{-1}x^{-1}+\ln\left(x\right)x^{-2})}{x^2}
2	\frac{(27\ln\left(x\right)^2)}{x}
2	e^{x}\cdot x^{-3}-e^{x}3x^{-2}
2	7xe^{x}(x+2)
2	\frac{6}{x^4}-\frac{6\ln\left(x\right)}{x^4}
2	\frac{16x}{2\sqrt{8x^2+1}}
2	4\cdot4\cdot\left(\ln\left(x\right)\right)^3\cdot\frac{1}{x}
2	\frac{24\ln\left(x\right)}{x}
2	e^{x}\cos(x) - e^{x}\sin(x)
2	3x+7
2	\cos\left(7x+1\right)7
2	4x^3\cdot e^{9x}+x^4\cdot9\cdot e^{9x}
2	30x^4-10x
2	x+\ln\left(2\right)
2	\frac{5e^{x}\left(x^3-3x^2\right)}{x^6}
2	\cos\left(3x+8\right)3
2	\frac{(5x-10\ln\left(x\right)x)}{x^4}
2	20x3+e^{x}
2	2\cdot e^{2x+9}
2	\ln\left(5x\right)
2	35x^4-20x^3
2	36
2	\frac{(4x^3e^{x}-12x^2e^{x})}{x^6}
2	4(x^2+9)^32x
2	3x^{2}e^{9x}\left(1+3x\right)
2	12x^2\ln\left(x\right)+4x^3\ln\left(x\right)
2	2xe^{4x}+x^2e^{4x}4
2	\frac{\ln\left(x\right.)}{\ln\left(3\right)}
2	\frac{(\frac{8}{x})(x^3)-8\ln\left(x\right)2x^2}{(x^3)^2}
2	4\left(x^3+5\right)^33x^2
2	-\operatorname{\mathrm{sen}}\left(5x+9\right)5
2	4e^x\cos(x) - 4e^x\operatorname{sen}(x)
2	\frac{x}{1}
2	\frac{\left(8-8\ln\left(x\right)\right)}{x^2}
2	\frac{8\ln\left(x\right)\ln\left(x\right)\ln\left(x\right)}{x}
2	3\cos(x)-3\sin(x)
2	14(7x+4)
2	(\frac{3x^2(x+4)-x^3)}{(x+4)^2}
2	5e^{x-1}x
2	\frac{1}{9x+9}9
2	18x^2-6x
2	24^3-12x^2
2	7(5\operatorname{\mathrm{sen}}\left(x\right)^4)\cos\left(x\right)
2	-\frac{5\operatorname{\mathrm{sen}}\left(2\ln\left(x\right)\right)}{x}2
2	\frac{\frac92}{\sqrt{x}}
2	\frac{-3x}{x^2}
2	\frac{1}{2\sqrt1}
2	\frac{1}{4x+9}\cdot4
2	\frac{1}{8x+6}\cdot8
2	\cos\left(x\right)+9\left(-\operatorname{\mathrm{sen}}\left(x\right)\right)
2	2e^{x}\left(\sin(x) + \cos(x)\right)
2	6x^2\operatorname{\mathrm{sen}}\left(x\right)+2x^3\operatorname{\cos\left(x\right)}
2	\frac{(x^3+4x^2)}{(x+2)^2}
2	\frac{(3x^2\cdot(x+8))-(x^3)}{(x+8)^2}
2	5\cdot2\ln\left(x\right)\cdot\frac{1}{x}
2	e^{x}x^{-3}-3e^{x}x^{-2}
2	4x^3\cdot\ln\left(x\right)+x^4\cdot x^{-1}
2	16x^3\ln\left(x\right)+4x^4\cdot\frac{1}{x}
2	\frac{(32\ln\left(x\right)^3)}{x}
2	10x^4-12x
2	\frac12(8x^2+6)^{-\frac12}\cdot16x
2	\frac{(8x\cos\left(8x\right)-\operatorname{\mathrm{sen}}\left(8x\right))}{x^2}
2	\frac{e^{x}x^3-e^{x}2x^2}{x^6}
2	\frac{14x}{2\sqrt{7x^2+4}}
2	15x^{^2}+e^{x}
2	\frac{1}{x+7}-\frac{(x+8)}{x^2+7x}
2	\frac{8x\cos(x) - 16\sin(x)}{x^4}
2	6e^{x}\sin(x) + 6e^{x}\cos(x)
2	\frac{x+7-\left(x+5\right)}{\left(x+7\right)^2}
2	-24x^3+9x^2
2	5x^3\cos(x)+15x^2\operatorname{sen}(x)
2	\frac{(2\cos\left(x\right)x-2\operatorname{\mathrm{sen}}\left(x\right))}{x^2}
2	\frac{1}{x \ln(10)}
2	6(2x+6)^3
2	\frac{-5}{2x}
2	\frac{2x^3e^{x}-2x^3e^{x}}{x^6}
2	\frac{(\frac{3}{x}x-3\ln\left(x\right))}{x^2}
2	\frac{1}{\ln\left(6\right)}
2	\frac{6(x^2-\ln\left(x)3x^2)\right.}{x^6}
2	\frac{3(\cos\left(x\right)x^2-2x\operatorname{\mathrm{sen}}\left(x\right))}{x^4}
2	3^{x\ln\left(3\right)}
2	\frac{6x-12\ln\left(x\right)\cdot x}{x^4}
2	3(x^2+7)^2\cdot2x
2	\frac{(9e^{x}x^2-18xe^{x})}{x^4}
2	6\operatorname{\mathrm{sen}}\left(x\right)^2\cdot\cos\left(x\right)
2	e^{2x+9}\cdot2
2	\frac{2x\cdot(x+9)-x^2\cdot1}{(x+9)^2}
2	\frac{2x(x+3)+x^2}{(x+3)^2}
2	7\cos\left(7x+5\right)
2	\frac{\left(x+7\right)-\left(x+1\right)}{\left(x+7\right)^2}
2	\left(6x+2\right)e^{3x^2+2x}
2	\frac{\cos\left(8x\right)\cdot8\cdot x^2-\operatorname{\mathrm{sen}}\left(8x\right)\cdot2x}{x^4}
2	\frac{3e^{x}}{x^2}-\frac{6e^{x}}{x^3}
2	\frac{x+7-\left(x+2\right)}{\left(x+7\right)^2}
2	25x^4-18x
2	\frac{2x\cdot(x+1)-x^2\cdot1}{(x+1)^2}
2	\frac{3(x^2-3x^2\ln\left(x\right))}{x^6}
2	14\cdot\ln\left(x\right)\cdot\frac{1}{x}
2	4xe^{x}(x+2)
2	\frac{\left(3\right)}{\left(x+4\right)^2}
2	35(\operatorname{\mathrm{sen}}\left(x\right))^4\cos\left(x\right)
2	\frac{18\ln^{2}(x)}{x}
2	\frac{1}{x+6}-\frac{x+1}{\left(x+6\right)^2}
2	-28x^3+27x^2
2	14x^3+5
2	\frac{3x^2\cos\left(3x\right)-2x\operatorname{\mathrm{sen}}\left(3x\right)}{x^4}
2	\frac{1}{7x+1}\cdot7
2	-\operatorname{\mathrm{sen}}\left(6x+2\right)6
2	\cos\left(6x+6\right)6
2	6\cdot3x^2+6
2	\frac{(0\cdot x-9\cdot1)}{x^2}
2	\frac{7}{2x}
2	18x\ln\left(x\right)+9x^{}
2	6e^{x}\cdot\cos\left(x\right)+6e^{x}\cdot(-\operatorname{\mathrm{sen}}\left(x)\right)
2	5(5x+2)^45
2	\frac{1}{8\sqrt{x}}
2	\frac{3\cos\left(3x\right)x^2-2x\operatorname{\mathrm{sen}}\left(3x\right)}{x^4}
2	\frac{x}{\sqrt{x^2+1}}
2	\frac{8(1-2\ln\left(x\right))}{x^3}
2	\frac{x+5-\left(x+9\right)}{\left(x+5\right)^2}
2	\frac{5}{2x}
2	40x^4-12x^3
2	\frac{3e^{x}\left(x-1\right)}{x^2}
2	\frac{2x^2-2\ln\left(x\right)3x^2}{x^6}
2	\frac81
2	^{e^{x}(12x^2+4x^3)}
2	7x^3e^{x}(4+x)
2	\frac{2x}{2\sqrt{x^2+7}}
2	\dfrac{4(1-\ln(x))}{x^{2}}
2	5(5x+6)^45
2	6x^2(x^3+9)
2	\frac{(2x\cdot(x+4))-(x^2)}{(x+4)^2}
2	-4\operatorname{\mathrm{sen}}\left(5\ln\left(x)\right.\right)\frac{5}{x}
2	3\left(x^2+2\right)^2\cdot2x
2	e^{3x+1}3
2	\frac{6x}{2\sqrt{3x^2+5}}
2	5\ln\frac{\left(x\right)^4}{x}
2	e^{3x+9}\cdot3
2	3(3x+6)^23
2	-\frac{3}{(x+1)}
2	-2\operatorname{sen}(x)
2	x^4\ln\left(x\right)+\frac{4x^3}{x}
2	\frac{5x\cos(x)-5\sin(x)}{x^{2}}
2	3e^{5\operatorname{\mathrm{sen}}\left(x\right)}5\cos\left(x\right)
2	\cos\left(6x+4\right)6
2	2x^2-16x+0
2	\frac{2}{(x+2)^{2}}
2	\frac{(x^2+6x)}{x^2+6x+9}
2	\frac{16x}{2\sqrt{8x^2+6}}
2	\frac{8e^{x}}{x^6}(x^3-3x^2)
2	3(8x+6)^28
2	\frac{3x}{x^2}
2	2(x^2+3)\cdot2x
2	\dfrac{8e^{x}(x-2)}{x^{3}}
2	\frac{(4\cos\left(x\right)x^3-12\operatorname{\mathrm{sen}}\left(x\right)x^2)}{x^6}
2	3-\operatorname{\mathrm{sen}}\left(x\right)
2	28x^3-12x
2	40x^4-14x
2	\frac{e^{x}\cdot(x-1)}{x^2}
2	2x\cdot e^{x}
2	4x^3e^{5x}+x^4e^{5x}5
2	\frac{8(1-3\ln(x))}{x^{4}}
2	\frac{-6}{\left(x+3\right)^2}
2	6e^{x}(\sin(x)+\cos(x))
2	\frac{\cos\left(6x\right)6x^3-3\operatorname{\mathrm{sen}}\left(6x\right)x^2}{x^6}
2	\frac{4 - 8\ln(x)}{x^{3}}
2	(\frac{(6\cos\left(x\right)x-6\operatorname{\mathrm{sen}}\left(x\right))}{x^2}
2	\frac{x^{2} + 6x}{(x+3)^{2}}
2	4x^3e^{5x}+x^4e^{5x}\cdot5
2	\frac{(x+3)-(x-1)}{(x+3)^2}
2	3x^2(3\ln\left(x\right)+1)
2	\frac{3}{\left(x+6\right)^2}
2	-\frac13
2	\frac{1}{\ln\left(1\right)}
2	\frac{\left(2\right)}{\left(x+8\right)^2}
2	-8x^3+27x^2
2	3(\operatorname{\mathrm{sen}}\left(x\right)+\cos\left(x\right))
2	40x^4-12x^2
2	16\operatorname{\mathrm{sen}}\left(x\right)\operatorname{\mathrm{sen}}\left(x\right)\operatorname{\mathrm{sen}}\left(x\right)\cos\left(x\right)
2	27x^2(\ln\left(x\right))+9x^3(\frac{1}{x})
2	6x^{2}\cos(x) + 12x\sin(x)
2	e^{5x^2+8x}\cdot\left(5x+8\right)
2	20x^{4+7}
2	\frac{\frac{6x}{x}-6\ln\left(x\right)}{x^2}
2	3\left(\frac{e^{x}x^3-e^{x}3x^2}{x^6}\right)
2	\frac{4x^3\cos\left(4x\right)-3x^2\operatorname{\mathrm{sen}}\left(4x\right)}{x^6}
2	9x^2-11x
2	\frac{16x}{2\sqrt{8x^2+7}}
2	\frac{e^{x}3x^2+e^{x}x^3}{x^6}
2	5(2x+9)^42
2	15x^2\sin(x) + 5x^3\cos(x)
2	\frac{1}{x+1}-\frac{x+3}{\left(x+1\right)^2}
2	\frac{12x}{(6x^2+6)}
2	\frac{-2}{x}
2	\ln\left(10\right)
2	\frac{7\cos\left(x\right)\cdot x-7\operatorname{\mathrm{sen}}\left(x\right)}{x^2}
2	\frac{6x\cos(x) - 6\sin(x)}{x^{2}}
2	\frac{6\cdot((e^{x}\cdot x)-(e^{x}))}{x^2}
2	\frac{1}{14\sqrt{x}}
2	4x^3\ln\left(x\right)+\frac{x^41}{x}
2	\frac{(x+7-x-8)}{(x+7)^2}
2	\left(8x+7\right)e^{4x^2+7x}
2	\frac{7\cos\left(x\right)x^2-14\operatorname{\mathrm{sen}}\left(x\right)x}{x^2}
2	10\operatorname{\mathrm{sen}}^4\left(x\right)\cos\left(x\right)
2	\cos\left(4x+4\right)\cdot4
2	18x^3\ln\left(x\right)+6x^3(\frac{1}{x})
2	\frac{5e^{x}x^3-15x^2e^{x}}{x^5}
2	0\cdot\frac{1}{x}
2	\frac{5e^{x}\cdot x^2-5e^{x}\cdot2x}{x^2}
2	-4\operatorname{\mathrm{sen}}\left(4x+1\right)
2	e^{x}\cdot x^{-3}+e^{x}\cdot(-3x^{-4})
2	\frac{1}{x}\cdot\frac{1}{\ln\left(10\right)}
2	e^{x\ln\left(2\right)}\ln\left(2\right)
2	\frac{7e^{x}(x^3-3x^2)}{x^6}
2	\frac{(2x\cdot(x+3))-(x^2)}{(x+3)^2}
2	4\left(\frac{\cos\left(x\right)x-\operatorname{\mathrm{sen}}\left(x\right)}{x^2}\right)
2	\frac{(\frac{9}{x}x^2-9\ln\left(x\right)2x)}{x^4}
2	\frac{0\cdot x-9\cdot1}{x^2}
2	6x\cdot e^{x}+3x^{2}\cdot e^{x}
2	\frac{-4}{(x+1)^{2}}
2	5\left(\frac{e^{x}x-e^{x}}{x^2}\right)
2	\frac{\cos\left(9x\right)9x^3-3\operatorname{\mathrm{sen}}\left(9x\right)x^2}{x^6}
2	\frac{(6\cos\left(x\right)x^2-12x\operatorname{\mathrm{sen}}\left(x\right))}{x^4}
2	\frac{5(x-2x\ln\left(x\right))}{x^4}
2	\frac{2x(x+1)-(x^2)}{(x+1)^2}
2	5\cos(x)-6\operatorname{sen}(x)
2	\frac{4e^{x}\cdot x^2-4e^{x}\cdot2x}{x^4}
2	\frac{9x^2-9\ln\left(x\right)\cdot3x^2}{x^6}
2	\frac{1}{1+x}
2	\frac{1}{x+2}-\frac{x+1}{(x+2)^2}
2	\frac{x^{2}(2x+27)}{(x+9)^{2}}
2	4x^4\cdot e^{x}+16x^3+e^{x}
2	\frac{2x}{x^2+9}
2	-6\sen(x)
2	\frac{4x\cos(x) - 8\sin(x)}{x^3}
2	\frac{(9x^2-27\ln\left(x\right)x^2)}{x^6}
2	4\ln\left(x\right)^3\left(\frac{1}{x}\right)
2	\frac{8\cos\left(x\right)\cdot x^3-8\operatorname{\mathrm{sen}}\left(x)\cdot(3x^2)\right.}{x^6}
2	3\cos\left(x-4\operatorname{\mathrm{sen}}\left(x\right)\right)
2	27x^2\sin(x) + 9x^3\cos(x)
2	20x^3+10x
2	\frac{\cos\left(9x\right)x-\operatorname{\mathrm{sen}}\left(9x\right)}{x^2}
2	15x^{4-12x^3}
2	\cos\left(4x+6\right)\cdot4
2	16x^3\cdot\frac{1}{x}
2	\ln\left(2\right)x
2	-2e^{x}\operatorname{\mathrm{sen}}\left(x\right)+2e^{x}\cos\left(x\right)
2	\frac{8x}{2\sqrt{4x^2+2}}
2	e^{3x+2}3
2	2e^{x}(\operatorname{\mathrm{sen}}\left(x\right)+\cos\left(x)\right)
2	\frac{6}{x}\ln\left(x\right)^2
2	5x^{x-1}
2	\frac{-4}{(x+6)^2}
2	-8\operatorname{\mathrm{sen}}\left(8x+3\right)
2	4+x
2	9\left(\frac{e^{x}x^2-e^{x}2x}{x^4}\right)
2	e^{x^2+5x}\cdot(2x+5)
2	e^5
2	32x^3\ln\left(x)\right.+8x^3
2	8(\cos\left(x\right)x^2-2x\operatorname{\mathrm{sen}}\left(x\right))
2	4\left(x^3+8\right)^33x^2
2	\frac{3}{\sqrt2}
2	\frac{4\cos\left(4x\right)\cdot x^3-\operatorname{\mathrm{sen}}\left(4x\right)\cdot3x^2}{x^6}
2	\frac{(e^{x}\cdot x^2-e^{x}\cdot2x)}{x^4}
2	-6\operatorname{sen}(x)
2	\frac{5}{5x+3}
2	\frac{4e^x(x-2)}{x^3}
2	\frac{15}{x}\ln\left(x\right)^2
2	3x^2.\ln\left(x\right)+x^3\cdot\frac{1}{x}
2	\frac{7e^{x}x^3-21e^{x}x^2}{(x^3)^{^2}}
2	\frac{1}{10x}
2	\frac{\left(x+2\right)-\left(x+7\right)}{\left(x+2\right)^2}
2	\frac52x
2	-\frac{1}{x^2+2x+1}
2	\frac{8\cdot\cos\left(8x\right)\cdot x^2-\operatorname{\mathrm{2}\cdot\mathrm{x}\cdot\mathrm{sen}}\left(8x\right)}{x^4}
2	\frac{\operatorname{\cos}\left(7x\right)7x-\operatorname{\mathrm{sen}}\left(7x\right)}{x^2}
2	5\left(\frac{e^{x}x^2-e^{x}2x}{x^4}\right)
2	\frac{1}{x\ln(10)}
2	\frac{\left(3x^2\cdot\left(x+9)-x^3\right.\right)}{\left(x+9\right)^{2}}
2	-\operatorname{\mathrm{sen}}\left(8x+4\right)\cdot8
2	\frac{15\ln\left(x\right)\ln\left(x\right)}{x}
2	-8
2	\frac{2x^3+18x^2}{x^2+12x+36}
2	\frac{8}{\ln\left(x\right)}
2	\frac{14}{\left(x+6\right)^2}
2	\frac{2\cdot((\frac{1}{x}\cdot x^3)-(\ln\left(x\right)\cdot3x^2))}{x^6}
2	\frac{8-24\ln(x)}{x^4}
2	32\operatorname{\mathrm{sen}}^3\left(x\right)\cos\left(x\right)
2	\frac{x+2-x-4}{(x+2)^2}
2	12x^36x^2
2	\frac{4\cos\left(4x\right)x^2-2\operatorname{\mathrm{sen}}\left(4x\right)x}{x^4}
2	24^3+e^{x}
2	-\frac{1}{x^3}
2	\frac{1-x}{x^2}
2	3(x^2+1)^2\cdot2x
2	\frac12\cdot\frac{1}{\sqrt{x}}
2	20\operatorname{\mathrm{sen}^3}\left(x)\right.\cos\left(x\right)
2	16\cos\left(x\right)\operatorname{\mathrm{sen}}^3\left(x)\right.
2	\frac{2xe^{x} - 4e^{x}}{x^{3}}
2	15x^2\cdot\ln\left(x\right)+5x^2
2	8\cos\left(8x+3\right)
2	\left(0\cdot\operatorname{\mathrm{sen}}\left(x)+2\cos\left(x\right)\right)\right.+\left(0\cdot\cos\left(x\right)+4\left(-\operatorname{\mathrm{sen}}\left(x\right)\right)\right)
2	\frac{1}{x+7}-\frac{(x+8)}{(x+7)^2}
2	\frac{\left(3\right)}{\left(x+9\right)^2}
2	\frac{\frac{5}{x}\cdot x^3-5\ln\left(x\right)\cdot3x^2}{(x^3)^2}
2	5\left(\frac{x^2-\ln\left(x\right)3x^2}{x^6}\right)
2	\frac{8x}{\sqrt{8x^2+1}}
2	3x^{x-1}
2	\frac{(8e^{x}x^2-16xe^{x})}{x^4}
2	4(5x+1)^35
2	\frac{2x^3+12x^2}{x^2+8x+16}
2	9x^2e^{x}+18xe^{x}
2	40x-6x
2	45\operatorname{\mathrm{sen}}\left(x\right)\operatorname{\mathrm{sen}}\left(x\right)\operatorname{\mathrm{sen}}\left(x\right)\operatorname{\mathrm{sen}}\left(x\right)\cos\left(x\right)
2	7e^{x}(\frac{1}{x^3}-\frac{3}{x^4})
2	7e^{x}\cdot\cos\left(x\right)+7e^{x}\cdot(-\operatorname{\mathrm{sen}}\left(x\right))
2	e^{3x^2+4x}\cdot(6x+4)
2	x4
2	e^{4x}(4x^2+2x)
2	4\cos\left(x\right)\cdot e^{4\operatorname{\mathrm{sen}}\left(x\right)}
2	\frac{x+7-\left(x+6\right)}{\left(x+7\right)^2}
2	6(x^2+9)^2x
2	4\cos\left(x\right)+(-4\operatorname{\mathrm{sen}}\left(x\right)
2	3\operatorname{\mathrm{sen}}^2\left(x\right)\cdot\cos\left(x\right)
2	\frac{7\cos\left(7x\right)x^3-\operatorname{\mathrm{sen}}\left(7x\right)3x^2}{x^6}
2	\frac{6e^{x}(x-2)}{x^{3}}
2	4x\cdot e^{x}+2^{^{}}x^2\cdot e^{x}
2	\frac{\left(x+4\right)-\left(x+3\right)}{\left(x+4\right)^2}
2	x+2x\ln\left(x\right)
2	21x^2\ln\left(x\right)+7x^3\cdot\frac{1}{x}
2	\frac{\left(\left(5e^{x}\cdot x\right)-\left(5e^{x}\cdot x\right)\right)}{x^2}
2	\frac{-2}{\left(x+4\right)^2}
2	\frac{2x^3+27x}{\left(x+9\right)^2}
2	\frac{9\cos\left(9x\right)x^3-3x^2\operatorname{\mathrm{sen}}\left(9x\right)}{x^6}
2	\frac{2x}{\sqrt{2x^2+7}}
2	\frac{4e^{x}(x-2)}{x^{3}}
2	x4^{x-1}
2	\frac{\left(4\right)}{\left(x+7\right)^2}
2	2\cos\left(2x+7\right)
2	6\left(2xe^{x}+x^2e^{x}\right)
2	4x^4+0
2	2x\cdot e^{7x}+x^2\cdot e^{7x}\cdot7
2	6x\cdot\ln\left(x\right)+3x
2	\frac{6x^3\cos\left(6x\right)-3x^2\operatorname{\mathrm{sen}}\left(6x\right)}{x^6}
2	\frac{x3}{3}
2	\frac{\frac{1}{x}x^2-\ln\left(x\right)2x}{x^4}
2	x^{3}e^{7x}\left(7x+4\right)
2	\frac{2-2\ln(x)}{x^2}
2	\frac{(7e^{x}\cdot x^2-7e^{x}\cdot2x)}{x^4}
2	6\cos(x)-4\sen(x)
2	3x^{2}
2	21x\cdot e^{x}+7x^3\cdot e^{x}
2	45x^4-5x^2
2	2e^{x}\cos(x) - 2e^{x}\sin(x)
2	\frac{-x^2-6}{(x+3)^2}
2	(1)
2	5\cdot e^{5x+4}
2	15x^2+e^{x}+5x^3+e^{x}
2	e^{2x}
2	2\left(\frac{2e^{x}x-2e^{x}}{x^2}\right)
2	\frac{8}{x}\ln\left(x\right)
2	\frac{(8e^{x}x^2-8e^{x}2x)}{x^4}
2	10^x \ln(10)
2	\frac{6e^{x}x^3-18x^2e^{x}}{x^6}
2	\frac{8}{x^3}\cdot3x^2
2	10x\sin(x)+5x^2\cos(x)
2	2\cdot e^{2x+8}
2	4(e^{x}\cos\left(x\right)-e^{x}\operatorname{\mathrm{sen}}\left(x\right))
2	-\operatorname{\mathrm{sen}}\left(9x+3\right)9
2	x^3(4\ln\left(x)+1\right)
2	e^{x}\cdot x^3+e^{x}\cdot3x^2
2	78
2	14xe^{x}
2	\frac{7\cdot((e^{x}\cdot x^3)-(e^{x}\cdot3x^2))}{x^6}
2	\frac{7\cos\left(x\right)\cdot x^2-7\operatorname{\mathrm{sen}}\left(x\right)\cdot2x}{x^4}
2	\frac{x-\ln\left(x\right)\cdot2x}{x^4}
2	\frac{2e^{x}\left(x^3-3x^2\right)}{x^6}
2	45x^4-18x
2	\frac52\cdot x^{\frac{-1}{2}}
2	24x^3-18x
2	\frac52\cdot\frac{1}{\sqrt{x}}
2	3\left(\frac{e^{x}x^2-e^{x}2x}{x^4}\right)
2	6x\ln\left(x\right)+3x^2\cdot\frac{1}{x}
2	\frac{(5x^2\cos\left(x\right)-10x\operatorname{\mathrm{sen}}\left(x\right))}{x^4}
2	\frac{x^{2}+14x}{(x+7)^{2}}
2	\frac{2\left(\cos\left(x\right)x-\operatorname{\mathrm{sen}}\left(x\right)\right)}{x^2}
2	6x\cdot\operatorname{\mathrm{sen}}\left(x\right)+3x^2\cdot\cos\left(x\right)
2	-\frac{5\operatorname{\mathrm{sen}}\left(5\ln\left(x\right)\right)}{5x}
2	10x^4-18x
2	8e^{x}(\cos\left(x\right)-\operatorname{\mathrm{sen}}\left(x\right)
2	4x(x^2+6)
2	\frac{(x+4-x+3)}{(x+4)^2}
2	5\cdot\ln\left(\frac{1}{x}\right)
2	-7\cos\left(x\right)
2	4(x^2+2)^32x
2	8e^x\cos(x)-8e^x\sen(x)
2	\frac{4e^{x}}{x^4}(x^2-2x)
2	\frac{2x(x+2)+x^2}{(x+2)^2}
2	\frac{2x\cdot(x+5)-x^2\cdot1}{(x+5)^2}
2	\frac{4\cos\left(x\right)x-\operatorname{4\mathrm{sen}}\left(x\right)}{x^2^{}}
2	\frac{0\cdot x-7\cdot1}{x^2}
2	\frac{-6}{\left(x+1\right)^2}
2	9\cdot\frac12\cdot x^{-\frac12}
2	-8\sen(x)
2	9\cdot e^{9x+9}^{^{}}
2	\frac{6}{\cos^{2}(x)}
2	e^{9x}\left(3x^2+9x^3\right)
2	\frac{(9\operatorname{\mathrm{\cos\left(x\right)}}x^2-9\operatorname{\mathrm{sen}}\left(x\right)2x)}{x^4}
2	\frac{\left(8e^{x}x^2-8e^{x}2x\right)}{x^4}
2	2(\cos\left(x\right)-\operatorname{\mathrm{sen}}\left(x\right))
2	4\cdot2(x)^{4-1}
2	15(3x+3)^4
2	\frac{3x\cos(x) - 6\sin(x)}{x^3}
2	6x^2(x^3+3)
2	45x^4-12x
2	\frac{4}{\left(x+7\right)^2}
2	\frac{1-\ln\left(x\right)}{x}
2	\frac{1}{5x+5}\cdot5
2	-\frac{3}{x^2+16x+64}
2	20\operatorname{\mathrm{sen}}^3\left(x\right)\cdot\cos\left(x\right)
2	132313
2	\frac{(9x^2\cos\left(9x\right)-2x\operatorname{\mathrm{sen}}\left(9x\right))}{x^4}
2	e^{x}\cos\left(x\right)+e^{x}(-\operatorname{\mathrm{sen}}\left(x)\right)
2	x\ln2
2	9x^2\cdot e^{x}+3x^3e^{x}
2	25x^3+e^{x}
2	\frac{3x^2(x+5)-x^3}{x^2+10x+25}
2	\frac{7x}{x^2}
2	2x^4\cos(x)+8x^3\operatorname{sen}(x)
2	24x^3+x
2	2e^{2x+5}
2	\tan\left(\placeholder{}\right)
2	6x(x^2+1)^2
2	-\frac{15\operatorname{\mathrm{sen}}\left(3\ln\left(x\right)\right.)}{x}
2	27x^2\ln\left(x\right)+9x^3\cdot\frac{1}{x}
2	\frac{\cos\left(3x\right)3x^3-3\operatorname{\mathrm{sen}}\left(3x\right)x^2}{x^6}
2	7\cos\left(7x+9\right)
2	\frac{\left(d^{\prime}dx-ddx^{\prime}\right)}{\differentialD x2}
2	4\cos\left(x\right)e^{2\operatorname{\mathrm{sen}}\left(x\right)}
2	\frac{1}{x\cdot5}
2	24x^3\ln\left(x\right)+8x^3
2	-\operatorname{\mathrm{sen}}\left(3x+5\right)\cdot3
2	20x^3\ln\left(x\right)+\frac{5x^41}{x}
2	8\cdot4\cdot\left(\ln\left(x\right)\right)^3\cdot\frac{1}{x}
2	15\operatorname{\mathrm{sen}^4}\left(x\right)\cos\left(x\right)
2	3e^{x}\cos\left(x\right)+3e^{x}\cdot-\operatorname{\mathrm{sen}}\left(x\right)
2	16x+e^{x}
2	\frac{\left(x+9\right)-\left(x+8\right)}{\left(x+9\right)^2}
2	28\operatorname{\mathrm{sen}^3}\left(x\right)\cos\left(x\right)
2	\frac{1}{x}\cdot\ln\left(e^{\placeholder{}}\right)
2	\frac{7e^{x}\cdot x^2-7e^{x}\cdot2x}{x^4}
2	\frac{x(x+4)}{(x+2)^{2}}
2	\frac{(3e^{x}x^2-6xe^{x})}{x^4}
2	6(4x^3\ln\left(x\right)+x^3)
2	-5\operatorname{\mathrm{sen}}\left(2\ln\left(x\right)\right)(\frac{2}{x})
2	\frac{8x^2e^{x}-16xe^{x}}{x^4}
2	\frac{9(1-3\ln(x))}{x^{4}}
2	\frac{3x-3\ln\left(x\right)2x}{x^4}
2	3x^2\cdot\ln\left(x\right)+\frac{x^3}{x}
2	\frac{\left(6\cos\left(x\right)\cdot x-6\operatorname{\mathrm{sen}}\left(x)\right.\right)}{x^2}
2	-\operatorname{\mathrm{sen}}\left(4x+2\right)4
2	e^{x^2+2x}2x+2
2	\frac{3}{(\cos\left(x)\right)^2}
2	\frac{4\ln\left(x\right)-\frac{4}{x}x}{x^2}
2	5e^{5x+^{}6}
2	9e^{x}\cos\left(x\right)+9e^{x}\cdot-\operatorname{\mathrm{sen}}\left(x\right)
2	\frac{18x}{9x^2+3}
2	C
2	-\operatorname{\mathrm{sen}}\left(2x+9\right)\cdot2
2	\frac{(\frac{x\cdot(x+6)}{}-\frac{(x+5)\cdot x}{})}{(x+6)^2}
2	\cos\left(2x+7\right)2
2	7\cdot1
2	8x^{\frac12}
2	3x^2\ln\left(x\right)+^{^{}}x^2
2	\frac{6e^{x}x^2-12e^{x}}{x^4}
2	\frac{3\ln^{2}(x)}{x}
2	\frac{x\left(x+2\right)}{\left(x+1\right)^{2}}
2	12\ln\left(x\right)^3\cdot\frac{1}{x}
2	-\frac{1}{2(x)^{\frac32}}
2	7\left(\frac{e^{x}x^3-e^{x}3x^2}{x^6}\right)
2	\frac{6e^x(x-2)}{x^3}
2	\frac{3x^2-(x+6)x^3}{(x+6)^2}
2	6x^2-9x
2	\frac{9}{\cos\left(x^{}\right)^2}
2	\frac{1\cdot(x+5)-(x+9)\cdot1}{(x+5)^2}
2	\frac{8e^{x}(x-3)}{x^{4}}
2	3x^2+8
2	3x^2+\ln\left(x\right)\cdot6x^2
2	\dfrac{2x^{3}+3x^{2}}{(x+1)^{2}}
2	2\cdot\cos\left(x\right)
2	\frac{9(3\ln\left(x\right)^2)}{x}
2	\frac{4\cos\left(4x\right)x^2-\operatorname{\mathrm{2}\mathrm{sen}}\left(4x\right)x}{x^4}
2	\frac{2}{x\ln\left(2\right)}
2	5\cdot\frac{1}{2\cdot\sqrt{x}}
2	\sec^2\left(x\right)
2	-4\operatorname{\mathrm{sen}}\left(4x+5\right)
2	45\operatorname{\mathrm{sen}}\left(x\right)^4\cos\left(x\right)
2	0\cdot5x^{-\frac12}
2	\frac{9e^{x}\cdot x-9e^{x}}{x^2}
2	\frac{1}{x+8}-\frac{x+5}{\left(x+8\right)^2}
2	2\cos\left(2x+2\right)
2	\frac{2}{x^{\frac12}}
2	\frac{x8e^{x}-8e^{x}}{x^2}
2	3x^2\cdot e^{6x}+x^3\cdot6\cdot e^{6x}
2	\frac{x^35e^{x}-5e^{x}3x^2}{x^6}
2	\frac{\left(5e^{x}x-5e^{x}\right)}{x^3}
2	\frac{(3e^{x}\cdot x-3e^{x})}{x^2}
2	6\cdot5\operatorname{\mathrm{sen}}\left(x\right)^4\cdot\cos\left(x\right)
2	\frac{5\cdot\frac{1}{x}\cdot x^2-5\ln\left(x\right)\cdot2x}{x^4}
2	\frac{3x^2(x+4)-(x^3)}{(x+4)^2}
2	25x^4-12x^3
2	\frac{2e^{x}}{x^3}+\frac{6e^{x}}{x^4}
2	-xe^{-2}
2	e^{8x+3}8
2	6\left(\frac{\cos\left(x\right)x^2-\operatorname{\mathrm{sen}}\left(x\right)2x}{x^4}\right)
2	\frac{8e^{x}x^2-16e^{x}x}{x^2}
2	3x^2\cdot e^{8x}+x^3\cdot e^{8x}\cdot8
2	\frac{-5}{(x+9)^2}
2	-\frac{1}{(x+6)^{2}}
2	4e^{x}\cos x-4e^{x}\operatorname{\mathrm{sen}}x
2	\frac{8\cos\left(8x\right)x^3-3\operatorname{\mathrm{sen}}\left(8x\right)x^2}{x^6}
2	\frac{1}{x+2}
2	\frac{(3x^2\cdot(x+3)-x^3)}{(x+3)^2}
2	\frac{(4\cos\left(x\right)-4\operatorname{\mathrm{sen}}\left(x\right))}{x^2}
2	\frac{\frac{e^{x}}{x}-e^{x}}{x^2}
2	\frac{(7\cos\left(x\right)x^2-14x\operatorname{\mathrm{sen}}\left(x\right))}{x^4}
2	15x^{4+9}
2	4\left(2x\operatorname{\mathrm{sen}}\left(x\right)+x^2\cos\left(x\right)\right)
2	\frac{(\cos\left(x\right)-\operatorname{\mathrm{sen}}\left(x\right))}{x^2}
2	\frac{6(x\cos(x)-3\operatorname{sen}(x))}{x^4}
2	2(x^3+5)\cdot3x^2
2	\operatorname{\mathrm{sen}}\left(2\ln\left(x\right)\right)\cdot\frac{2}{x}
2	12x^3\sen(x)+3x^4\cos(x)
2	32x^3\cdot\operatorname{\mathrm{sen}}\left(x\right)+8x^4\cdot\cos\left(x\right)
2	e^{5x+2}5
2	\frac01
2	12x+e^0
2	3\left(e^{x}\cos\left(x\right)-e^{x}\operatorname{\mathrm{sen}}\left(x\right)\right)
2	3x(2\ln\left(x\right)+1)
2	\frac{x^{2} + 16x}{(x+8)^{2}}
2	e^{4x^2+6x}(8x+6)
2	\frac{1}{7x+2}7
2	36x^3\sin(x) + 9x^4\cos(x)
2	e^{5x+3}5
2	8e^x(\cos(x) - \sin(x))
2	\frac{(5x^2\cos\left(x\right)-10x\operatorname{\mathrm{sen}}\left(x)\right.)}{x^4}
2	\frac{\frac{3x}{x}-3\ln\left(x\right)}{x^2}
2	-\frac{\operatorname{3\mathrm{sen}}\left(3\ln\left(x\right)\right)}{x}
2	3x\cdot e^{x}+x^3\cdot e^{x}
2	\frac{1}{12\sqrt{x}}
2	40x^4-8x+8
2	8x^3\sin(x) + 2x^4\cos(x)
2	\frac{(x+4-x-5)}{(x+4)^2}
2	\frac{9e^{x}}{x^6}(x^3-3x^2)
2	\left(4x+2\right)\cdot e^{4x^2+2x}
2	\frac{4\cos\left(x\right)x^3-4\operatorname{\cdot3\mathrm{sen}}\left(x\right)x^2}{x^6}
2	7\left(\frac{\cos\left(x\right)x^3-\operatorname{\mathrm{sen}}\left(x\right)3x^2}{x^6}\right)
2	\frac{4 - 4\ln(x)}{x^2}
2	-\frac{1}{x^2+6x+9}
2	\frac{(6e^{x}x^2-6e^{x}2x)}{x^4}
2	21x^2-4x
2	3x^4e^{x}+12x^3e^{x}
2	3x^2e^{x}+6x
2	\frac52
2	\frac{8}{(8x+1)}
2	\frac{\left(2x\left(x+6\right)-x^2\right)}{\left(x+6\right)^2}
2	\frac{2x^3 + 21x^2}{(x+7)^2}
2	\frac{1}{4x+2}
2	9(4x^3\ln\left(x\right)+x^3)
2	4\operatorname{\mathrm{sen}}^3\left(x\right)\cdot\cos\left(x\right)
2	10xxxx-16xx
2	\frac{\frac{8}{x}\cdot x^3-8\ln\left(x\right)\cdot3x^2}{x^6}
2	\dfrac{4e^{x}(x-1)}{x^{2}}
2	36xe^3+7
2	5\ln\left(5\right)
2	24x^3-10x
2	\frac31
2	8x^2+24x^2\ln\left(x\right)
2	12\operatorname{\mathrm{sen}}\left(x\right)\operatorname{\mathrm{sen}}\left(x\right)\cos\left(x\right)
2	9x^2\cdot e^{x}
2	5e^{x}(\cos\left(x\right)+\operatorname{\mathrm{sen}}\left(x\right))
2	12(\operatorname{\mathrm{sen}}\left(x\right))^3\cos\left(x\right)
2	9\operatorname{\mathrm{sen}}^2\left(x\right)\cos\left(x\right)
2	4e^{x}\operatorname{(\mathrm{sen}}\left(x\right)+\cos\left(x\right))
2	\left(8e^{x}\cdot8\operatorname{\mathrm{sen}}\left(x\right)\right)+\left(8e^{x}\cdot8\cos\left(x\right)\right)
2	4x^3\operatorname{\cdot\mathrm{sen}}\left(x\right)+x^4\cdot\cos\left(x\right)
2	\frac12x\left\lbrace^{-\frac12}\right\rbrace
2	e^{2x+1}2
2	\frac{(x+40)}{(x+4)^2}
2	2(x^3+2)3x^2
2	3\left(x^3+9\right)^23x^2
2	\frac{4x}{(2x^2+8)}
2	-(x)^{-2}
2	20^3+e^{x}
2	e^{x^2+6x}\left(2x+6\right)
2	\frac{6e^{x}\cdot x^3-6e^{x}\cdot3x^2}{(x^3)^2}
2	\frac{4x}{\sqrt{4x^2+4}}
2	\frac{(6x-6\ln\left(x\right)2x)}{x^4}
2	16x^3+x
2	4\cdot e^{4x+6}
2	\cos\left(7x+4\right)\cdot7
2	\frac{1}{\ln\left(2\right)\cdot x}
2	x^{-1}
2	\frac{8}{\left(x+9\right)^2}
2	-7\sen(x)
2	32^{^{}}x^2-12x^2
2	\frac{(4\operatorname{\mathrm{\cos\left(x\right)}}\cdot x^3)-(4\operatorname{\mathrm{sen}}\left(x\right)\cdot3x^2)}{(x^3)^2}
2	6x\ln\left(x\right)+2x^2
2	-\frac{7e^{x}}{x^2}
2	3^{x}\ln x
2	12\operatorname{\mathrm{sen}}\left(x\right)^3\cos\left(x\right)
2	\frac{3(2\ln\left(x\right))}{x}
2	\frac{1}{x^2+9}\cdot2x
2	-\frac{4}{(x+3)^{2}}
2	\frac{\cos\left(7x\right)\cdot7\cdot x^3-\operatorname{\mathrm{sen}}\left(7x\right)\cdot3x^2}{x^6}
2	\frac{7}{x^3}-\frac{7\ln\left(x\right)}{x^3}
2	e^x(\cos(x)-\operatorname{sen}(x))
2	\frac{(7e^{x}\cdot x^3-7e^{x}\cdot3x^2)}{x^{3^2}}
2	\frac{7-21\ln\left(x\right)}{x^4}
2	\frac{\frac{2}{x}\cdot x^3-2\ln\left(x\right)\cdot3x^2}{x^6}
2	4x^{3^{\placeholder{}}}
2	6x(x^2+6)^2
2	\frac{(16\ln\left(x\right)^3)}{x}
2	-\frac{4}{x}\operatorname{\mathrm{sen}}\left(4\ln\left(x\right)\right)
2	20\operatorname{\mathrm{sen}}\left(x\right)^3\cdot\cos\left(x\right)
2	16x^{3+e^{x}}
2	9\left(\frac{x^2-\ln\left(x\right)3x^2}{x^6}\right)
2	-\frac{7}{\left(x+2\right)^2}
2	21x^2\operatorname{\mathrm{sen}}x+7x^3\cos\left(x\right)
2	\frac{6}{(x+1)^2}
2	16x\sin(x)+8x^{2}\cos(x)
2	\frac{1}{(x+2)^{2}}
2	(8x+7)e^{4x^2+7x}
2	36x^3\cdot\operatorname{\mathrm{sen}}\left(x\right)+9x^4\cdot\cos\left(x\right)
2	5^{x\ln\left(5\right)}
2	6\cos(x)\,e^{2\operatorname{sen}(x)}
2	2+2\tan\left(x\right)^2
2	\frac{2x^{3} + 15x^{2}}{(x+5)^{2}}
2	6xe^{x}+2x^3e^{x}
2	\frac{x+4-\left(x+3\right)}{\left(x+4^2\right)}
2	e^{5x^2+x}\cdot10x+1
2	4\cos(x) - 5\sin(x)
2	x^3+0
2	x\cdot2^{x-1}
2	40x^{4+4}
2	\frac{x^2+14x}{x^2+14x+49}
2	\frac{}{}5\cos(x)
2	\frac{2x^{2}(x+9)}{(x+6)^{2}}
2	-\frac{2\operatorname{\mathrm{sen}}\left(5\ln\left(x\right)\right)}{x}
2	\frac{-1}{\sqrt{x}}
2	36x^3\ln\left(x\right)+9x^4\cdot\frac{1}{x}
2	20x3e^{x}
2	\frac{x-4\cdot1}{x^2}
2	\frac{1}{x \ln(5)}
2	4\operatorname{\mathrm{sen}}\left(x\right)
2	\frac{e^{x}}{x^3}-\frac{e^{x}}{x^4}
2	16x^3-6x
2	\frac{3\cdot((e^{x}\cdot x^3)-(e^{x}\cdot3x^2))}{x^6}
2	\frac{9x}{x^2}
2	e^{x}\cdot\cos\left(x\right)+e^{x}\cdot-\operatorname{\mathrm{sen}}\left(x\right)
2	9e^x(\operatorname{sen}(x)+\cos(x))
2	\frac{6(x^2-\ln\left(x\right)3x^2)}{x^6}
2	\frac{\left(3x^2\left(x+4\right)-x^3\right)}{\left(x+4\right)^2}
2	\frac{2x^3+27x^2}{x^2+18x+81}
2	28x^3\cdot\operatorname{\mathrm{sen}}\left(x\right)+7x^4\cdot\cos\left(x\right)
2	3e^{x}\sin(x) + 3e^{x}\cos(x)
2	12x^6e^{x}+3x^4e^{x}
2	x\ln\left(5\right)
2	\frac{x+8-x-7}{(x+8)^2}
2	\frac{6\cos\left(x\right)}{x^4}
2	\frac{10}{x\ln\left(10\right)}
2	\frac{8}{\sqrt{x}}\cdot1
2	5e^{x}\sin(x) + 5e^{x}\cos(x)
2	\frac{2x}{(x^2+9)}
2	-\operatorname{\mathrm{sen}}\left(9x+4\right)\cdot9
2	\frac{8e^x(x-1)}{x^2}
2	4x^3e^{6x}+x^4e^{6x}6
2	x(2x\cdot x
2	7\left(\frac{1-\ln\left(x\right)}{x^2}\right)
2	5\operatorname{\mathrm{sen}}\left(x\right)\operatorname{\mathrm{sen}}\left(x\right)\operatorname{\mathrm{sen}}\left(x\right)\operatorname{\mathrm{sen}}\left(x\right)\cos\left(x\right)
2	\frac{2}{x^3}-\frac{6\ln\left(x\right)}{x^3}
2	\left.\cos\left(\right.3x+8\right)\cdot3
2	\frac{x+8-x-2}{\left(x+9\right)^2}
2	\frac{2x\cos(x)-4\sin(x)}{x^{3}}
2	2x(2-1)
2	\frac{(x+4-x-1)}{(x+4)^2}
2	\frac{7}{-2\sqrt{x}}
2	(x)^{-\frac12}
2	8(x^2+3)^3x
2	5e^{3\operatorname{\mathrm{sen}}\left(x\right)}\cdot3\cos\left(x\right)
2	3x^2e^{5x}+x^3e^{5x}5
2	\frac{7xe^{x}-7e^{x}}{x^2}
2	4(x^3+5)^33x^2
2	\frac{\cos\left(2x\right)2x^3-3\operatorname{\mathrm{sen}}\left(2x\right)x^2}{x^6}
2	\frac{-15\operatorname{\mathrm{sen}}\left(3\ln\left(x\right)\right)}{x}
2	15x^2e^{x}+e^{x}5x^3
2	e^{x\ln\left(3\right)}\ln\left(3\right)
2	e^{2x}(2x^2+2x)
2	6e^x(\sin(x) + \cos(x))
2	\frac{3}{3x+9}
2	6e^{x}\cdot\cos\left(x\right)+6e^{x}\cdot-\operatorname{\mathrm{sen}}\left(x\right)
2	9\ln\left(x\right)
2	\cos\left(7x+3\right)7
2	\frac{20\ln^{3}(x)}{x}
2	\frac{4}{(x+3)^{2}}
2	\frac{5}{(5x+9)}
2	e^6
2	e^{2x^2+x}\left(4x+1\right)
2	3x^4\cdot e^{x}+12x^3\cdot e^{x}
2	\frac{2\cos\left(x\right)x-6\operatorname{\mathrm{sen}\mathrm{\left(x\right)}}}{x^4}
2	\frac{x+4-x-7}{(x+4)^2}
2	\frac{(x+3-x-6)}{(x+3)^2}
2	\frac{7e^{x}(x^2-2x)}{x^4}
2	35x^3-27x^2
2	\frac{2x(x+8)-x^2.(1-0)}{(x+8)^2}
2	-1x
2	\frac{5(2\ln\left(x\right))}{x}
2	35x^{4+2}
2	6x\cdot e^{x}
2	6\left(\frac{x-\ln\left(x\right)}{x^4}\right)
2	15x^2\cdot\frac{1}{x}
2	\frac{1}{6x^2+9}\cdot12x
2	e^{x}\cdot\cos\left(x\right)-e^{x}\cdot\operatorname{\mathrm{sen}}\left(x\right)
2	\frac{1}{\cos\left(x^{}\right)^2}
2	12x3-16x
2	\frac{2\cdot\left(\left(e^{x}\cdot x\right)-\left(e^{x}\right)\right)}{x^2}
2	12x\ln\left(x\right)+6x^{}_{_{}}
2	12x^2\cdot\ln\left(x\right)+4x^2\cdot\frac{1}{x}
2	-\frac{\operatorname{\mathrm{4}\mathrm{sen}}\left(4\ln\left(x\right)\right)}{x}
2	\frac32\cdot x^{-\frac12}
2	e^{7x+9}\cdot7
2	-\frac{2}{x}\operatorname{\mathrm{sen}}\left(2\ln\left(x\right)\right)
2	8e^{x}\operatorname{\mathrm{sen}}\left(x\right)-8e^{x}\cos\left(x\right)
2	6(\cos\left(x)-\operatorname{\mathrm{sen}}\left(x\right)\right)
2	\frac{1}{x}\ln\left(e^1\right)
2	-\frac{6}{x^2+6x+9}
2	2(4x+5)4
2	-\frac{2}{(x+8)^2}
2	\operatorname{-\mathrm{sen}}\left(x\right)
2	\frac{1}{x\ln\left(\placeholder{}\right)}
2	2+
2	\frac{4}{\left(x+8\right)^2}
2	\frac{x(x+6)}{(x+3)^2}
2	6\ln\left(x\right)^2\cdot\frac{1}{x}
2	5\cdot2\operatorname{\mathrm{sen}}\left(x\right)\cos\left(x\right)
2	\frac{1}{x}\cdot5^{x}
2	e^{8x+9}\cdot8
2	3\cos(x)-6\sin(x)
2	\frac{3}{\ln\left(x\right)}
2	2x\cdot\ln\left(x\right)
2	3(x^3+9)^23x^2
2	\frac{e^{x}\cdot x^3-e^{x}\cdot x^2}{x^5}
2	-\frac{5}{x^2+2x+1}
2	\frac{6}{6x+8}
2	9x^2-5
2	32x^3+21x^2
2	\frac{2\left(3\ln\left(x\right)^2\right)}{x}
2	\frac{2x-(x^2)}{(x+7)^2}
2	9x+7
2	7\cos\left(7x+7\right)
2	6(e^{x}\cos\left(x\right)-e^{x}\operatorname{\mathrm{sen}}\left(x\right))
2	\frac{4x}{2\sqrt{2x^2+4}}
2	35x^4-28x^3
2	20x^4-6x^2
2	\frac{6x}{\sqrt{6x^2+2}}
2	3e^{3x+6}
2	4\cos\left(x\right)+(-4\operatorname{\mathrm{sen}}\left(x\right))
2	20x^3\cdot e^{x}+5x^4e^{x}
2	10x-8x
2	\frac{8\cos\left(x\right)x^3-24x^2\operatorname{\mathrm{sen}}\left(x\right)}{x^6}
2	4e^{x}\sin(x) + 4e^{x}\cos(x)
2	5e^x(\cos(x) - \sin(x))
2	5x^{2}\cos(x) + 10x\sin(x)
2	\frac{10x}{(5x^2+9)}
2	7e^x\operatorname{sen}(x) + 7e^x\cos(x)
2	\frac{e^{x}x^3-e^{x}3x^2}{x6}
2	\frac{x+2-\left(x+1\right)}{\left(x+2\right)^2}
2	6\cdot(-\frac{1}{x^2})+\frac{1}{x}
2	\frac{2x}{\sqrt{2x^2+2}}
2	12x^2(x^3+5)^3
2	\frac{(x^2+8x)}{\left(x+4\right)^2}
2	\frac{1}{x+5}-\frac{x+3}{(x+5)^2}
2	\frac{x(x+14)}{(x+7)^{2}}
2	6\cos\left(x-5\operatorname{\mathrm{sen}}\left(x\right)\right)
2	4\cos(x) - 4\sin(x)
2	e^{3x^2+x}6x+1
2	6x\left(x^2+9\right)^2
2	\frac{\frac{5}{x}\cdot x-5\cdot\ln\left(x\right)}{x^2}
2	\frac{x+9-\left(x+5\right)}{\left(x+9\right)^2}
2	\frac{2x^3}{(x+1)^2}
2	\frac{4(\ln\left(x\right)\cdot3-1)}{x^4}
2	-12x^3+21x^2
2	2(x^3+8)\cdot3x^2
2	2\operatorname{\mathrm{sen}}\left(4\ln\left(x\right)\right)\cdot\frac{4}{x}
2	\frac{\left(x+4\right)-\left(x+7\right)}{\left(x+4\right)^2}
2	4(x^2+1)^3\cdot2x
2	\frac{3x^2\cdot(x+8)-x^3\cdot1}{(x+8)^2}
2	9x^2+e
2	\frac{3x}{\sqrt{3x^2+3}}
2	-\frac{e^{x}}{x^2}+\frac{e^{x}}{x}
2	-\frac{1}{x^2+14x+49}
2	2\cdot e^{x}
2	45\operatorname{\mathrm{sen}}^4\left(x\right)\cos\left(x\right)
2	-2\operatorname{\mathrm{sen}}\left(2x+7\right)
2	e^{x}\cdot\cos\left(x\right)+e^{x}(-\operatorname{\mathrm{sen}}\left(x\right)
2	\frac{1}{8\ln\left(x\right)}
2	\frac{9\ln\left(x\right)^2}{x}
2	\frac{12x}{6x^2+4}
2	8x^3\ln\left(x\right)+\frac{2x^41}{x}
2	4x^3^{}
2	-\operatorname{\mathrm{sen}}\left(2x+6\right)\cdot2
2	\frac{1}{x+1}-\frac{x+7}{\left(x+1\right)^2}
2	\frac{\frac{6}{x}x^2-12\ln\left(x\right)x}{x^4}
2	4e^{x}(\cos(x) - \sin(x))
2	4x^3e^{7x}+x^47e^{7x}
2	e^{9x+3}9
2	\frac{\frac{3}{x}x^2-3\ln\left(x\right)2x}{x^4}
2	6e^{6x+4}
2	45x^{^{^{}}4}+8
2	8x(x^2+1)^3
2	20x^3e^{x}+e^{x}5x^4
2	\frac{2x}{\sqrt{x^2+5}}
2	\frac{14x}{(7x^2+3)}
2	\frac{\cos\left(7x\right)\cdot7\cdot x^2-\operatorname{\mathrm{sen}}\left(7x\right)\cdot2x}{x^4}
2	8\operatorname{\mathrm{sen}}^3\left(x\right)\cos\left(x\right)
2	\frac{16x}{x}+\frac{8^2}{x}
2	\frac{5}{5x+7}
2	(6x^3+\frac{1}{x})+18x^2\ln\left(x\right)
2	8x^3e^{x}+4x^4e^{x}
2	\frac{\ln\left(x\right)}{\ln\left(5\right)}
2	16x\ln\left(x\right)+8x^2\cdot\frac{1}{x}
2	6x\ln\left(x\right)+3x^2
2	\ln\left(x\right)2^{x}
2	3(2x+4)^22
2	4e^{x}\cdot\operatorname{\mathrm{sen}}\left(x\right)+4e^{x}\cdot\cos\left(x\right)
2	\frac{4e^{x}\left(x^3-3x^2\right)}{x^6}
2	2e^x(\cos(x) - \sin(x))
2	\frac{(3x-6x\ln\left(x\right))}{x^4}
2	2\cdot e^{3\cdot\operatorname{\mathrm{sen}}\left(3\right)}\cdot3\cos\left(x\right)
2	e^{2\operatorname{\mathrm{sen}}\left(x\right)}\cdot2\cos\left(x\right)
2	\frac{4x^2\cos\left(x\right)-2x\operatorname{\mathrm{sen}}\left(4x\right)}{x^4}
2	45(9x+7)^4
2	\frac{3x^2(x+1)-x^3}{(x+1)}
2	9e^x\operatorname{sen}(x) + 9e^x\cos(x)
2	\frac{8\ln\left(x\right)}{x}^3
2	27(9x+8)^2
2	\frac{(8x^2-24x^2\ln\left(x\right))}{x^6}
2	\frac{14x}{2\sqrt{7x^2+8}}
2	7e^{x}\cos\left(x\right)+7e^{x}\cdot(-\operatorname{\mathrm{sen}}\left(x\right))
2	e^{2x+6}
2	x^{3}\cos(x) + 3x^{2}\sin(x)
2	\frac{5}{(x+4)^2}
2	\frac{2e^{x}(x-2)}{x^{3}}
2	12x^2+e^{x^{\placeholder{}}}
2	8e^x(\cos(x)-\operatorname{sen}(x))
2	18x^2\ln x+6x^2\cdot\frac{1}{x}
2	e^{7x+3}\cdot7
2	\frac{0-1}{x^2}
2	4e^{x}\cdot x-4e^{x}\cdot1
2	\frac{8\cos\left(x\right)-8\operatorname{\mathrm{sen}}\left(x\right)}{x^2}
2	\frac{6x}{1}
2	18\operatorname{\mathrm{sen}}^2\left(x\right)\cos\left(x\right)
2	5e^{x}\cos\left(x\right)+5e^{x}\left(-\operatorname{\mathrm{sen}}\left(x\right)\right)
2	\frac{8\cos\left(8x\right)x^2-\operatorname{2\mathrm{sen}}\left(8x\right)x}{x^4}
2	\frac{1}{(x+6)^{2}}
2	24x^2\ln\left(x\right)+8x^3\cdot\frac{1}{x}
2	4(2x+3)^33
2	\frac{\placeholder{}}{\placeholder{}}
2	\frac{(\frac{6}{x}\cdot x^3-6\ln\left(x\right)\cdot3x^2)}{x^5}
2	21x^2\cdot\operatorname{\mathrm{sen}}\left(x\right)+7x^3\cdot\cos\left(x\right)
2	12(x^3+3)^3x^2
2	36x^3-27x^2
2	2\left(\frac{\cos\left(x\right)x^3-\operatorname{\mathrm{sen}}\left(x\right)3x^2}{x^6}\right)
2	\frac{7}{-x^2}
2	\cos\left(8x+3\right)\cdot8
2	\cos\left(x\right)+\operatorname{\mathrm{sen}}\left(x\right)
2	\frac{1}{2\sqrt2}
2	4e^{4x+7}
2	\frac{6}{x^2+18x+81}
2	-\frac{1}{\left(x+1\right)^2}
2	4\left(x^2+6\right)^3\cdot2x
2	e^{9x+5}\cdot9
2	\frac{4x}{\sqrt{4x^2+9}}
2	3\cdot\left(\ln\left(x\right)\right)^2\cdot\frac{1}{x}
2	3e^x(\operatorname{sen}(x)+\cos(x))
2	20\operatorname{\mathrm{sen}^3}\left(x\right)\cos\left(x\right)
2	e^{3x^2+x}6x
2	x7^{x}
2	\frac{5\cos\left(x\right)x^3-15x^2\operatorname{\mathrm{sen}}\left(x\right)}{(x^3)^2}
2	\frac{(\frac{8}{x}x^2-8\ln\left(x\right)2x)}{x^4}
2	3\cos(x)\,e^{3\,\mathrm{sen}(x)}
2	6\cos\left(x)-5\operatorname{\mathrm{sen}}\left(x\right)\right.
2	8e^{x}\cos(x) - 8e^{x}\sin(x)
2	\cos\left(2x+1\right)2
2	40x^4-8x^3
2	\frac{8x\cos(8x)-2\sin(8x)}{x^{3}}
2	\frac{2x(x+5)-x^2)}{(x+5)^2}
2	e^{3x+8}3
2	\frac{2-6\ln\left(x\right)}{x^4}
2	(5)^3
2	e^{x}\left(\cos(x) - \sin(x)\right)
2	2(x^3+8)3x^2
2	e^{2x+6}2
2	8x(x^2+3)^3
2	\frac{5}{\sqrt{x^2}}
2	\frac12(7x^2+7)^{\frac{-1}{2}}14x
2	20x^3\sin(x) + 5x^4\cos(x)
2	\frac{(x+1)2x-x^2}{(x+1)^2}
2	\frac{9x^2-27x^2\ln\left(x\right)}{x^{10}}
2	7x^{-2}
2	-\frac{3}{x^2+2x+1}
2	\frac{(2x^2+15x^2)}{x^2+10x+25}
2	2e^{2\operatorname{\mathrm{sen}}\left(x\right)}2\cos\left(x\right)
2	16x^3-14x
2	7e^{x}(\sen(x)+\cos(x))
2	\frac{\frac{7}{x}x-7\ln\left(x\right)}{x^2}
2	-\frac{10}{x^2}
2	\frac{1}{x^4}-3\frac{\ln\left(x\right)}{x^4}
2	6\cos(x) - 5\sin(x)
2	27x^2\ln x+9x^2
2	e^{x^{\placeholder{}}}
2	\frac{8\cos\left(x\right)x^3-3x^28\operatorname{\mathrm{sen}}\left(x\right)}{x^6}
2	8(3\operatorname{\mathrm{sen}}\left(x\right)^2)\cos\left(x\right)
2	\frac{(x+2-x-5)}{(x+2)^2}
2	\frac{\frac{7}{x}\cdot x^2-7\ln\left(x\right)\cdot2x}{x^4}
2	\frac{x}{\sqrt{x^2+3}}
2	\frac{\left(x+5\right)-\left(x+7\right)}{\left(x+5\right)^2}
2	7e^{x}\cos\left(x\right)-7\operatorname{e^{x}\mathrm{sen}}\left(x\right)
2	36x^2+2
2	4x\cdot\ln\left(x\right)+\frac{2x^2}{x}
2	\frac{(7x\cos\left(x\right)-7\operatorname{\mathrm{sen}}\left(x\right))}{x^2}
2	\frac{1}{x+7}-\frac{(x+6)}{(x+7)^2}
2	8x^3\cdot e^{x}-2x^4\cdot e^{x}
2	2(-\frac{1}{2\sqrt{x}})
2	\frac{9x}{\sqrt{9x^2+2}}
2	9e^{9x+1}
2	27x^2-6x
2	\frac{7}{7(}
2	12x^3\cdot\ln\left(x\right)+3x^3
2	5\cdot e^{2\operatorname{\mathrm{sen}}\left(x\right)}\cdot2\cos\left(x\right)
2	\frac{1}{\sqrt{x}^{}}
2	\frac{x-7}{x^2}
2	15x^4-12x^3
2	\frac{9(x\cos(x)-3\operatorname{sen}(x))}{x^4}
2	5\cdot12x^2+1
2	16\operatorname{\mathrm{sen}}\left(x\right)^3\cos\left(x\right)
2	3x^2e^{8x}+x^3e^{8x}8
2	\frac{2x(x+9)-x^2}{x^2+18x+81}
2	e^{6x+6}\cdot6
2	\frac{\left(x+5\right)-\left(x+8\right)}{\left(x+5\right)^2}
2	e^{8x+5}\cdot8
2	\frac{9e^{x}(x-3)}{x^{4}}
2	24x^3\cdot\frac{1}{x}
2	3e^{x}\cdot\cos\left(x\right)+3e^{x}\cdot(-\operatorname{\mathrm{sen}}\left(x\right))
2	\left(3e^{x}\cos x\right)+\left(3e^{x}\operatorname{\mathrm{sen}}x\right)
2	\ln\left(6\right)\cdot6^{x}
2	5\ln\left(5^{x}\right)
2	e^{x^2+8x}\cdot(2x+8)
2	\frac{1}{x+7}-\frac{x+4}{(x+7)^2}
2	-\frac{\ln\left(x\right)-1}{x^2}
2	3x^2e^{7x}+x^3e^{7x}7
2	\frac{9}{\ln\left(x\right)}
2	\frac{1 - 3\ln(x)}{x^4}
2	\frac{1}{x+4}-\frac{x+2}{(x+4)^2}
2	4\left(3x^2e^{x}+x^3e^{x}\right)
2	\frac{4x^2\cos\left(4x\right)-2x\operatorname{\mathrm{sen}}\left(4x\right)}{x^4}
2	\frac{(5\cos\left(x\right)x^3-15x^2\operatorname{\mathrm{sen}}\left(x\right))}{x^6}
2	4(x^2+4)^3\cdot2x
2	9\left(4x^3\operatorname{\mathrm{sen}}\left(x\right)+x^4\cos\left(x\right)\right)
2	-\frac{1}{x2}
2	\frac{x^2\left(4-4\ln\left(x\right)\right)}{x^6}
2	6e^{x}\cos\left(x\right)+6e^{x}\cdot-\operatorname{\mathrm{sen}}\left(x\right)
2	2x\cdot e^{2x}+x^2\cdot e^{2x}\cdot2
2	35x^4-16x
2	e^{4x^2+x}\cdot8x+1
2	2x\ln\left(x\right)+\frac{x^21}{x}
2	\frac{6x^2}{x}
2	\frac{2x\cos\left(2x)-\operatorname{\mathrm{sen}}\left(2x\right)\right.}{x^2}
2	\frac{e^{x}\cdot x^3-3x^2\cdot e^{x}}{x^6}
2	4\left(x^2+5\right)^32x
2	-\operatorname{\mathrm{sen}}\left(7x+3\right)\cdot7
2	6\cos\left(6x+8\right)
2	6(x^2+5)^2x
2	\frac12(3x^2+6)^{-\frac12}\cdot6x
2	2\left(5x+1\right)e^{5x^2+2x}
2	12x^3\operatorname{\mathrm{sen}\left(x\right)}+3x^4\cos\left(x\right)
2	\frac{6x^3e^{x}-18x^2e^{x}}{x^6}
2	\frac{x^2+6x}{x^2+6x+9}
2	6x2+e^{x}
2	\frac{(3x^2-9x^2\ln\left(x\right))}{x^6}
2	\frac{3x}{\sqrt{3x^2+8}}
2	\frac{(x+5-x+1)}{(x+5)^2}
2	9x2-10x
2	\frac{1}{x^2+20x+100}
2	4\cos\left(4x+6\right)
2	\frac{4xe^{x}-4e^{x}}{x^2}
2	\frac{1}{x}3
2	\frac32\cdot\frac{1}{x^{\frac12}}
2	e^{x}(18x+9x^2)
2	\frac{1}{e^{x}}
2	\frac{4\cos\left(x\right)\cdot x^2-4\operatorname{\mathrm{sen}}\left(x\right)2x}{x^4}
2	\frac{3x^2}{x}
2	\frac{\frac{9}{x}\cdot x^2-9\ln\left(x\right)\cdot2x}{(x^2)^2}
2	\frac{3(1-2\ln(x))}{x^{3}}
2	\frac{\left(3\right)}{\left(x+8\right)^2}
2	7e^{x}\cos\left(x\right)+7e^{x}\cdot-\operatorname{\mathrm{sen}}\left(x\right)
2	-7\operatorname{\mathrm{sen}}\left(7x+4\right)
2	3^{x^2}
2	16x^3-21x^2
2	20x^4-10x
2	\frac{3}{x^{\frac12}}
2	\frac{(2\cos\left(x\right)x^2-2\operatorname{\mathrm{sen}}\left(x\right)2x)}{x^4}
2	24x^3-8x
2	4(x^3+7)^3\cdot3x^2
2	\frac{12\ln\left(x\right)\ln\left(x\right)}{x}
2	e^{x^2+9x}\cdot(2x+9)
2	\frac{(x+2-x-7)}{(x+2)^2}
2	e^{x}\cos\left(x\right)-e^{x}\operatorname{\mathrm{sen}}\left(-\right)
2	4x^3\ln\left(x\right)+12x^2
2	\frac{24x^3}{x}
2	3\cdot3\ln\left(x\right)^2\cdot\frac{1}{x}
2	\frac{9}{-x^2}
2	\frac{\left(\frac{1}{x}\cdot x^3\right)-\left(\ln\left(x\right)\cdot3x^2\right)}{x^6}
2	e
2	\frac{\left(x+6\right)-\left(x+7\right)}{\left(x+6\right)^2}
2	\frac{(0+x-4+1)}{2}
2	\frac{4x}{2\sqrt{2x^2+7}}
2	36x^3\cdot\ln\left(x\right)+\frac{9x^3}{x}
2	32x^4-21x^2
2	\frac{1}{x+5}-\frac{x+7}{\left(x+5\right)^2}
2	-12x^3+12x^2
2	4\cdot\frac{1}{\sqrt{x}}
2	-\frac{3}{x^2+8x+16}
2	\frac{\frac{4}{x}\cdot x-4\ln\left(x\right)\cdot1}{x^2}
2	\frac{6\cdot((\frac{1}{x}\cdot x^3)\cdot(\ln\left(x\right)\cdot3x^2)))}{x^6}
2	2(8x+4)8
2	\frac{3x^4}{x}+12x^3\cdot\ln\left(x\right)
2	\frac{10x}{(5x^2+5)}
2	12x^3\ln\left(x\right)+3x^4\cdot\frac{1}{x}
2	7\cos\left(7x+4\right)
2	\frac{1}{x+1}
2	4(3x^2e^{x}+x^{3e^{x}})
2	3\cos\left(x\right)-\operatorname{\mathrm{sen}}\left(x\right)
2	\frac{16\ln(x)}{x}
2	6e^{6x+1}
2	\frac{4}{\cos\left(x\right)\cdot\cos\left(x\right)}
2	\frac{2x\cdot\left(x+6\right)-x^2}{\left(x+6\right)^2}
2	3x^22
2	20x^{3+5}
2	x\cdot\ln\left(3\right)\cdot3^{x}
2	\cos\left(4x+7\right)\cdot4
2	2xe^{x^2+x}
2	\frac{x^2-\ln\left(x\right)\cdot3x^2}{x^6}
2	x\ln\left(4\right)
2	\frac{1}{x+8}-\frac{x+3}{\left(x+8\right)^2}
2	\frac{(2x^2-6x^2\ln\left(x\right))}{x^6}
2	20\operatorname{\mathrm{sen}}^3\left(x\right)\cos\left(x\right)
2	-4x^{-\frac32}
2	\frac{8}{(\cos\left(x^{})\right)^2}
2	7^x \ln(7)
2	25e^{5\operatorname{\mathrm{sen}}\left(x\right)}\cos\left(x\right)
2	-2\operatorname{\mathrm{sen}}\left(2x+9\right)
2	3\cos\left(3x+1\right)
2	4\cos\left(4x+1\right)
2	\frac{-3\operatorname{\operatorname{\mathrm{sen}}}\left(4\ln\left(x\right)\right)}{4x}
2	\frac{x+6-\left(x+2\right)}{\left(x+6\right)^2}
2	7\cdot\frac{1}{x^2}
2	4e^{x}\operatorname{\mathrm{sen}}\left(x\right)-4e^{x}\cos\left(x\right)
2	2e^{3\operatorname{\mathrm{sen}}\left(x\right)}(3\cos\left(x\right)\cdot2e+3\operatorname{\mathrm{sen}}\left(x)\right)
2	20\operatorname{\mathrm{sen}}^4\left(x\right)\cdot\cos\left(x\right)
2	\frac{(4e^{x}x-4e^{x})^{^{}}}{x^2}
2	-\frac{2}{x^2+10x+25}
2	\frac{2 - 4\ln(x)}{x^3}
2	\frac{1}{3x+8}\cdot3
2	\frac{8(\cos\left(x\right)x^2-\operatorname{\mathrm{sen}}\left(x\right)2x)}{x^4}
2	\frac{\cos\left(5x\right)5x^2-\operatorname{\mathrm{sen}}\left(5x\right)2x}{x^4}
2	12^{^{}}x^2+4
2	5\left(4x^3e^{x}+x^4e^{x}\right)
2	e^{4x^2+x}\cdot(8x+1)
2	\frac{(x+2-x-4)}{(x+2)^2}
2	\frac{1}{6x+4}6
2	-\frac{\frac92}{\sqrt{x}}
2	\frac{5(e^{x}x-e^{x})}{x^2}
2	5x^4^{^{}}
2	27(9x+7)^2
2	5\operatorname{\mathrm{sen}}^4\left(x\right)\cos\left(x\right)
2	\frac{2\cos\left(x\right)x^2-2\operatorname{\mathrm{sen}}\left(x\right)\cdot2x}{x^4}
2	\frac{9(4\ln\left(x\right)^3)}{x}
2	-2\cos\left(x\right)
2	\frac{3e^{x}\cdot x^2-3e^{x}\cdot2x}{x^4}
2	\frac{2x^214x-x^2}{(x+7)^2}
2	6e^{x}\cdot\cos\left(x\right)-6e^{x}\operatorname{\mathrm{sen}}\left(x\right)
2	8\operatorname{\mathrm{sen}}\left(x\right)
2	6x+xe^{\placeholder{}}
2	\frac{-4}{\left(x+4\right)^2}
2	16x^3xe^{x}
2	x\cdot\ln\left(2\right)
2	\frac{8}{2\cdot\sqrt{x}}
2	2x(2\ln\left(x\right)+1)
2	e^{3x+1}\cdot3
2	10x+x
2	\frac{2x}{2\sqrt{x^2+5}}
2	10\cdot\ln\left(x\right)\cdot\frac{1}{x}
2	e^{6x+2}6
2	7x^2+6
2	\frac{x+5-(x+9)}{(x+5)^2}
2	-3\operatorname{\mathrm{sen}}\left(3x+3\right)
2	\frac{(4x^3\cos\left(4x\right)-3x^2\operatorname{\mathrm{sen}}\left(4x\right))}{x^6}
2	\frac{7\cos\left(7x\right)}{x}-\frac{\operatorname{\mathrm{sen}}\left(7x\right)}{x^2}
2	36x^{3+8}
2	-\operatorname{\mathrm{sen}}\left(7x+7\right)7
2	x-1
2	\frac{(7e^{x}x^2-7e^{x}2x)}{x^4}
2	\frac{5xe^{x}-5e^{x}}{x^2}
2	3x^2\cdot e^{2x}+x^3\cdot e^{2x}\cdot2
2	5x^2
2	4x\cdot\ln\left(4\right)\cdot4
2	\frac{5x\cos\left(x\right)-15\operatorname{\mathrm{sen}}\left(x\right)}{x^4}
2	\frac{\left(2\right)}{\left(x+7\right)^2}
2	6x(x^2+2)^2
2	20x-12x
2	10x\cdot\ln\left(10\right)
2	\frac{6-5}{(x+6)^2}
2	7e^x(\cos(x)-\sin(x))
2	\frac{4x}{\sqrt{4x^2+6}}
2	4\cos\left(x\right)-2\operatorname{\mathrm{sen}}\left(X\right)
2	\frac{\frac{6}{x}x^3-6\ln\left(x\right)3x^2}{x^6}
2	\frac{1}{(2\sqrt{x)}}5
2	5\left(\frac{\cos\left(x\right)x^3-\operatorname{\mathrm{sen}}\left(x\right)3x^2}{x^6}\right)
2	\frac{x+6-\left(x+9\right)}{\left(x+6\right)^2}
2	\frac{5}{(x+1)^2}
2	16x3
2	12x^2\cdot\ln\left(x\right)+4x^3\cdot\frac{1}{X}
2	-\operatorname{\mathrm{sen}}\left(5x+5\right)5
2	9e^x(\cos(x) - \sin(x))
2	\frac{1}{4x+6}\cdot4
2	4\cos\left(4x+2\right)
2	\frac{2x}{2\sqrt{x^2+8}}
2	4e^{x}\cos\left(x\right)-4\operatorname{e^{x}\mathrm{sen}}\left(x\right)
2	\frac{(4\ln\left(x\right)^3)}{x}
2	x^{\frac12}
2	-7sen\left(7x+2\right)
2	\cos\left(2x+3\right)2
2	\frac{(7x^2-21x^2\ln\left(x\right))}{x^6}
2	-6\operatorname{\mathrm{sen}}\left(\operatorname{\mathrm{sen}}\left(\placeholder{}\right)\right)
2	-\operatorname{\mathrm{sen}}\left(9x+6\right)\cdot9
2	\frac{-5}{\left(x+2\right)^2}
2	x^3e^{x}+3x^2e^{x}
2	\frac{(\frac{9}{x}x-9\ln\left(x\right))}{x^2}
2	(\frac{28\ln\left(x\right)^3)}{x}
2	\frac{\ln\left(2\right)}{x}\cdot
2	\frac{-1}{\left(x+4\right)^2}
2	-\operatorname{\mathrm{sen}}\left(5x+5\right)\cdot5
2	\frac{3e^{x}\cdot x^3-9e^{x}x^2}{x^6}
2	7\left(3x^2\operatorname{\mathrm{sen}}\left(x\right)+x^3\cos\left(x\right)\right)
2	2(3x+8)3
2	2\cdot\ln\left(x\right)\cdot\frac{1}{x}
2	2(x^2+6)\cdot2x
2	\frac{5}{5x+8}
2	4\left(6x+9\right)^36
2	1-x\cdot5
2	\frac{x+4-\left(x+3\right)}{\left(x+4\right)^2}
2	39
2	3x^3e^{x}+9x^2e^{x}
2	e^{8x+5}8
2	2x\ln\left(x\right)
2	10\operatorname{\mathrm{sen}}\left(x\right)\cdot\cos\left(x\right)
2	4x(2\ln\left(x\right)+1)
2	\frac{8\cdot\cos\left(8x\right)\cdot x^3-\operatorname{\mathrm{sen}}\left(8x\right)\cdot3x^2}{x^6}
2	\frac{3e^{x}x^2-6xe^{x}}{x^4}
2	(5\cdot\frac{1}{x})\cdot x^2-5\ln\left(x\right)\cdot2x
2	5\cos(x)-5\sin(x)
2	40xe^4+3
2	\frac{6e^{x}\cdot x^3-6e^{x}\cdot3x^2}{(x^{3)^2}}
2	12x^2e^{x}
2	\frac{4e^{x}(x^2-2x)}{x^4}
2	\frac{1}{4x+7}4
2	\frac{5e^{x}(x^3-3x^2)}{x^6}
2	4x^3e^{x}+x^4\cdot e^{x}
2	\frac{7\cos\left(7x\right)x^3-3x^2\operatorname{\mathrm{sen}}\left(7x\right)}{x^6}
2	9e^{x}\cos\left(x\right)+9e^{x}\operatorname{\mathrm{sen}}\left(x\right)
2	\frac{(x+9)-(x+3)}{x^2+18x+81}
2	18x^2+8
2	\frac{2x^{3}+15x^{2}}{(x+5)^{2}}
2	40x^4-^{}6x
2	\frac{-8\operatorname{\mathrm{sen}}\left(2\ln\left(x\right)\right)}{x}
2	9x(2\ln\left(x\right)+1)
2	\frac{3(x-\ln\left(x\right)2x)}{x^4}
2	9e^{\placeholder{}}
2	-\frac{5e^{x}}{x^2}
2	\frac{(8x-16x\ln\left(x\right))}{x^4}
2	6x\cdot\ln\left(x\right)+\frac{1}{x}\cdot3x^2
2	9x^4\cdot\frac{1}{x}+36x^3\ln\left(x\right)
2	\frac{(9x^3\cos\left(x\right)-27x^2\operatorname{\mathrm{sen}}\left(x\right))}{x^6}
2	\frac{2\cos\left(2x\right)}{x^2}-\frac{2\operatorname{\mathrm{sen}}\left(2x\right)}{x^3}
2	12(3x+9)^3
2	\frac{2}{2\cdot\sqrt{x}}
2	\frac{xe^{x}-2e^{x}}{x^3}
2	\frac{6}{\cos\placeholder{}^2\left(x\right)}
2	20x^3-15x^2+0^{^{}}
2	2xe^{9x}+x^29e^{x}
2	4\operatorname{\mathrm{sen}}\left(x\right)+(-\operatorname{5\mathrm{sen}}\left(x\right))
2	(\frac{3x(x+6)-x^3}{(x+6)^2})
2	6(3x^2\ln\left(x\right)+x^2)
2	\frac{5}{\ln(x)}
2	\frac{8x\cos\left(8x\right)-\operatorname{\mathrm{sen}}\left(8x\right)}{x^2}
2	\frac{xe^{x} - 3e^{x}}{x^{4}}
2	\frac{6-2x}{x^4}
2	\frac{1}{4x}
2	\frac{9(1-\ln(x))}{x^{2}}
2	18\operatorname{\mathrm{sen}}\left(x\right)\operatorname{\mathrm{sen}}\left(x\right)\cos\left(x\right)
2	6e^{x}\cos(x) - 6e^{x}\sin(x)
2	20x^4-6x
2	8\cdot\frac12x^{-\frac12}
2	18x^2\sin(x) + 6x^3\cos(x)
2	\frac{7\left(4\ln\left(x\right)^3\right)}{x}
2	16x\sin(x)+8x^2\cos(x)
2	-\frac{4}{(x+5)^2}
2	12(3x+3)^3
2	-\frac{\ln\left(x\right)}{x^2}
2	\frac{9e^{x}\left(x^2-2x\right)}{x^4}
2	\frac{(1-\ln\left(x\right)x)}{x^2}
2	10x^4-18x^2
2	16x^3-21x^2+0
2	\frac{1}{8x+9}
2	\frac{(4e^{x}x^3-12e^{x}x^2)}{x^6}
2	6\cos(x)-4\sin(x)
2	e^{6x+6}6
2	\frac{3e^{x}\cdot x^3-3e^{x}\cdot3x^2}{(x^3)^2}
2	\frac{\cos\left(4x\right)\cdot4\cdot x^3-\operatorname{\mathrm{sen}}\left(4x\right)\cdot3x^2}{x^6}
2	\ln\left(7\right)+x\cdot\frac17
2	12(x^3+4)^3x^2
2	\frac{1-(x+5)}{(x+4)^2}
2	5\cos\left(x\right)-\operatorname{\mathrm{5}\mathrm{sen}}\left(x\right)
2	\frac{\cos\left(x\right)\cdot x^2-\operatorname{\mathrm{sen}}\left(x\right)\cdot2x}{x^4}
2	\frac{5(\operatorname{\mathrm{\cos\left(x\right)}}x-\operatorname{\mathrm{sen}}\left(x\right))}{x^2}
2	4(4\operatorname{\mathrm{sen}}\left(x\right)^3)\cos\left(x\right)
2	DSDS
2	-\frac{2}{2x^2}
2	\frac{2x\cdot(x+4)-x}{(x+4)^2}^2
2	\frac{(x+9-x-1)}{(x+9)^2}
2	\frac12(x)^{-\frac12}
2	5\cos\left(x\right)\operatorname{\mathrm{sen}}\left(x\right)^4
2	8e^{8x+7}
2	^{}12x^2e^{x}+4x^3e^{x}
2	\frac{4(2x)}{2\sqrt{4x^2+5}}
2	\frac{20\ln\left(x\right)}{x}^3
2	\frac{5\cos\left(5x\right)x^2-\operatorname{\mathrm{sen}}\left(5x\right)2x}{x^4}
2	4e^{x}\cdot\operatorname{\mathrm{sen}}\left(x\right)+4e^{x}\cos\left(x\right)
2	\frac{-3}{\left(x+5\right)^{2}}
2	18x^2e^{x}+9x^3e^{x}
2	\frac{1}{x}\frac{1}{\ln\left(5\right)}
2	30\operatorname{\mathrm{(}\mathrm{sen}}\left(x\right))^4\cos\left(x\right)
2	24x^3\ln\left(x\right)+6^3
2	\frac{(3e^{x}\cdot x^2-3e^{x}\cdot2x)}{(x^2)^2}
2	\frac{3\cos\left(x\right)\cdot x^2-3\operatorname{\mathrm{sen}}\left(x\right)\cdot2x}{x^4}
2	21x^2-9x
2	e^{5x^2+9x}(10x+9)
2	-\operatorname{\mathrm{sen}}\left(2x+7\right)\cdot2
2	4e^{x}\cos\left(x\right)+4e^{x}\left(-\operatorname{\mathrm{sen}}\left(x\right)\right)
2	2x\ln\left(x\right)+\frac{1}{x}x^2
2	3\cdot x^2
2	21x^2\sin(x) + 7x^3\cos(x)
2	\frac{1}{3x+4}3
2	\frac{12x}{(6x^2+1)}
2	\frac{5x^2\cos\left(5x\right)-2x\operatorname{\mathrm{sen}}\left(5x\right)}{x^4}
2	\frac92\cdot\frac{1}{\sqrt{x}}
2	6(3x+6)
2	-24x^3+15x^2
2	e^{x}\cdot\cos\left(x\right)+e^{x}\cdot(-\operatorname{\mathrm{sen}}\left(x\right))
2	3x^2+e^{x}
2	2.2x
2	7(\frac{e^{x}x^3-e^{x}3x^2}{x^6})
2	8x\cdot\ln\left(x\right)+4x
2	3\left(\frac{e^{x}x-e^{x}}{x^2}\right)
2	\frac{1}{(x+3)}
2	2xe^{5x}+x^2e^{5x}
2	4(x^3+7)^33x\sqrt{\placeholder{}}
2	-8\cdot x^{-2}
2	\frac{1\cdot(x+9)-(x+8)\cdot1}{(x+9)^2}
2	\frac{3(x\cos(x)-2\sen(x))}{x^{3}}
2	2\left(4x^3\ln\left(x\right)+x^3\right)
2	x-
2	5(9x+8)^49
2	\frac{7x^2\cos\left(x\right)-14x\operatorname{\mathrm{sen}}\left(x\right)}{x^4}
2	\frac{x+3-x+9}{(x+3)^2}
2	4x^3.e^{x}
2	4\ln\left(x\right)\cdot\frac{1}{x}
2	\frac{3x^2(x+9)-x^{^3}}{(x+9)^2}
2	3(2x+1)^22
2	\cos\left(9x+5\right)9
2	\cos\left(8x+7\right)8
2	\operatorname{-\mathrm{sen}}\left(2\ln\left(x\right)\right)\cdot\frac{2}{x}
2	55
2	3x^{2}(2\sen(x)+x\cos(x))
2	\frac{(2x^3\cos\left(2x\right)-3x^2\operatorname{\mathrm{sen}}\left(2x\right))}{x^6}
2	4(x^3+6)^3(3x^2)
2	40x^4-18x^2
2	\frac{1}{2x+1}\cdot2
2	-\frac{\operatorname{\mathrm{9sen}}\left(3\ln\left(x\right)\right)}{x}
2	2xe^{6x}+x^2e^{6x}6
2	5ex
2	\frac{5x}{2\sqrt{x}}
2	3(x^2+3)^22x
2	4^x\ln(4)
2	12x\cdot\ln\left(x\right)+6
2	45x^4-20x^3
2	9\cos\left(9x+7\right)
2	\frac{(\frac{1}{x}x^2-\ln\left(x\right)2x)}{x^4}
2	\frac{6x}{3x^2+9}
2	8x^2e^{8x}+2xe^{8x}
2	\left(10x+1\right)e^{5x^2+x}
2	4x^3\cdot e^{x}+x^4e^{x}
2	20x^3-15x^2^{^{}}
2	\cos\left(9x+8\right)9
2	\cos\left(6x+2\right)\cdot6
2	\frac{0\cdot x-1\cdot1}{x^2}
2	\frac{\left(x+6\right)-\left(x+4\right)}{\left(x+6\right)^2}
2	-\frac{1}{2x}
2	6x\operatorname{\mathrm{sen}}\left(x\right)+2x^3\cos\left(x\right)
2	30x^4-16x
2	29
2	\frac52\cdot x^{-\frac12}
2	\sqrt3
2	\operatorname{\mathrm{sen}}\left(5\ln\left(x\right)\right)\cdot\frac{5}{x}
2	4\left(x+1\right)e^{2x^2+4x}
2	-7\operatorname{\mathrm{sen}}\left(7x+7\right)
2	2x^2(3^{}\operatorname{\mathrm{sen}}\left(x\right)+x^{}\operatorname{\cos\left(x\right)})
2	6e^{x}(2x+x^2)
2	\frac{3}{\left(\cos\left(x\right)\right)^2}
2	\frac{5(2x)}{5x^2+9}
2	\frac{(x+3-x-5)}{(x+3)^2}
2	(\frac{2x(x+8)-x^2)}{(x+8)^2}
2	32(8x+5)^3
2	e^{5x^2+9x}\cdot(10x+9)
2	\frac{8x\cos(x)-16\sin(x)}{x^{3}}
2	8x^2+7
2	x^{\frac{-3}{2}}
2	\frac{(9\cos\left(x\right)x^2-9\operatorname{\mathrm{sen}}\left(x\right)2x)}{x^4}
2	5\left(\frac{x-\ln\left(x\right)2x}{x^4}\right)
2	\frac{e^{x}x^3+e^{x}3x^2}{x^6}
2	9e^{x}\cos(x) - 9e^{x}\sin(x)
2	\frac{e^{x}\cdot x^3-(e^{x}\cdot3x^2)}{x^6}
2	3\cos\left(3x+5\right)
2	3(e^{x}\cos\left(x\right)-e^{x}\operatorname{\mathrm{sen}}\left(x\right))
2	3x^2\operatorname{\mathrm{sen}}\left(x)\right.+x^3\cos\left(x\right)
2	\frac{9\left(x\cos(x)-2\sin(x)\right)}{x^{3}}
2	8\cdot4\ln\left(x\right)^3\cdot\frac{1}{x}
2	x\cdot7e^{x-1}
2	\frac{1}{(x+6)}
2	\frac{14x}{2\sqrt{7x^2+3}}
2	2xe^{3x}+x^2e^{3x}
2	40x^{4+8}
2	2x\cdot\ln\left(x\right)+x^2\cdot⅟\ln\left(x\right)
2	-8x^3+15x^2
2	\frac{2x^2(x+9)-x^3}{(x+9)^2}
2	\frac{1}{6x+4}\cdot6
2	9x^2(x^3+5)^2
2	6\cdot e^{x}
2	\frac{\left(1\right)}{\left(x+10\right)^2}
2	\frac{(5x-10x\ln\left(x\right))}{x^4}
2	\frac{3e^x(x-2)}{x^3}
2	\frac{7(1-2\ln(x))}{x^{3}}
2	\frac{3}{\left(x+5\right)^{2}}
2	11xe^{x}+6x^2e^{x}
2	3\cos\left(x\right)\operatorname{\mathrm{sen}}\left(x\right)^2
2	8e^{x}(\sen(x)+\cos(x))
2	9x^4e^{x}+36x^3e^{x}
2	5\cos\left(x\right)-2\operatorname{\mathrm{sen}}\left.(x\right)
2	1+c
2	\frac{6e^{x}(x-3)}{x^{4}}
2	\frac{3-9\ln\left(x\right)}{x^4}
2	\cos\left(3x+9\right)3
2	3x^2e^{9x}+x^3e^{9x}\cdot9
2	\frac{(x^2+8x)}{x^2+8x+16}
2	\frac92x
2	\frac{3e^{x}x^3-3e^{x}\cdot3x^2}{x^6}
2	12\operatorname{\mathrm{sen}}\left(x\right)\operatorname{\mathrm{sen}}\left(x\right)\operatorname{\mathrm{sen}}\left(x\right)\cos\left(x\right)
2	\frac{8(2\ln\left(x\right))}{x}
2	\frac{(3x^2-x^3)}{(x+8)}
2	\frac{(\frac{x\cdot(x+6)}{1}-\frac{(x+5)\cdot x}{1})}{(x+6)^2}
2	3\left(x^3+3\right)^23x^2
2	\frac{\frac{6}{x}\cdot x^2-6\ln\left(x\right)\cdot2x}{x^4}
2	\frac{8e^{x}x^3-24x^2e^{x}}{(x^3)^2}
2	\cos\left(7x+5\right)\cdot7
2	\frac{4x^2-12x^2\ln\left(x\right)}{(x^3)^2}
2	(\frac{1}{\sqrt{x}})
2	\frac{(7\operatorname{\mathrm{\cos\left(x\right)}}x-7\operatorname{\mathrm{sen}}\left(x\right))}{x^2}
2	5x^3
2	2z
2	9xe^{9x+5}
2	\frac{8e^x(x-3)}{x^4}
2	30\operatorname{\mathrm{sen}}\left(x\right)^4\cdot\cos\left(x\right)
2	\frac{2x}{2\sqrt{(x^2+8)}}
2	3(6x+7)^26
2	12x^{2+e^{x}}
2	6\cdot-\operatorname{\mathrm{sen}}\left(x\right)
2	9e^{x}\cdot\cos\left(x\right)-9e^{x}\operatorname{\mathrm{sen}}\left(x\right)
2	\frac{2x^2(x+12)}{(x+8)^2}
2	-\operatorname{\mathrm{sen}}\left(8x+8\right)8
2	\frac{7(2\ln\left(x\right))}{x}
2	\frac{x+4-\left(x+7\right)}{\left(x+4\right)^2}
2	\frac{x+5-\left(x+4\right)}{\left(x+5\right)^2}
2	2\left(\frac{x^2-\ln\left(x\right)3x^2}{x^6}\right)
2	\frac{1-3\ln(x)}{x^4}
2	-4x^{-\frac12}
2	\frac{1}{9x+3}\cdot9
2	9(x^3+1)^2x^2
2	e^{x}+8x^2
2	\frac{x+2-\left(x+4\right)}{\left(x+2^2\right)}
2	9x^2-2x
2	\frac{x^{2}+12x}{(x+6)^{2}}
2	5e^{x}\cdot1
2	\frac{x\cos(x)-3\sen(x)}{x^4}
2	9x^4\cos(x)+36x^3\operatorname{sen}(x)
2	\frac{(3e^{x}\cdot x^3-e^{x}\cdot3x^2)}{x6}
2	21(\ln\left(x)\right)^2\cdot\frac{1}{x}
2	\frac{5(\operatorname{\mathrm{\cos\left(x\right)}}x-\cos\left(x\right))}{x^2}
2	16x^3\sin(x) + 4x^4\cos(x)
2	44
2	2x+2
2	10x\ln\left(x)+5x^{}\right.
2	\frac{2x}{\sqrt{2x^2+6}}
2	\frac{5x\cos\left(5x\right)-\operatorname{\mathrm{sen}}\left(5x\right)}{x^2}
2	\frac{\frac{3}{x}\cdot x^2-3\ln\left(x\right)\cdot2x}{(x^2)^2}
2	(15x)^2-16x
2	\frac{2e^{x}}{x^4}(x^2-2x)
2	\frac{(x+8)-(x+6)}{(x+6)^2}
2	(-6)\cdot(\cos\left(6x+2)\right.)
2	(2x+8)e^{x^2+8x}
2	e^{7x+6}\cdot7
2	3\cos\left(x)-2\operatorname{\mathrm{sen}}\left(x\right)\right.
2	\frac{4(x^2-3x^2\ln\left(x\right))}{x^6}
2	8\cdot e^{x}
2	e^{5x^2+7x}(10x+7)
2	30\operatorname{\mathrm{sen}^4}\left(x\right)\cos\left(x\right)
2	\ln\left(x\right)+\frac{8}{x}
2	-24x^3+12x^2
2	7^{x}\cdot\ln\left(7\right)\cdot1
2	-16x^3+12x^2
2	4e^{x}(\sin(x) + \cos(x))
2	\frac{5\cos\left(5x\right)x^2-2x\operatorname{\mathrm{sen}}\left(5x\right)}{x^4}
2	466
2	\frac{(x+4-x-9)}{(x+4)^2}
2	\frac{3}{3x+3}
2	e^{5x+9}\cdot5
2	20x^4-32x^3
2	-9\cdot x^{-2}
2	\frac{4(\frac{1}{x}x-x\ln\left(x\right))}{x^2}
2	3(7x+3)^27
2	24(8x+6)^3
2	11x^3\cdot e^{x}
2	10x^4-28x^3
2	25x^4+36x^3+0
2	\frac{4-8\ln(x)}{x^3}
2	7\left(\frac{\cos\left(x\right)x^2-\operatorname{\mathrm{sen}}\left(x\right)2x}{x^4}\right)
2	\frac{x-8}{x^2}
2	\frac{2-4\ln\left(x\right)}{x^3}
2	\frac{1}{x+5}-\frac{x+1}{\left(x+5\right)^2}
2	15x+7
2	\frac{\cos\left(3x\right)\cdot3\cdot x^3-\operatorname{\mathrm{sen}}\left(3x\right)\cdot3x^2}{x^6}
2	-3\operatorname{\mathrm{sen}}\left(3x+4\right)
2	18x^22e^{x}+6x^3
2	-\operatorname{\mathrm{5}\mathrm{sen}}\left(5x+9\right)
2	e^{5x+5}\cdot5
2	\frac{7x^2e^{x}-14xe^{x}}{x^4}
2	\frac{1}{9x+9}\cdot9
2	8x^3-12x
2	\frac{5x^2-15x^2\ln\left(x\right)}{x^5}
2	30x^4-9x
2	\frac{(x+6-x-7)}{(x+6)^2}
2	1552
2	8\left(2xe^{x}+x^2e^{x}\right)
2	\cos\left(7x+6\right)7
2	-8x^3
2	\frac{\left(x+4\right)-\left(x+2\right)}{\left(x+4\right)^2}
2	\frac{(4\operatorname{\mathrm{x}^3\mathrm{sen}}\left(x\right)\cos\left(x\right)-3x^2\operatorname{\mathrm{sen}}\left(4x\right))}{x^6}
2	2x\cdot e^{9x}+x^2\cdot e^{9x}\cdot9
2	\frac{5x}{\placeholder{}}
2	\frac{2\cos\left(x\right)x^3-2\operatorname{\mathrm{sen}}\left(x\right)\cdot3x^2}{x^6}
2	\frac{4\left(x\cos(x) - 3\sin(x)\right)}{x^{4}}
2	5x^3e^{5x}+3x^2e^{5x}
2	\frac{2}{\left(x+4\right)^2}
2	\frac{-2}{\left(x+2\right)^2}
2	8x^{3-18x}
2	\frac{1}{\left(x+2\right)^2}
2	36x^3-4x
2	\frac{3}{x^2+18x+81}
2	8(2x\ln\left(x\right)+x)
2	\frac{9e^{x}\left(x-1\right)}{x^2}
2	4\cos(x) - 2\sin(x)
2	3e^{3x+1}
2	\frac{4e^{x}x^3-12x^2e^{x}}{x^6}
2	e^{4x+4}\cdot4
2	\frac{8\cos\left(x\right)x^2-2x\operatorname{\mathrm{sen}}\left(x\right)}{x^4}
2	\frac{8x^3\cos\left(8x\right)-3x^2\operatorname{\mathrm{sen}}\left(8x\right)}{x^6}
2	3x^{^{-\frac12}}
2	-\operatorname{\mathrm{sen}}\left(7x+2\right)\cdot7
2	\frac{8\cos\left(x\right)\cdot x^2-8\operatorname{\mathrm{sen}}\left(x\right)\cdot2x}{x^4}
2	5x^5
2	\frac{(9\cos\left(x\right)x^2-18\operatorname{\mathrm{sen}}\left(x\right)x)}{x^4}
2	-\operatorname{\mathrm{sen}}\left(2x+4\right)\cdot2
2	7x^2e^{x}+14xe^{x}
2	32x^{3+3}
2	8e^{x}\cdot\cos\left(x\right)-8e^{x}\cdot\operatorname{\mathrm{sen}}\left(x\right)
2	\frac{(x+3-x-8)}{(x+3)^2}
2	\frac{\frac{8}{x}\cdot x^2-2x\cdot8\ln\left(x\right)}{x^4}
2	\frac{4\ln\left(x\right)\ln\left(x\right)\ln\left(x\right)}{x}
2	7e^{x}\cos(x) - 7e^{x}\sin(x)
2	-2x^2
2	4\cdot2(x)^{4-1}e^{x}
2	\frac{4x}{2\sqrt{2x^2+5}}
2	4(3x+7)^33
2	16\left(8x+1\right)
2	\frac92
2	((2x(x+8)-x^2)\cdot(x+8)^{-2}
2	15x^4-14x
2	\frac{\cos\left(7x\right)7x^3-3\operatorname{\mathrm{sen}}\left(7x\right)x^2}{x^6}
2	8x3-6x
2	\frac{1}{9x+7}\cdot9
2	-\operatorname{\mathrm{sen}}\left(3x+7\right)\cdot3
2	\frac{1}{x^1}
2	\frac{1}{6x+1}\cdot6
2	30x^4-20x^3
2	\frac{(8x^2-8\ln\left(x\right)3x^2)}{x^6}
2	2^{x}\ln\left(2^{x}\right)
2	\frac{1}{x+9}-\frac{x+2}{\left(x+9\right)^2}
2	\frac{7}{cos^2\left(x\right)}
2	\frac{5(x\cos(x)-2\operatorname{sen}(x))}{x^3}
2	\frac{7e^{x}\cdot x^2-7e^{x}\cdot2x}{(x^2)^2}
2	3e^x(\sin(x)+\cos(x))
2	3(5x+3)^25
2	2x\cdot e^{9x}-x^2\cdot e^{9x}\cdot9
2	e^{x}(\cos(x)-\sin(x))
2	4^x \ln(4)
2	-\frac{4}{(x+1)^2}
2	\frac{-2}{(x+7)^2}
2	14(7x+5)
2	3+\tan^3\left(x\right)^{}
2	\frac{9x}{3x^2+1}
2	\frac{9e^{x}(x-3)}{x^4}
2	\frac{1-3\ln(x)}{x^{4}}
2	\frac{(9xe^{x}-9e^{x})}{x^2}
2	2x^3\ln\left(x\right)+x^2
2	\frac{6(1-\ln(x))}{x^2}
2	2x\cdot e^{5x}+x^2\cdot e^{5x}\cdot5
2	2(x^2+3)2x
2	\frac{(6e^{x}x^2-12e^{x}x)}{x^4}
2	\frac{1}{3x+5}\cdot3
2	\left(2x+3\right)e^{x^2+3x}
2	\frac{\frac32}{\sqrt{x}}
2	\frac{4}{\left(x+6\right)^2}
2	8x^3e^{8x}+3x^2e^{8x}
2	\frac{-6x}{(x^2+2)^2}
2	\frac{\left(1\right)}{\left(x+9\right)^2}
2	8x^2e^{x}
2	\frac{2 - 6\ln(x)}{x^{4}}
2	(\frac{2x(x+3)-x^2)}{(x+3)^2}
2	4\left(\frac{\cos\left(x\right)x^2-\operatorname{\mathrm{sen}}\left(x\right)2x}{x^4}\right)
2	\frac{e^{x}\cdot1\cdot^{}x^2-e^{x}\cdot2x}{x^4}
2	\frac{(\frac{1}{x}\cdot x-\ln\left(x\right))}{x^2}
2	\frac{8x}{\sqrt{8x^2+9}}
2	\frac{8e^{x}(x^2-2x)}{x^4}
2	x\ln\left(6\right)
2	\frac{(2x^3-12x^2)}{x^2+8x+16}
2	9e^{x}-\cos\left(x\right)
2	\frac{e^{x}(x-2)}{x^{3}}
2	\frac{(\frac{1}{x}x-\ln\left(x\right)\cdot1)}{x^2}
2	\frac{x+4-(x+3)}{(x+4)^2}
2	\ln\left(x\right)+7\cdot\frac{1}{x}
2	\frac{(8\ln\left(x\right)^3)}{x}
2	\frac{x+1-\left(x+5\right)}{\left(x+1\right)^2}
2	4e^{x}\cos\left(x\right)+4e^{x}(-\operatorname{\mathrm{sen}}\left(x\right))
2	4^{x\ln\left(4\right)}
2	\frac{(7x\cos\left(7x\right)-\operatorname{\mathrm{sen}}\left(7x\right))}{x^2}
2	\dfrac{1-\ln(x)}{x^{2}}
2	\frac{d^{\prime}.dx-d.dx^{\prime}}{\left(\differentialD x\right)2}.2.2x
2	6x\cdot\frac{1}{x}
2	\frac{x^3\cos\left(x\right)-3x^2\operatorname{\mathrm{sen}}\left(x\right)}{x^6}
2	\frac{4}{\cos\left(x^{}\right)^2}
2	4x(x^2+1)
2	\frac{x+4-x-8}{(x+4)^2}
2	2\left(\frac{e^{x}x-e^{x}}{x^2}\right)
2	\frac{(8x^3\cos\left(x\right)-24x^2\operatorname{\mathrm{sen}}\left(x\right))}{x^6}
2	(2x+9)e^{x^2+9x}
2	12x^{}
2	3\cos\left(x\right)+3-\operatorname{\mathrm{sen}}\left(x\right)
2	\frac{1}{x+3}-\frac{x+5}{(x+3)^2}
2	\frac{1}{x}\ln\left(x\right)
2	\frac{x^{2}(2x+15)}{(x+5)^{2}}
2	\frac{(2e^{x}x^3-2e^{x}3x^2)}{(x^3)^2}
2	\frac{4}{1\sqrt{x}}
2	\frac{10x}{5x^2+7}
2	\frac{2x^2(x+6)}{(x+4)^2}
2	\frac{5}{(x+6)}
2	\frac{(3x^2(x+1)-x^3)}{(x+1)}
2	xe^{3x}\left(3x+2\right)
2	\frac{(\frac{6}{x}x^3-6\ln\left(x\right)3x^2)}{x^6}
2	\frac{\frac{2}{x}\cdot2x^2-2\ln\left(x\right)\cdot4x}{(2x^2)^2}
2	\frac{9e^{x}(x-1)}{x^{2}}
2	7\left(\frac{x^2-\ln\left(x\right)3x^2}{x^6}\right)
2	\frac{6x}{x}
2	\frac{1}{x+3}-\frac{x+9}{\left(x+3\right)^2}
2	2x\cdot\operatorname{\mathrm{sen}}\left(x\right)+x^2\cdot\cos\left(x\right)
2	6\operatorname{\cos\left(x\right)}-6\operatorname{\mathrm{sen}}\left(x\right)
2	5x^{4+}
2	e^8
2	e^{4x+7}\cdot4
2	8x^{4}\cos(x) + 32x^{3}\sin(x)
2	8\cos\left(8x+5\right)
2	8x^3+e^{x^{\placeholder{}}}
2	\frac{\left(3\right)}{\left(x+6\right)^2}
2	\frac{1}{5x+3}\cdot5
2	3x^2e^{7x}+21x^2e^{7x}
2	\frac{(2e^{x}x^3-2e^{x}3x^2)}{x^6}
2	\frac{2-6}{(x+2)^2}
2	3e^{x}(\cos(x) - \sin(x))
2	-\operatorname{\mathrm{sen}}\left(8x+7\right)\cdot8
2	\frac{4}{\ln\left(x\right)}
2	\frac{\frac{9}{x}\cdot x^3-9\ln\left(x\right)\cdot3x^2}{(x^3)^2}
2	\frac{2x^{3} + 12x^{2}}{(x+4)^{2}}
2	\frac{8}{(x+1)^{2}}
2	e^{2x+7}2
2	\frac{1}{x}\frac{1}{\ln\left(2\right)}
2	\frac{1}{5x+9}\cdot5
2	\frac{5\cos\left(x\right)x^3-15x^2\operatorname{\mathrm{sen}}\left(x\right)}{x^6}
2	\frac{10x}{2\sqrt{5x^2+2}}
2	\ln\left(3x\right)
2	\frac{\left(x^2+16x\right)}{\left(x+8\right)^2}
2	2x3
2	3\left(x^2+6\right)^22x
2	\frac{\frac{5}{x}x-5\ln\left(x\right)}{x^2}
2	2\cos\left(x\right)5e^{2\operatorname{\mathrm{sen}}\left(x\right)}
2	3\cdot x^{-\frac12}
2	45(\operatorname{\mathrm{sen}}\left(x)\right)^4\cos\left(x\right)
2	\frac{\left(2x\cdot\left(x+9\right)\right)-\left(x^2\right)}{\left(x+9\right)^2}
2	\frac62\frac{1}{\sqrt{x}}
2	35x+9
2	6x^{}+e^{x}
2	3e^x(\cos(x)-\operatorname{sen}(x))
2	2e^{\operatorname{\mathrm{2}\mathrm{sen}}\left(x\right)}\cos\left(x\right)
2	40x^4-24x^3
2	\frac{12x}{2\sqrt{6x^2+8}}
2	\frac{1}{2x^{\frac12}}
2	15x\star2+e\star x
2	\frac{x}{8}
2	6\cdot4\ln\left(x\right)^3\cdot\frac{1}{x}
2	21x^3+8
2	27x^2\ln\left(x\right)+3x^2
2	e^x(\cos(x) - \sin(x))
2	3(5x+6)^2\cdot5
2	36(9x+1)^3
2	\frac{24\ln\left(x\right)^2)}{x}
2	\frac{1+\ln\left(x\right)}{x^2}
2	50
2	12x^2+1
2	\frac{8(3\ln\left(x\right)^2)}{x}
2	4\cos\left(4x+5\right)
2	\cos\left(5x+4\right)5
2	4\left(3x^2\operatorname{\mathrm{sen}}\left(x\right)+x^3\cos\left(x\right)\right)
2	8x^3\cdot e^{x}+4x^4\cdot e^{x}
2	\frac{8x}{x}
2	x\ln\left(5\right)5^{x}
2	\frac{5x^3\cos\left(5x\right)-3x^2\operatorname{\mathrm{sen}}\left(5x\right)}{x^6}
2	6e^x(\operatorname{sen}(x)+\cos(x))
2	3(x^3+4)^2\cdot3x^2
2	\frac{4\cos\left(x\right)\cdot x-4\operatorname{\mathrm{sen}}\left(x\right)}{x^2}
2	\frac{e^{x}\cdot x^2-(e^{x}\cdot2x)}{x^4}
2	e^{x}(27x^2+9x^{3)}
2	3x^2+7x^3e^{7x}
2	e^{2x+8}\cdot2
2	x\ln\left(x\right)
2	8\left(3x^2\operatorname{\mathrm{sen}}\left(x\right)+x^3\cos\left(x\right)\right)
2	\frac{x\left(2-4\ln\left(x\right)x\right)}{x^4}
2	8x^3\cdot\ln\left(x\right)+\frac{2x^4}{x}
2	4(x^2+6)^32x
2	\frac{5x}{\sqrt{5x^2+5}}
2	\frac{x(x+8)}{(x+4)^2}
2	\frac55
2	\frac{(-1)}{x^2}
2	6\cos\left(6x+5\right)
2	4\sqrt{\frac{1}{x^2}}
2	e^{2x^2+x}(4x+1)
2	\frac{1-2\ln(x)}{x^3}
2	\frac{(\cos\left(9x\right)\cdot9)\cdot x^3-\operatorname{\mathrm{sen}}\left(9x\right)\cdot3x^2}{x^6}
2	\frac{1}{9\cdot\sqrt{x}}
2	9\left(2xe^{x}\right)
2	\frac{(8x-16\ln\left(x\right)x)}{x^4}
2	12x^2\cdot\operatorname{\mathrm{sen}}\left(x\right)+4x^3\cdot\cos\left(x\right)
2	\frac{e^{x}\cdot x-e^{x}\cdot1}{x^2}
2	5^{x}+\ln\left(5\right)
2	6x^2-8x+0
2	9\cos\left(9x+3\right)
2	0,5
2	2\cos(x)-2\sin(x)
2	\frac{\cos\left(x\right)x^3-3x^2\operatorname{\mathrm{sen}}\left(x\right)}{x^6}
2	\frac{(\frac{4}{x}\cdot x^3-4\ln\left(x\right)\cdot3x^2)}{x^6}
2	\frac{5-15\ln(x)}{x^4}
2	6\cos\left(6x+2\right)
2	2x\cdot e^{2x}+x^2\cdot2\cdot e^{2x}
2	\frac{\frac{3}{x}\cdot x^2-3\ln\left(x\right)\cdot2x}{x^4}
2	1\frac{1}{x}
2	\cos\left(3x+2\right)3
2	\frac{18}{x}\ln\left(x\right)
2	\frac{x+2-\left(x+7\right)}{\left(x+2\right)^2}
2	16\ln\left(x\right)\cdot\frac{1}{x}
2	\frac{3x^3+12x^2-x^3}{(x+4)^2}
2	2+\frac{1}{x}
2	\frac{8(1-2\ln(x))}{x^3}
2	20x^4-21x^2
2	e^{4x+5}\cdot4
2	2x^{-0\cdot5}
2	e^{x}\cos\left(x\right)-e^{x}\operatorname{\mathrm{sen}}\left(X\right)
2	21x^2\cdot\ln\left(x\right)+7x^3+\frac{1}{x}
2	6x\sin(x)+3x^{2}\cos(x)
2	\frac{9\cos\left(9x\right)\cdot x-\operatorname{\mathrm{sen}}\left(9x\right)}{x^2}
2	\ln\left(\frac{1}{x}\right)
2	28x^3-12x^2
2	-x^2
2	e^{x}\cos\left(x\right)-\operatorname{e^{x}\mathrm{sen}}\left(x\right)
2	-\frac{\operatorname{\mathrm{2}\mathrm{sen}}\left(2\ln\left(x\right)\right)}{x}
2	\frac{(x^2+14x)}{\left(x+7\right)^2}
2	16\operatorname{\mathrm{sen}}\left(x\right)\cdot\cos\left(x\right)
2	\frac{8}{\cos\left(x^2\right)}
2	10x^4-21x^2
2	4x^{3}\cos(x) + 12x^{2}\sin(x)
2	8e^{x}\sin(x) + 8e^{x}\cos(x)
2	\frac{8}{8x+6}
2	e^{2x^2+9x}\left(4x+9\right)
2	\frac{5\cos\left(5x\right)}{x^3}-\frac{3\operatorname{\mathrm{sen}}\left(5x\right)}{x^4}
2	18\ln\left(x\right)\cdot\frac{9}{x}
2	\frac{4x-8\ln\left(x\right)}{x^4}
2	\frac{\left(x+5\right)-\left(x+6\right)}{\left(x+5\right)^2}
2	e^{8x}(8x^2+2x)
1	4(4x+3)^3\cdot4
1	\frac{6\cdot((\frac{1}{x}\cdot x)-(\ln\left(x\right)))}{x^2}
1	\frac{2x^{3^{}}+18x}{(x+6)^2}
1	3e^{x}\operatorname{\mathrm{sen}}\left(x\right)+3e^{x}\cos\left(+\right)
1	\left(x^2+6\right)2\left(2x\right)
1	\frac{1}{\ln\left(3x\right)}
1	5(2x+6)^4\cdot2
1	\frac{1}{2\sqrt{5x^2+9}}10x
1	\frac{5}{\cos\left(x\right)}
1	\frac{6\cos\left(6x\right)x^3-3\operatorname{\mathrm{sen}}\left(6x\right)x^2}{x^3}
1	-\operatorname{\mathrm{sen}}\left(4x+6\right)\cdot4
1	\frac{5\cos\left(x\right)\cdot x^2-10\operatorname{\mathrm{sen}}\left(x\right)\cdot x}{x^4}
1	\frac{16}{8x^2+1}
1	\frac{(x+7)-(x+6)}{(x+7)}
1	((x+6-(x+3))\cdot\frac{1}{(x+6)^2}
1	\frac{2x^3+3x^2}{x+1}
1	3(2x+1)2
1	\frac{3}{(2\sqrt{x)}}
1	6e^{x}\cos\left(x\right)+6e^{x}\left(-\operatorname{\mathrm{sen}}\left(x\right)\right)
1	\frac{5\cos\left(x\right)}{x^2}-\frac{5\operatorname{\mathrm{sen}}\left(x\right)}{x^3}
1	\frac{7}{\left(7x+7\right)}
1	\frac{8e^{x}\cdot x^2-16e^{x}x}{x^4}
1	\frac{3x^2\cdot\left(x+7\right)-x^3}{\left(x+7\right)^2}
1	\frac{\frac{1}{x}x^3-\ln\left(x\right)3x^2}{(x^3)^2}
1	\frac{(2x^2+8)-1)}{(x+8)^2}
1	\frac{5}{x^3}-\frac{5\ln\left(x\right)}{x^{}}
1	\frac{5(x-\ln\left(x\right)2x)}{x^4}
1	\frac{3}{\sqrt{\left(x\right)}}
1	\frac{(2x(x+2)-x^2)}{(x+2)}
1	\frac{\frac{5}{x}\cdot x-5\ln x\cdot1)}{1^2}
1	\frac{(\cos\left(3x\right)\cdot3\cdot x^2-\operatorname{\mathrm{sen}}\left(3x\right)\cdot2x}{x^4}
1	-\frac{14}{x^3}\cdot\ln\left(x\right)+\frac{7}{x^3}
1	\frac{18}{x}
1	7x^3(x\cos(x) + 4\sin(x))
1	\frac12\cdot(3x^2+7)^{\frac{-1}{2}}\cdot6x
1	\frac{2x\cdot\left(x+8\right)-x^2}{\left(x+8\right)^2}
1	-\frac{x}{x^2+8x+16}
1	\cos\left(x\right)3\cdot4e^{3\operatorname{\mathrm{sen}}\left(x\right)}
1	\frac{(5e^{x}x-5e^{x})}{x\ln\left(\placeholder{}\right)}
1	-\frac{8e^{x}}{x^4}
1	\frac{6}{x}x^{-2}+6\ln\left(x\right)\cdot-2x^{-3}
1	\frac{\left(x+2\right)-\left(x+7\right)}{\left(x+2\right)^{"}}
1	2\left(x^2+7\right)2x
1	\frac{e^{x}(x^{}-2)}{x^3}
1	\frac{2x\cdot\left(x+2\right)-x^{2}}{\left(x+2\right)^{2}}
1	\frac{\left(7e^{x}x^2-14xe^{x}\right)}{x^4}
1	\frac{1\cdot(x+3)-(x+9)\cdot1}{(x+3)^2}
1	\frac{1}{9x^2+6}\cdot18x
1	\cos\left(6x+8\right)6
1	\frac{9\cdot((\frac{1}{x}\cdot x)-(\ln\left(x)\right)}{x^2}
1	6x^2e^{x}+2x^3ex
1	2e^{x}(\operatorname{\mathrm{sen}}\left(x\right)+\cos(x))
1	\frac{7(x^2-\ln\left(x\right)3x^2)}{x^6}
1	12x^3e^{x}
1	-\frac14
1	(-6)(\cos\left(6x+2)\right.)
1	6\left(3x^2\operatorname{\mathrm{sen}}\left(x\right)+x^3\cos\left(X\right)\right)
1	-\operatorname{\mathrm{sen}}\left(6x+6\right)\cdot6
1	\frac{7e^{x}x^3-3x^27e^{x}}{x^6}
1	(2x\cdot e^{x})+(x^2\cdot e^{x})
1	\frac{12x}{(6x^2+3)^2}
1	-7\sin(7x+7)
1	4x^3\cdot\operatorname{\mathrm{sen}}\left(x\right)-x^4\cdot\cos\left(x\right)
1	\frac{3e^{x}(x-1)}{x^{2}}
1	6x^2e^{x}+2x^2e^{x^{}}
1	-\operatorname{\mathrm{sen}}\left(4x+5\right)4
1	\frac{(\frac{9}{x}\cdot x^2-9\ln\left(x\right)\cdot2x)}{x^4}
1	\frac{(x+1)-(x+6)}{(x+1)^2}^{}
1	20x^{3}\sin(x)+5x^{4}\cos(x)
1	\frac{(\cos\left(7x\right)\cdot7)\cdot x^3-\operatorname{\mathrm{sen}}\left(7x\right)\cdot3x^2}{x^6}
1	\frac{2(\cos\left(x\right)x^2-\operatorname{2x\mathrm{sen}}\left(x\right))}{x^4}
1	\frac{6e^{x}x^2-12e^{x}x)}{x^4}
1	\frac{(e^{x}x-e^{x}1)}{x^2}
1	3x\cdot e^{x}+x^3e^{x}
1	\frac{e^{x}}{x}+(-\frac{e^{x}}{x^2})
1	\frac{7e^{x}xe^3-7e^{x}3x^2}{x^6}
1	\frac{2\operatorname{\mathrm{sen}}\left(2\ln\left(x\right)\right)}{x}
1	\frac{7x^2-21\ln\left(x\right)x}{x^6}
1	-\frac{\operatorname{\mathrm{5}\mathrm{sen}}\left(5\ln\left(x\right)\right)}{x}
1	\frac{5(x-\ln\left(x\right)x2)}{x^4}
1	\cos\left(x\right)12\operatorname{\mathrm{sen}}\left(x\right)^2
1	-24x^3
1	6(2x\ln\left(x\right)+\frac{x^2}{x})
1	\frac{3x}{3x+5}
1	\frac{1}{x^2+16x+64}
1	\frac{4x\cos(4x)-\sin(4x)}{x^{2}}
1	2e^{x}x^{-3}-6e^{x}x^{-4}
1	-3\cdot\operatorname{\mathrm{sen}}\left(x\right)
1	e^{x}\left(x-1\right)
1	\frac{4e^{x}x^3+4e^{x}3x^2^{}}{x^6}
1	e^{7x+6}+7
1	6(2xe^{x}+x^2e^{x})
1	\frac{4x}{\sqrt{4x^2 + 3}}
1	-24x^3+9x
1	4\cos\left(x\right)-\operatorname{\mathrm{sen}}\left(x\right)3
1	\frac{3x^2(x+1)+x^3}{(x+1)^2}
1	\frac{4\cdot((e^{x}\cdot x^2)-(e^{x}\cdot2x))}{x^4}
1	\frac{(x+9-x-4)}{(x+9)^2}
1	\frac{(3e^{x}\cdot x^3-3e^{x}\cdot3x^2)}{x6}
1	\frac{1}{\ln3x}
1	8x^3+ePx
1	\frac{2}{\cos\left(x\right)\ln\left(\placeholder{}\right)}
1	\frac{8\left(2x\right)}{2\sqrt{8x^2+6}}
1	\frac{\frac{9}{x}\cdot x^3-9\ln\left(x\right)\cdot3x^2}{x^6}
1	8(e^{x}\cdot\cos\left(x\right)+e^{x}\cdot(-\operatorname{\mathrm{sen}}\left(x\right))
1	\operatorname{\mathrm{sen}\left(\mathrm{5x}+9\right)}
1	\frac{\left(x+5\right)-\left(x+2\right)}{\left(x+5\right)^2}
1	4(3x+3)^33
1	5^{x}(\ln\left(5\right)+\frac{x}{5})
1	6x^{2}\sin(x)+2x^{3}\cos(x)
1	\operatorname{-\mathrm{sen}}\left(2x+6\right)2
1	\frac{x\cos(x)-2\sen(x)}{x^3}
1	2x^{4}\cos(x) + 8x^{3}\sin(x)
1	8\cdot\frac{1}{x^{-2}}
1	(x+3)^{-1}-(x+2)\cdot(x+3)^{-2}
1	\frac{4x}{(2x^2+2)}
1	36x^4-4x
1	\frac{6(1-3\ln(x))}{x^4}
1	9(x^3+9)^2x^2
1	\frac{3x^2\left(x+3\right)-x^3}{\left(x+3\right)}
1	\frac{2x}{x^2}
1	3\cdot\frac13
1	\frac{8e^{x}\operatorname{\mathrm{sen}}\left(x\right)+8e^{x}\cos\left(x\right)}{1}
1	32x^3\cdot\frac{1}{z}
1	5e^{4\operatorname{\mathrm{sen}}\left(x\right)}\cdot4\cos\left(x\right)
1	3(9x+9)^39
1	\frac{-3}{(x+9)^2}
1	\frac{3(4\ln\left(x\right)^3)}{x}
1	x+x
1	\frac{x}{x}^4
1	\frac{(8x\ln\left(x)-4x)\right.}{x^4}
1	2(e^{3\operatorname{\mathrm{sen}}\left(x\right)}3\cos\left(x)\right)^{}
1	3\cdot(-\frac{1}{x^2})
1	6x\cdot\ln\left(x\right)-3x^2\cdot\frac{1}{x}
1	10\left(5x+8\right)^4
1	\frac{9\cdot((\frac{1}{x}\cdot x)-(\ln\left(x\right)))}{x^2}
1	5\cdot4x^3+5
1	\frac{7\cdot\frac{1}{x}\cdot x-7\ln\left(x\right)}{\left(x\right)^2}
1	\frac{(2x^3(x+6)-x^3)}{(x+6)^2}
1	\frac{2x}{x+2}
1	\frac{\frac{9\cdot1\cdot x^2}{x}-9\ln\left(x\right)\cdot2x}{x^4}
1	\frac{(5e^{x}x^3-5e^{x}3x^2)}{(x^3)^2}
1	\frac{9\cos\left(x\right)-27\operatorname{\mathrm{sen}}\left(x\right)x^2}{x^6}
1	\frac{3e^{x}(x^3)-3e^{x}(3x^2)}{(x^3)^2}
1	7\cdot e^{x}\cdot\cos\left(x\right)+7\cdot e^{x}\cdot-\operatorname{\mathrm{sen}}\left(x\right)
1	-5\cdot\operatorname{\mathrm{sen}}\left(5x+4\right)
1	\frac{x^2+14x}{\left(x+7\right)^2}
1	-\frac{\ln\left(x\right)}{x^2}+\frac{1}{x^2}
1	\frac{3(x\cdot\cos\left(x\right)-3\operatorname{\mathrm{sen}}\left(x\right))}{x^4}
1	\frac{(9x-18^{}x\ln\left(x\right))}{x^4}
1	\frac{2}{(x+4)^{2}}
1	\frac{1}{3x+2}
1	-(x^{^{-2}})
1	24\cdot x^2+6
1	\frac{2((e^{x})(x^3)-(e^{x})(3x^2))}{(x^3)^2}
1	\frac{9x^2-27x^2\cdot\ln\left(x\right)}{(x^3)^2}
1	10x^4-12x^3+0
1	e^{7x}(3x^2^{}+x^3)
1	\frac{7\cdot e^{x}\cdot x^3-7\cdot e^{x}\cdot3x^2)}{x^6}
1	6e^{x}\cdot\ln\left(6\right)
1	3(x^3+8)^2\cdot(3x^2)
1	e^{x}(\cos\left(x)-\operatorname{\mathrm{sen}}\left(x\right)\right)
1	27x^2+18x
1	\frac{5}{\left(x+4\right)^2}
1	2xe^{x}\left(x+2\right)
1	3x^4\cos(x) + 12x^3\sen(x)
1	\frac{9e^{x}}{x^3}+\frac{-27e^{x}}{x^4}
1	36x^4+9
1	\cos\left(x\right)\operatorname{\mathrm{sen}}\left(x\right)2
1	2e^{x}\left(x^4+4x^3\right)
1	-8x^{-9}
1	e^{4x+6}4
1	8x^3\cdot\ln\left(x\right)+2x^3
1	18x^2\operatorname{\mathrm{sen}}\left(x\right)+6x^3\cos\left(X\right)
1	\frac{3\cos\left(3x\right)}{x^3}-\frac{3\operatorname{\mathrm{sen}}\left(3x\right)}{x^4}
1	3x^2e^{x}(3+x)
1	35x^4-15x^2+0
1	0\cdot e^{x}+5\cdot e^{x}
1	8\cdot\frac{1}{\cos\left(x\right)^2}
1	\frac{7e^{x}-7e^{x}}{x^{}}
1	\frac{3-2}{(x+3)^2}
1	\frac{(6\cos\left(x\right)-x^2)}{x^4}
1	\frac{14x}{75^2+5}
1	-12x^3+12^2
1	0-\frac{5}{x}
1	\frac{1}{x\cdot\log_3}
1	1+\tan\left(x\right)^2
1	\frac{6e^{x}}{x}+\frac{6e^{x}}{-1x^{-2}}
1	\frac{2x(x+1)}{(x+1)^2}-\frac{(x^2))}{(x+1)^2}
1	-\frac{10\,\operatorname{sen}\left(5\ln(x)\right)}{x}
1	\frac{2}{\placeholder{}}
1	24x^2-7x
1	\frac{2\cos\left(x\right)\cdot x^2-\operatorname{\mathrm{sen}}\left(2x\right)\cdot2x}{x^4}
1	\frac{\frac{2}{x}x^2-2x\ln\left(x\right)}{x^4}
1	\frac{9x^2-18x^2\ln\left(x\right)}{x^{10}}
1	e^{x}(\operatorname{\mathrm{sen}}\left(x\right)\cos\left(x\right))
1	e^x\sen(x) + e^x\cos(x)
1	\frac{1x}{\placeholder{}}
1	\frac{4(1-3\ln(x))}{x^4}
1	\frac{8\cdot\left(\left(\left(\cos\left(x\right)\cdot x\right)-\left(\operatorname{\mathrm{sen}}\left(x\right)\right)\right)\right)}{x^2}
1	\frac{3x^3+12x^2-x^3}{\left(x+4\right)^2}
1	\frac{7\cos\left(x\right)x^3-7\cos\left(x\right)3x^2}{x^6}
1	9\cdot(\frac{1}{\cos\left(x^2\right)})
1	6\operatorname{sen}(x)\cos(x)
1	\frac{3x^3+2x^2}{(x+1)^3}
1	\frac{5x}{2\sqrt{5x^2+2}}
1	\frac{3x^2(x+2)+x^3}{(x+2)^2}
1	\frac{\left(x+8\right)-\left(x+1\right)}{\left(x+1\right)^2}
1	2\cdot\frac{1}{x}x^{-1}-2\ln\left(x\right)x^{-2}
1	2\operatorname{\cos}\left(x\right)+4\left(-\operatorname{\mathrm{sen}}\left(x\right)\right)
1	\frac{3x\cos(x) - 3\operatorname{sen}(x)}{x^2}
1	-1\cdot\frac{2}{x^2}
1	\frac{7x-14\ln\left(x\right)}{x^4}
1	12(4x+7)^2
1	2x^3(4\ln\left(x+1\right))
1	\frac{-(2e^{x})}{x^{^2^{}}}
1	5(\frac{x^2-\ln\left(x\right)3x^2}{(x^3)^2})
1	3x+8
1	30x^4-32x^3+0
1	\frac{3x^2(x+8)-x^3}{(x+8)}
1	20\left(\operatorname{\mathrm{sen}}\left(x\right)\right)^4\cdot\cos\left(x\right)
1	15x^4-12x^2+0
1	25x^4-6x^2+0
1	\frac{2x^3\cos\left(x\right)-6x^2\operatorname{\mathrm{sen}}\left(x\right)}{x^3}
1	12x\ln\left(x\right)+\frac{6x^21}{x}
1	\frac{-2}{\left(x+1\right)^2}
1	\frac{\cos\left(6x\right)\cdot6\cdot x-\operatorname{\mathrm{sen}}\left(6x\right)\cdot1}{x^2}
1	2\cdot-1\cdot x^{-2}
1	\frac18
1	7\frac{e^{x}\cdot x-e^{x}}{x^2}
1	\frac{9x}{\sqrt{9x^2+3}}
1	6(3x + 5)
1	\frac{e^{x}x^2-e^{x}2x)}{x^4}
1	\frac{5}{x}-\frac{5\ln\left(x\right)}{x^2}
1	\frac{1}{x+4}-\frac{(x+8)}{(x+4)^2}
1	\frac{8}{(x+6)^2}
1	e^{x}\operatorname{\mathrm{sen}}\left(x\right)x+e^{x}\cos\left(x\right)
1	\frac{2x}{x+2}-\frac{x^2}{x+2}
1	\frac{(x+6)}{(x+6)^2}-\frac{(x+5)}{(x+6)^2}
1	\frac{(5x^2\cos\left(x\right)-10x\operatorname{\mathrm{sen}}\left(x)\right))}{x^4}
1	\frac{6x\cos(x)-6\sen(x)}{x^2}
1	-\frac{\operatorname{\mathrm{5}\mathrm{sen}}\left(5\ln\left(x\right))\right.}{x}
1	7e^{x}\cos\left(x\right)+7e^{x}\operatorname{\mathrm{sen}}\left(x\right)
1	28x^3-4x+0
1	\frac{(x+7)-(x+9)}{(x+9)^2}
1	6\cdot3x^2e^{x}+6x^3e^{x}
1	\left(4\ln\left(x\right)+1\right)8x^3
1	\frac{\frac{6}{x}x^2-6\ln\left(x\right)2x}{x^{24}}
1	8\left(4x^3e^{x}+x^4e^{x}\right)
1	\frac{6\cos\left(6x\right)x^2-2\operatorname{x\mathrm{sen}}\left(6x\right)}{x^4}
1	7\cdot3\ln\left(x\right)^2\cdot\frac{1}{x}
1	\frac{2-1}{(x+2)^2}
1	\frac12\frac{2x}{\sqrt{x^2+4}}
1	\frac{3x^2}{x+9}-\frac{x^3}{\left(x+9\right)}
1	\frac{6}{x}\cdot x^{-3}-18\cdot\ln\left(x\right)\cdot x^{-4}
1	\frac{5x^2\cos\left(x\right)-2x\operatorname{\mathrm{sen}}\left(5x\right)}{x^4}
1	6e^{x}\cos\left(x\right)-6e^{x}\operatorname{\mathrm{sen}}\left(-\right)
1	\frac12x^{-}\frac12
1	9\ln^2\left(x)\right.\cdot\frac{1}{x}
1	12x3+e^{x}
1	9x^{3}(4\sin(x)+x\cos(x))
1	\frac{(\frac{3}{x}\cdot x-3\ln\left(x\right)\cdot1)}{x^2}
1	\left(9\cos\left(9x\right)x^3-3\operatorname{\mathrm{sen}}\left(9x\right)x^2\right)\cdot x^{-6}
1	6(x^2+4)^2x
1	-\operatorname{\mathrm{sen}}\left(3x+8\right)3
1	\frac{3x-3\ln\left(x\right)2x))}{x^4}
1	\frac{1}{6x^2+5}\cdot12x
1	2x4\left(x^2+9\right)^3
1	\frac{8x^2}{x}+16x\cdot\ln\left(x\right)
1	\frac{(8\cdot x-0\cdot x)}{x^2}
1	9\cdot\frac12\frac{1}{x^{\frac12}}
1	\frac{1}{7x+9}
1	28
1	\frac{2x(x+2)-x^2}{x^2+10x+25}
1	\frac{(3e^{x}x^2+6e^{x}x)}{x4}
1	32x^3-9x^2
1	\frac{8x\cos(x) - 24\sin(x)}{x^4}
1	\frac{5e^{x}\cdot x^3-5e^{x}}{\placeholder{}}
1	9\left(2xe^{x}+x^2e^{x}\right)
1	6\left(\cos\left(x\right)-\operatorname{\mathrm{sen}}\left(x\right)\right)
1	5(5x+8)^45
1	\frac{(x^2+2x)}{x^2+1}
1	4x^3e^{4x}+x^4e^{4x}4
1	\frac{(0\cdot x)-(5\cdot1)}{x^2}
1	28x+3
1	(x^2+7)x8
1	8e^{x}\cos\left(x\right)-8e^{x}\operatorname{\mathrm{sen}}\left(X\right)
1	\frac{3x^2+9x-x^3}{x^2+6x+9}
1	\log_{}\left(3\right)3^{x}
1	\frac{(\cos\left(x\right)x^2-2x\operatorname{\mathrm{sen}}\left(x\right))}{x^{4^{\placeholder{}}}}
1	\frac{1}{x}\log_5e
1	16\cdot x^3+6
1	\frac{14x}{7x^2+6^{}}
1	\frac{2x}{x+6}\frac{x^2}{(x+6)^2}
1	2(4x^3e^{x}+x^4e^{x})
1	0+4\cdot\frac{1}{2\sqrt{x}}
1	28\operatorname{\mathrm{sen}}\left(x\right)^3\cdot\cos\left(x\right)
1	\frac{9x^3}{x}
1	\frac{(4x^2\cos\left(4x\right)-2x\operatorname{\mathrm{sen}}\left(4x\right))}{x^4}
1	\frac{(3xe^{x}-3e^{x})}{x^2}
1	e^{(3x^2+9x)}6x+9
1	\frac{(\frac{e^{x}}{x^3}+\frac{3}{x^4})}{x^6}
1	2x\operatorname{\mathrm{sen}}\left(x\right)+x^2(\cos\left(x\right))
1	7e^{x}(\cos(x)-\sen(x))
1	e^{x}(7x^2+21x^2)
1	\cos\left(5x+8\right)\cdot5
1	\frac{(5x^3\cos\left(5x\right)-3x^2\operatorname{\mathrm{sen}}\left(5x\right))}{x^6}
1	\frac{1}{x}\ln\left(e\right)
1	\frac{12\ln\left(x)\right.^2}{x}
1	5x^2\cdot\frac{1}{x}+10x\ln\left(x\right)
1	-\frac{5}{(x+7)}
1	\frac{(8e^{x}\cdot x-8e^{x})}{x^2}
1	\frac{4\cos\left(x\right)\cdot x^2-4\operatorname{\mathrm{sen}}\left(x\right)\cdot2x}{x^4}
1	7e^{7x+6}
1	\frac{3}{\left(x+7\right)^2}
1	112
1	6\cdot\left(\cos\left(x\right)\cdot\frac{1}{x^2}-\frac{1}{x^3}\cdot\operatorname{\mathrm{sen}}\left(x\right)\right)
1	\frac{0\cdot1-x\cdot2}{x^2}
1	\frac{e^{x}\left(x-3\right)}{x^4}
1	20x^3\ln\left(x\right)\cdot5x^4
1	\frac{4\left(x^2-\ln\left(x\right)3x^2\right)}{x^6}
1	27x^2\cdot\operatorname{\mathrm{sen}}\left(x\right)+9x^3\cos\left(x\right)
1	\frac{18x}{2\sqrt{9x^2+5}}
1	\frac{6\cos\left(x\right)\cdot x^3-6\operatorname{\mathrm{sen}}\left(x\right)\cdot3x^2}{x^{36}}
1	\frac{18x}{2\sqrt{9x^2+2}}
1	13x
1	\frac{x7-7\ln\left(x\right)2x}{x^4}
1	\frac{5e^{-}(x-1)}{x^2}
1	8x\ln(x) + 4x
1	11x+3
1	\frac{x\cos(x) - \sin(x)}{x^{2}}
1	\frac{4\cos\left(4x\right)x^2-\operatorname{\mathrm{sen}}\left(4x\right)2x}{x^4}
1	\frac{3x^2(x+1)-x^4}{(x+1)^2}
1	5\cdot(2x+5)^4\cdot2
1	(3e^{x}x^3-3e^{x}3x^2)(x^{-6})
1	7\left(2x\ln\left(x\right)+x\right)
1	30\cdot\operatorname{\mathrm{sen}}\left(x\right)^4\cdot\frac{1}{x}
1	8x^3-10x^2
1	2x^3e^{2x}+3x^2e^{2x}
1	4\cdot\frac12\cdot x^{\frac{-1}{2}}
1	\frac{4}{(4x+4)}
1	032x+20
1	\frac{\ln\left(x\right)162}{x}
1	16xe^{x}+8x^2ex
1	\frac{(\frac{5}{x}x-5\ln\left(x\right))}{x^2}
1	2\cdot x\cdot\frac{(x+3)}{(x+3)^2}-\frac{(x^2)}{(x+3)^2}
1	5e^{x}x^{-3}+5e^{x}\cdot-3x^{-4}
1	\frac{16x}{2\sqrt{8x^2+4}}
1	6x\left(x^{2}+2\right)^{2}
1	\frac{\frac{4}{x}\cdot x-4\ln\left(x\right)}{x^2}
1	\frac{(3x^2\cdot x+9)-(x^3)}{x^2+18x+81}
1	\dfrac{-2}{(x+3)^{2}}
1	\frac{9\cos\left(x\right)x^2-9\operatorname{\mathrm{sen}}\left(x\right)x^2}{x^4}
1	32x^3\cdot e^{x}+6x^4\cdot e^{x}
1	\frac{9e^{x}\cdot x^2-9e^{x}\cdot2x}{(x^2)^2}
1	\frac{\left(\frac{9}{x}x^2-9\ln\left(x\right)2x\right)}{x^4}
1	\frac{3-\ln\left(x\right)x}{x^2}
1	0\cdot e^{x}+6\cdot e^{x}
1	e^{x}.\left(9x^2+18x\right)
1	36x^2-8x
1	20e^{x}x^3+5e^{x}x^4
1	\frac{(x+8)3x^2-x^3}{(x+8)^2}
1	\frac{4\ln\left(x\right)-\frac{4}{x}\cdot x}{x^2}
1	6X+e^{X}
1	\frac{x^3(x+6)-x^3}{(x+6)^2}
1	-\operatorname{\mathrm{sen}}\left(3x+1\right)\cdot3
1	x^{-\frac12^{\placeholder{}}}
1	\frac{(x^3\cos\left(x\right)-3x^2\operatorname{\mathrm{sen}}\left(x\right))}{x^6}
1	(\frac{3x^3+3x^2-x^4}{(x+1)^2})
1	x^2e^{3x}(3+3x^{})
1	15^{}x^2+e^{x}
1	e^{x}(6x^4+24x^3)
1	\frac{x^2(1-\ln\left(x\right)3)}{x^6}
1	\frac{5}{x^3}-\frac{\ln\left(x\right)}{x^3}
1	\frac{7x^3e^{x}-21x^2e^{x}}{x^6}
1	\frac{(2x\cdot9e^{x})-(9e^{x}\cdot x^2)}{x^4}
1	\frac{2(2\ln\left(x\right))}{x}
1	\frac{9\cdot\cos\left(x\right)\cdot x^3-9\cdot\operatorname{\mathrm{sen}}\left(x\right)\cdot3x^2}{x^6}
1	12x^3-12x^2+0
1	21x^2\ln(x) + 7x^2
1	15\cdot\cos\left(x\right)\cdot e^{3\operatorname{\mathrm{sen}}\left(x\right)}
1	o,5
1	\frac{7e^{x}}{x^4}(x^2-2x)
1	5(\frac{\cos\left(x\right)x^3-\operatorname{\mathrm{sen}}\left(x\right)3x^2}{x^6})
1	2(x^3+2)\cdot3x^2
1	\frac{6e^{x}}{x^4}\left(x^2-2x\right)
1	e^{3x^2+6x}\cdot(6x+6)
1	12x^2\left(x^3+2\right)
1	\frac{4e^{x}x^3-4e^{x}x^23}{x^6}
1	21x^2\cdot\ln\left(x\right)+\frac{7x^3}{1}
1	6\cdot5\cdot\cos\left(x\right)^4\cdot\operatorname{\mathrm{sen}}\left(x\right)^5
1	\frac{5}{2\sqrt{x}^{}}
1	\frac{6}{-x^2}
1	\frac{(\frac{1}{x})(x^2)-(7\ln\left(x))(2x)\right.}{x^4}
1	6x^{3}(4\ln(x)+1)
1	-5\cdot\operatorname{\mathrm{sen}}\left(x\right)
1	\frac{2e^{x}x^3-2e^{x}\cdot3x^2}{x^6}
1	\frac{4\cos\left(x\right)x^3-4\operatorname{\mathrm{sen}}\left(x\right)\cdot3x^2)}{x^6}
1	12(4x+5)^2
1	2\cos(2x+6)
1	\frac{6\cos\left(x\right)\cdot x^3-6\operatorname{\mathrm{sen}}\left(x\right)\cdot3x^2}{x^{56}}
1	7-2x5
1	x^3\cdot e^{x}(4+x)
1	\frac{4(1-x\ln\left(x\right))}{x^2}
1	\frac{(0\cdot dx-d\cdot d)}{dx^2}\cdot\left\lbrack x\right\rbrack+\frac{d}{\differentialD x}.1
1	-\frac12\cdot x^{-\frac12}
1	\frac{8}{8x+3}
1	\frac{x^{2}\left(2x+6\right)}{\left(x+2\right)^{2}}
1	x3^{x+1}
1	\frac{2x}{\sqrt{x^2+1}}
1	(14x\cdot\ln\left(x\right))+(7x^2\cdot\frac{1}{x})
1	\frac{\frac52}{\sqrt{x}}
1	\frac{9\cdot\cos\left(9x\right)\cdot x-\operatorname{\mathrm{sen}}\left(9x\right)}{x^2}
1	x10^{x}
1	5^{x}1
1	(\frac{(0\cdot e^{x}+4e^{x})\cdot x-4e^{x})}{x^2}
1	(
1	2xe^{8x}\left(1+4x\right)
1	8\cdot e^{4\cdot\operatorname{\mathrm{sen}}\left(x\right)}\cdot\cos\left(x\right)
1	\frac{3\left(x^3\cos\left(x\right)-3x^2\operatorname{\mathrm{sen}}\left(x\right)\right)}{x^6}
1	-\frac{9}{2x}
1	6x^3e^{x}
1	\frac{8e^{x}\left(x-1\right)}{x^2}
1	\frac{(7\cdot e^{x}\cdot x^3-7\cdot e^{x}\cdot3x^2)}{x^6}
1	e^{x}+5e^{x}
1	7e^x\sen(x)+7e^x\cos(x)
1	\frac{(\frac{6}{x}\cdot x^3-6\ln\left(x\right)\cdot3x^2)}{x^6}
1	\frac{6}{(6x+6)}
1	4\cos\left(x\right)-2\operatorname{\mathrm{3}\mathrm{sen}}\left(x\right)
1	\frac{(7\cos\left(x\right)x^2-\operatorname{\mathrm{14\cdot}\mathrm{sen}}\left(x\right)x)}{x^4}
1	4X^1
1	\frac{3x^2-x^3(x+6))}{(x+6)^27}
1	\frac{7\left(\cos\left(x\right)x^2-\operatorname{\mathrm{sen}}\left(x\right)2x\right)}{x^4}
1	15\left(3x+8\right)^4
1	7^{x^{^{\placeholder{}}}}\cdot\ln\left(7\right)
1	8x^{3^{^{}}}-15x^2
1	\frac{(\frac{9}{x^{}}-9\ln\left(x\right)3x^2)}{x^6}
1	\frac{3-\ln\left(x\right)3}{x^2}
1	-8\cdot\operatorname{\mathrm{sen}}\left(8x+1\right)
1	\frac{6x\left(1-2\ln\right)}{x^4}
1	-2\sin(2x+1)
1	4(x^3+3)^3
1	3\cos\left(x\right)+4-\operatorname{\mathrm{sen}}\left(x\right)
1	\frac{1}{x+2}-\frac{\left(x+8\right)}{\left(x+2\right)^2}
1	\frac{-1}{2\sqrt{x}}
1	-\frac{2}{x^2+6x+9}
1	\frac{4}{-2^2}
1	16+e^{x}
1	\frac{(x+8-x-3)}{(x+8)^2}
1	-\frac{4}{x○42}
1	3(2x\cdot e^{x}+x^2\cdot e^{x})
1	\frac{(x^2+12x)}{(x+6^{2)^2}}
1	4\cos(x)-3\sen(x)
1	\frac12\cdot(2x^2+3)^{-\frac12}\cdot4x
1	e^{4x+8}
1	\frac{2x(x+3)-x^2}{x^2+6x+9}
1	e^{5x+1}5
1	7(\frac{1-3\ln\left(x\right)}{x^4})
1	4\cdot\left(x^2+5\right)^3\cdot2x
1	-\frac{1}{2x^3}
1	-\cos\left(6x+2\right)(6)
1	e^{8x}
1	\frac{4}{x}\ln\left(x\right)+\frac{4\ln\left(x\right)}{x}
1	\frac{5e^{}x^3-5e^{x}3x^2}{x^6}
1	6\left(\ln\left(x\right)\right)^2\cdot\frac{1}{x}
1	\frac{3x - 6x\ln(x)}{x^4}
1	\frac52\cdot\frac{-1}{\sqrt{x}}
1	\frac{4}{4x+}
1	36x^3\cdot\ln\left(x\right)+9x^4\cdot\frac{1}{2\sqrt{x}}
1	x5
1	\frac{2}{(x+8)^{2}}
1	\tan\left(\ln\left(x\right)\right)
1	24\cos\left(x\right)\operatorname{\mathrm{sen}}^2\left(x\right)
1	6\cdot(e^{6x+6)}
1	\frac{\frac{5}{x}x^3-3x^25\ln\left(x\right)}{x^6}
1	\frac{1}{x\ln\left(0\right)}
1	\frac{2x}{2\sqrt{x^2+6}}
1	15
1	21x^26
1	4\cdot-\frac{1}{x^2}
1	21\operatorname{\mathrm{(}\mathrm{sen}}\left(x\right))^2\cos\left(x\right)
1	\frac{\cos\left(7x\right)\cdot7x-\operatorname{\mathrm{sen}}\left(7x\right)}{x^2}
1	15\operatorname{sen}^{2}(x)\cos(x)
1	22x^3+e^{x}
1	3\cdot(x^2+9)^2\cdot2x
1	6x^2\cdot\ln\left(x\right)+\frac{2x^3}{x}
1	-\frac{4e^{x}}{x^2}+\frac{4}{x}e^{x}
1	\frac{\cos\left(2x\right)\cdot2x^2-\operatorname{\mathrm{sen}}\left(2x\right)\cdot2x}{x^4}
1	\ln\left(x\right)^3\cdot\frac{1}{x}
1	\frac12\cdot(9x^2+7)^{-\frac12}\cdot18x
1	\frac{4(x-2x\ln\left(x\right))}{x^{4^{}}}
1	36x^3+10x
1	\frac{12\ln\left(x\right)}{x}^2
1	7x^3(4\ln\left(x\right)+1)
1	28x^3\ln\left(x\right)+\frac{1}{x}7x^4
1	^{\frac{e^{x}2x-e^{x}x^2}{x^4}}
1	\frac{2 - 6\ln(x)}{x^4}
1	\frac{1}{x+6}-\frac{(x+1)}{(x+6)^2}
1	\frac{0x-6}{x^2}
1	e^{x\ln\left(3\right)}
1	2xe^{4x}+x^2\cdot e^{4x}\cdot4
1	\frac{\frac{6x^2}{x}-12\ln\left(x\right)x}{x^4}
1	0+8\cdot e^{x}\cdot\cos\left(x\right)+8\cdot e^{x}\cdot-\operatorname{\mathrm{sen}}\left(x\right)
1	\frac{2\cos\left(x\right)x^3+2\operatorname{\mathrm{sen}}\left(x\right)\cdot3x^2}{x^6}
1	7^{x^{^{}}}\cdot\ln\left(7\right)
1	+
1	2e^x(\cos(x)-\sin(x))
1	\frac{2x(x+7)+x^2}{(x+7)^2}
1	\frac{-8}{\left(x+9\right)^2}
1	28x^2-8x
1	\operatorname{\mathrm{sen}}\left(4\ln\left(x\right)\right)\frac{4}{x}
1	\frac{(0\cdot x-4)}{x^2}
1	\frac{x\cdot\cos\left(x\right)-\operatorname{\mathrm{sen}}\left(x\right)}{x^2}
1	6\cos xe^2\operatorname{\mathrm{sen}}x
1	3\operatorname{\mathrm{sen}}^2\left(x\right)
1	12\cdot\frac{4}{x}\ln\left(x\right)^2
1	3\cos]\left(x\right)-5\operatorname{\mathrm{sen}}\left(x\right)
1	\frac{\operatorname{-\mathrm{sen}}\left(4\ln\left(x\right)\right)\cdot4}{x}
1	e^{3x^2+8x}\left(3\cdot2x+8\right)
1	\frac{6(1-2\ln\left(x\right))}{x^3}
1	9\operatorname{\mathrm{sen}}^2\left(x\right)\cdot\cos\left(x\right)
1	45x+5
1	\cos\left(2x+1\right)\cdot2
1	\frac{2x(x+1)-2x}{(x+1)^2}
1	\frac{(1-\ln\left(x\right)\cdot1)}{x^2}
1	-2\operatorname{\mathrm{sen}}\left(2x+2\right)
1	\frac{4\cos\left(x\right)x^3-4\operatorname{\mathrm{sen}}\left(x\right)\cdot3x^2}{x^{3\cdot2}}
1	2x^2\cdot e^{x}
1	\frac{6\cos\left(x\right)}{x^2}-\frac{6\operatorname{\mathrm{sen}}\left(x\right)}{x^3}2
1	\frac{1}{8x+1}8
1	8x(x^2-2)
1	2e^{x}\cos\left(x\right)-2x\operatorname{\mathrm{sen}}\left(x\right)
1	\frac{3x^2(x+5)-(x^3)}{(x+5)^2}
1	e^{5x^2+2x}\cdot10x+2
1	(4x^2-4\cdot3x^2\ln\left(x\right))\cdot(x^{-6})
1	25x^4-2x^2
1	\frac{3x^2\left(x+6\right)-\left(x^3\right)}{\left(x+6\right)^2}
1	4\left(3x+5\right)^33
1	\frac{1}{5x+5}5
1	\frac{4(\ln\left(x\right)\cdot3x^2-1)}{x^6}
1	\left(3x+8\right)^5\ln\left(3x+8\right)
1	\frac{1}{9x^2+5}\cdot18x
1	7(4x^3\ln\left(x\right)-x^3)
1	4x^3\cdot e^{x}+e^{x}\cdot x^{2\cdot2}
1	\frac{(3x^2\cdot(x+4)-x^3\cdot1)}{(x+4)^2}
1	e^{2x^2+6x}\left(2\left(2x\right)+6\right)
1	\frac{2x^2+10x-x^2}{(x+5)^2}
1	\frac{2(x\cos(x)-\operatorname{sen}(x))}{x^2}
1	\frac{1+\frac{\ln\left(x\right)}{x^2}}{x^2}
1	4\cos\left(x\right)-\operatorname{4\mathrm{sen}}\left(x\right)
1	\frac{(6x\cos\left(x\right)-6\operatorname{\mathrm{sen}}\left(x\right))}{x^2}
1	\frac{6e^{x}\cdot x^3-6e^{x}3x^2}{x^6}
1	15x^4-4x^{}
1	\frac{9(\ln\left(x\right))^2}{x}
1	12x^2\cdot e^{x}+4^3\cdot e^{x}
1	\frac{1-2\ln\left(x\right)}{x^3}
1	45x^4-18x+0
1	\frac{e^{x}\cdot x^3-6e^{x}\cdot3x^2}{(3x^2)}
1	15x^2\cdot\ln\left(x\right)+\frac{5x^3}{x}
1	\frac{x+5-x-8}{\left(x+5\right)^2}
1	\frac{e^{x}x^2-e^{x}x^4}{x^4}
1	ex
1	\frac{(\frac{5}{x}\cdot x^3-5\ln\left(x\right)\cdot3x^2)}{x^6}
1	\frac{-2}{\left(x+6\right)^{2}}
1	45x^4-16x^3
1	-\frac{x}{x^3}
1	8(e^{x}\operatorname{\mathrm{sen}}\left(x\right)+e^{x}\cos\left(x\right))
1	x3
1	\frac{7-9}{(x+7)^2}
1	\frac{1(x+5)-1(x+1)}{(x+5)^2}
1	\frac{4}{1+x^2}
1	24x^3e^{x}+8x^4e^{x}
1	6x(\ln\left(x\right))+3x^2(\frac{1}{x})
1	\frac{3x^2\cdot x+1-x^3}{(x+1)^2}
1	3x^2e^{x}+3xe^{x}
1	\frac{\left(3x^2\cdot\left(x+2\right)\right)-\left(x^3\right)}{\left(x+2\right)^2}
1	3(6x+8)^26
1	\frac{1}{x+4}-\frac{(x+9)}{(x+4)^2}
1	\frac{(\frac{1}{x}\cdot x^3-\ln\left(x\right)\cdot3x^2)}{(x^3)^2}
1	9(\frac{e^{x}x^2-e^{x}2x}{x^4})
1	2e^{x}\operatorname{\mathrm{sen}}x+2e^{x}\cos x
1	\frac{2\cos\left(x\right)x^2-2\operatorname{\mathrm{sen}}\left(x\right)2x)}{x^4}
1	\frac12(\frac{1}{\sqrt{x})}
1	6-\operatorname{\mathrm{sen}}(x)
1	6\operatorname{}\cos\left(x\right)-2\operatorname{\mathrm{sen}}\left(x\right)
1	\frac92x\sqrt{x}
1	e^{x}x\cos\left(x\right)-e^{x}\operatorname{\mathrm{sen}}\left(x\right)
1	3(x^2+5)^2\cdot2x
1	9x^{2^{}}-10x
1	\frac{-\ln\left(x\right)\cdot x}{x^2}
1	\frac{8e^{x}\cdot x^3-8e^{x}\cdot3x^2}{(x^3)^{^2}}
1	4(\frac{\operatorname{\mathrm{sen}}\left(x\right)x^3-3\cos\left(x\right)x^2}{x^6})
1	\frac{3x\cdot(x+6)-x^3}{(x+6)^2}
1	-\frac{\operatorname{25\mathrm{sen}}\left(2\ln\left(x\right)\right)}{x}
1	7e^{x}\cdot\cos\left(x\right)-7e^{x}\operatorname{\mathrm{sen}}\left(x\right)
1	7(2xe^{x}+x^2e^{x})
1	20x^3-11x
1	28(7x+7)^3
1	\frac{(0\cdot dx-d\cdot d)}{dx^2}\cdot\left\lbrack x\right\rbrack+\frac{d}{\differentialD x}
1	\frac{3x\cdot e^{x}+x^3\cdot e^{x}}{e^{x2}}
1	\frac{x(x+18)}{(x+9)^2}
1	\exponentialE^{2x+3}\cdot2
1	27\cdot x^2-4x
1	-\operatorname{\mathrm{sen}}\left(x\right)e^{x}+e^{x}\cos\left(x\right)
1	6e^{x}(\frac{1}{x^2}-\frac{2}{x^3})
1	12x^2\cdot e^{x}+4x^{3}\cdot e^{x}
1	\frac{-5}{x^{}}
1	\frac{(\frac{1}{x})\cdot(x^3)-\ln\left(x\right)\cdot(3x^2)^{}}{(x^3)^2}
1	-\frac{\operatorname{\mathrm{sen}}\left(x\right)}{x}
1	\frac{(-3)}{x^2+16x+64}
1	\frac{\frac{5}{x}x-1\cdot5\ln\left(x\right)}{x}
1	+\frac12
1	\frac{7x^2 - 21x^2\ln(x)}{x^6}
1	3\ln\left(x\right)^2x^{-1}
1	21x^2e^{x}+7x^3\cdot e^{x}
1	18x^3\ln\left(x\right)+\frac{6x^31}{x}
1	\frac{\frac{1}{5x}-10x^2\ln x}{x^6}
1	9\cdot3x^2+9x^2
1	\frac{(x-\ln\left(x\right)2x)}{x^4}
1	e^{3x+7}\cdot3
1	6\ln\left(6\right)
1	(\frac{2x^2+18x-x^2\cdot1)}{(x+9)^2}
1	\frac{1}{(x+5)e^2}
1	\dfrac{-5}{(x+1)^{2}}
1	5(7x+3)^47
1	(9e^{x})(\operatorname{\mathrm{sen}}\left(x\right))+(9e^{x})(\cos\left(x\right))
1	(x+7)^{-2}
1	3\ln\frac{\left(x\right)^2}{x}
1	\frac{(2x+10)}{(x+6)^2}
1	(\frac{3x^2(x+9)-x^3)}{(x+9)^2}
1	\frac{4e^x x^3 - 12e^x x^2}{x^6}
1	\frac{(3x^2)(x+8)-(x^3)(1)}{(x+8)^2}
1	24\operatorname{\mathrm{sen}}\left(x\right)^3\cos\left(x\right)^4
1	\frac{9x\cos(x) - 9\sin(x)}{x^{2}}
1	\frac{9}{\cos\left(x\right)2}
1	14xe^{x}+e^{x}7x^2
1	-5\operatorname{\mathrm{sen}}\left(5x+4\right)
1	9e^x(\sin(x) + \cos(x))
1	\frac{2\cdot\left(\left(e^{x}\cdot x^2\right)-\left(e^{x}\cdot2x\right)\right)}{x^4}
1	4x^3\cdot e^{8x}+x^4\cdot(e^{8x}\cdot8)
1	\frac{2^{x}}{x}
1	5e^{4\operatorname{\mathrm{sen}}\left(x\right)}\cdot\ln\left(e^{4\operatorname{\mathrm{sen}}\left(x\right)}\right)
1	\frac{\left(7e^{x}\cdot x^2-7e^{x}2x\right)}{x^4}
1	\frac{8}{\cos^2\left(x)\right.}
1	4(-\operatorname{\mathrm{sen}}\left(x\right))
1	4(x^2+8)x
1	4x^3\cdot e^{6x}+6\cdot e^{6x}\cdot x^4
1	4(x^3+6)^3\cdot3x^2
1	12\operatorname{\mathrm{sen}}\left(x\right)\cdot\cos\left(x\right)
1	27x^3-10x
1	5x\ln\left(x\right)+\frac{5x^2}{x}
1	\frac{2e^{x}x^3-2e^{x}3x^2)}{x^5}
1	(12\operatorname{\mathrm{sen}}\left(x\right)^3)(\cos\left(x\right))
1	\frac{1\cdot\left(x+5\right)-\left(x+9\right)\cdot1}{\left(x+5\right)^2}
1	\left(x^2+6\right)2\left(x^2+6\right)
1	32x^{3}-18x^{2}
1	\frac{1}{\left(x+8\right)^{2}}
1	\frac{(x+4)-\left(x+2\right)}{\left(x+4\right)^2}
1	45x-16
1	5\left(9x+9\right)^4\cdot9
1	e^{3x^2+2x}\cdot(6x+2)
1	\frac{1}{7x+2}
1	\frac{\cos\left(5x\right)5}{x^2}-\frac{2\operatorname{\mathrm{sen}}\left(5x\right)}{x^3}
1	8x3-4x
1	\frac{7\cos\left(x\right)\cdot x^2-7\operatorname{\mathrm{sen}}\left(x\right)2x}{x^{\$}}
1	\frac{\frac{8}{x}x^3-8\ln\left(x\right)2x^2}{(x^3)^2}
1	28\operatorname{\mathrm{sen}}\left(x^3\right)\cos\left(x\right)
1	\frac{x\cos(x)-2\operatorname{sen}(x)}{x^3}
1	(10x+1)\cdot e^{5x^2+x}
1	\frac{\left(\frac{3}{x}x^3-3\ln\left(x\right)3x^2\right)}{x^2}
1	24x^{3^{}}e^{x}+6x^4e^{x}
1	34x^3
1	2\cos x-4\operatorname{\mathrm{sen}}\left(x\right)
1	\frac{7\cos\left(x\right)\cdot x^2-14\operatorname{\mathrm{sen}}\left(x\right)}{x^4}
1	\frac{(2x\cdot(x+7))-(x^2)}{(x+7)^2}
1	32\ln\frac{\left(x\right)^3}{x}
1	e^{9x+9}9
1	\frac{8(e^{x}\cdot x^3-e^{x}\cdot3x^2)}{x^6}
1	7e\frac{^{x}\cdot x^3-7e^{x}\cdot3x^2}{x^6}
1	\frac{16x}{2\sqrt{(8x^2+9}}
1	4(\frac{1}{2\sqrt{x}}
1	4\cdot\frac{1}{x}\cdot x^{-2}-2\cdot4\ln\left(x\right)x^{-3}
1	\frac{(x+9)2x-x^2}{(x+9)^2}
1	4x\operatorname{\mathrm{sen}}\left(x\right)+2x^2\cos\left(\operatorname{\mathrm{sen}}\left(\placeholder{}\right)\right)
1	\frac{1}{x+9}-\frac{x+2}{1}
1	\frac{1\cdot(x+6)-(x+8)\cdot1}{(x+6)^2}
1	2(x^2+5)\cdot2x
1	(x)2
1	20x^4-28x^3+0
1	\frac{7\cos\left(x\right)\cdot x^2-14\operatorname{\cdot\mathrm{sen}}\left(x\right)}{x^4}
1	9(x^3+6)^2x^2
1	8e^8x+2
1	24x^{2}-4x
1	\frac{(\frac{7}{x})(x^2)-(7\ln\left(x))(2x)\right.}{(x^2)^2}
1	3(\frac{\cos\left(x\right)x-\operatorname{\mathrm{sen}}\left(x\right)}{x^2})
1	\frac{6(x\cos(x)-\sin(x))}{x^2}
1	\frac{(3x^2\cdot(x+4))-(x^3)}{(x+4)^2}
1	2\ln x
1	\frac{2\cos\left(x\right)x^3-3x^2\operatorname{\mathrm{sen}}\left(x\right)}{(x^3)^2}
1	5\left(2x\operatorname{\mathrm{sen}}\left(x\right)+x^2\cos\left(x\right)\right)
1	4^{x}\cdot\ln4
1	\left(10x+9\right)e^{5x^2+9x}
1	!
1	3\left(x^2+6\right)^22
1	2(7x+5)7
1	-\operatorname{\mathrm{sen}}\left(6x+3\right)6
1	\frac{1}{2x^2+4}4x
1	e^{3x^2+x}\cdot(6x+1)
1	\dfrac{2x^{2}(x+3)}{(x+2)^{2}}
1	\frac32\sqrt{x}
1	40x^4-28x^3
1	\operatorname{\mathrm{sen}}\left(7x+4\right)\cdot(-7)
1	12x^3+3e^{x}x^4
1	\cos\left(9x+5\right)\cdot9
1	e^{8x+1}\cdot8
1	\frac{3\cdot\frac{1}{x}\cdot x^2-3\ln\left(x\right)\cdot2x}{(x^2)^2}
1	\frac{-1}{\left(x+2\right)^2}
1	3e^{x}(\sen(x)+\cos(x))
1	e^{x}\operatorname{\mathrm{sen}}\left(x\right)e^{x}\cos\left(x\right)
1	-7\operatorname{\mathrm{sen}}\left(7x+6\right)
1	5(\frac{e^{x}}{x^2}-\frac{2e^{x}}{x^3})
1	4\cdot\left(-\frac{1}{2\cdot x^2}\right)
1	\frac{12x}{6x^2+9}
1	12x^{2}\left(x^{3}+6\right)^{3}
1	-\operatorname{\mathrm{sen}}\left(x\right)\cdot9
1	16x^3e^{x}\cdot4x^4e^{x}
1	\frac{(6\cos\left(x\right)\cdot x-6\operatorname{\mathrm{sen}}\left(x\right))}{x^2}
1	10(2x+6)^4
1	\frac{x+7-x-6}{\left(x+7\right)^2}
1	\frac{6e^{x}\cdot x^2-6e^{x\cdot2x}}{x^4}
1	4e^{x}\cos\left(x\right)-4\operatorname{\mathrm{sen}}\left(x\right)e^{x}
1	\frac{-12\operatorname{\operatorname{\mathrm{sen}}}\left(4\ln\left(x\right)\right)}{x}
1	\frac{8x}{(4x^2+4)}
1	\frac{-x^3\cdot3x^2(x+1)}{(x+1)^2}
1	\frac{9\left(\frac{1}{x}x^3-\ln\left(x\right)3x^2\right)}{x^6}
1	24x^3e^{x}+e^{x}6x^4
1	\frac{x+8-x+5}{(x+8)^2}
1	\frac{1}{2\sqrt{5x^2+2}}
1	36x^3\ln\left(x\right)+\frac{8x^4}{x}
1	3e^{x}\ln\left(3\right)
1	21x^2\operatorname{\mathrm{sen}}\left(x\right)+7x^2\cos\left(x\right)
1	\frac{2e^{x}\cdot x-2e^{x}}{x^{2}}
1	\frac{9\cos\left(x\right)x-\operatorname{\mathrm{9}\mathrm{sen}}\left(x\right)}{x^2}
1	\frac{1}{\left(x\ln\left(5\right)\right)}
1	4^{x^{\placeholder{}}}\cdot\ln\left(4\right)
1	6\cdot\left(3x^2\cdot\operatorname{\mathrm{sen}}\left(x\right)+\cos\left(x\right)\cdot x^3\right)
1	\frac{2(3\ln\left(x\right)^2)}{x}
1	\frac{4e^{x}(x-1)}{x^{2}}
1	\frac{(3x^2(x+7)-x^3)^{}}{(x+7)^2}
1	e^{5x}(5x^4+4x^3)
1	\frac{6\cdot\frac{1}{x}\cdot x^3-6\cdot\ln\left(x\right)\cdot3x^2}{x^6}
1	(x\ln\left((10)\right))^{-1}
1	5\cos\left(x\right)-4\cos\left(x\right)
1	4x^2+5
1	\frac{x}{\ln\left(3x\right)}
1	\frac{10x}{2\sqrt{5x^2+6}}
1	2xe^{3x}+x^23e^{x3}
1	\frac{2\sqrt{x}}{5\cdot x}
1	\frac{2}{\cos\left(x\right)\cos\left(-\right)}
1	5\ln\left(x\right)\cdot\frac{1}{x}
1	\frac125(x)^{-\frac12}
1	\frac{\cos\left(x\right)}{x^2}-\frac{\operatorname{\mathrm{2}\mathrm{sen}}\left(x\right)}{x^2^{}}
1	\frac{-2}{(x+1)}
1	\frac{7x1}{x}
1	3x^2-18x
1	\frac{\cos\left(7x\right)\cdot7\cdot x-\operatorname{\mathrm{sen}}\left(7x\right)\cdot1}{x^2}
1	\frac{\frac{4\ln\left(x\right)}{x}-4\ln\left(x\right)\cdot2x}{x^4}
1	\frac{1}{2x+3}2
1	2.1
1	\frac{2}{2x+6}
1	4x\sin(x)+2x^{2}\cos(x)
1	e^{6x+9}\cdot6
1	\frac{(-7)}{x^2}
1	x^3e^{4x}(3+4x)
1	\frac{(x+8)+(x+9)}{(x+8)^2}
1	7x^2\cos(x) + 14x\sen(x)
1	4x\cdot e^{x}+x^4\cdot e^{x}
1	\frac{4x^2\cos(x) - 8x\sen(x)}{x^4}
1	12\operatorname{\mathrm{sen}}\left(x\right)^3\cos\left(x\right)^4
1	\frac{50x}{2\sqrt{x^2+2}}
1	8x^{3+5}
1	\frac{3\cdot\operatorname{\cos\left(x\right)}\cdot x^3-3\operatorname{\mathrm{sen}}\left(x\right)\cdot3x^2}{x^6}
1	3\ln\left(3x\right)
1	\frac{2\left(e^xx-e^x\right)}{x^2}
1	\frac{1}{2x\ln\left(2\right)}
1	\frac{6(x\cos(x) - 2\sin(x))}{x^3}
1	8\cos\left(x\right)\cdot e^{2\operatorname{\mathrm{sen}}\left(x\right)}
1	\frac{1}{x+2}+\frac{x+1}{(x+2)^2}(-1)
1	5e^{x}(\frac{1}{x}-\frac{1}{x^2})
1	\frac{1}{x}3\ln\left(x\right)^24
1	6x^2-7x
1	\frac{1}{x+9}-\frac{(x+1)}{x+9}
1	\frac{4\left(x\cos\left(x\right)-\operatorname{\mathrm{sen}}\left(x\right)\right)}{x^2}
1	\frac{e^{x}x^3-e^{x}3x}{x^6}^2
1	6x^5+36x^2
1	8\times\frac{1}{2\sqrt{x}}
1	40x^4+4x
1	e^{x}(10x+5x^2)
1	\frac{(e^{x}\cdot x^2-e^{x}2x)}{x^4}
1	\frac{4e^{x}x-4e^{x})}{x^2}
1	\left(4x+9\right)e^{2x^{2}+9x}
1	30x^4-5x^3+0
1	\frac{(2x^2+6x-x^3)}{(x+6)^2}
1	e^{x}(3x^2+x^{3)}
1	9(3x+2)^2
1	e^{8x+4}\cdot8
1	16xe^{x}8x^2e^{x}
1	3(\frac{x^{-\frac12}}{2})
1	9x^2\left(x^3+9\right)^2
1	2(9x+8)9
1	e^{4x^2+5x}\cdot8x+5
1	\frac{(x+9)\cdot(2x-1)}{(x+9)^2}
1	\frac{6x^{}}{x}
1	\frac{(\frac{1}{x^2}+\ln\left(x\right)\cdot x^{-2})}{x^2}
1	\frac{3\cos\left(3x\right)x^3-\operatorname{\mathrm{sen}}\left(3x\right)3^{}x^2}{x^6}
1	3(2x+1)^2\cdot2
1	3\cos(x)-5\sin(x)
1	\frac{1}{\sqrt{5x^2+2}}
1	27x\ln\left(x\right)+9x^3
1	\frac{2}{1+x^2}
1	\frac{8e^{x}x^3-8e^{x}x^23}{x^6}
1	\frac{8x^{}\cos\left(x\right)-24\operatorname{\mathrm{sen}}\left(x\right)}{x^4}
1	3xe^{-\frac12}
1	\frac{6(2x)}{2\sqrt{6x^2+1}}
1	\frac{-(\operatorname{\mathrm{sen}}\left(x\right))+x\cos\left(x\right)}{x^2}
1	\frac{5\cos\left(x\right)\cdot x^2-5\operatorname{\mathrm{sen}}\left(x\right)\cdot2x}{(x^2)^2}
1	5+\ln\left(x\right)
1	\frac{1}{\left(x+7\right)^2}
1	e^{x}\cdot\cos\left(x\right)\cdot e^{x}\cdot-\operatorname{\mathrm{sen}}\left(x\right)
1	8e^{x}(\frac{1}{x}-\frac{1}{x^2})
1	\frac{x+1-(x+2)}{(x+2)^2}
1	\frac{4(x^2-\ln\left(x\right)2x^3)}{x^6}
1	35x^4-24x^3
1	\frac{(x^2+12x)}{(x+6)^{^2}}
1	8e^{x}\cdot x^{-1}-8e^{x}x^{-2}
1	3x^2\ln\left(x\right)+\frac{1}{x}
1	-\frac{3}{xx}
1	\frac{2\cos\left(x\right)x^2+4\operatorname{\mathrm{sen}}\left(x\right)x}{x^4}
1	5\cos\left(5x+9\right)
1	3\cdot\cos\left(x\right)-3\cdot\operatorname{\mathrm{sen}}\left(x\right)
1	\left(2x+9\right)e^{x^2+9x}
1	32x^3-2x
1	\frac{8}{\cos\left(x\right)\cos\left()\right)}
1	\frac{(2e^{x}x^3-6e^{x}x^2)}{(x^3)^2}
1	8(5\operatorname{\mathrm{sen}}\left(x\right)^4)\cos\left(x\right)
1	\operatorname{-\operatorname{\mathrm{sen}}\left(2x+3\right)}2
1	\frac{2(e^{x}x^3-3x^2e^{x})}{x^6}
1	27x^2e^{x}+9x^3\cdot e^{x}
1	\frac{6 - 12\ln(x)}{x^3}
1	-1x^2
1	-\frac{1}{x\ln\left(10\right)}
1	\frac{6\cos\left(x\right)x^3-6\operatorname{\mathrm{sen}}\left(x\right)x^23}{x^6}
1	8e^{x}(2x+x^2)
1	\frac{x\cos\left(x)-\operatorname{\mathrm{sen}}\left(x\right.\right)}{x^2}
1	\frac{3e^{x}\cdot x^3-3e^{x}2x^3}{(x^3)^2}
1	\frac{2x2\ln\left(x\right)-\frac{2x^2}{x}}{x^4}
1	\frac{e^{x}(x^2)-e^{x}(2x)}{(x^2)^2}
1	\frac{5\cos\left(x\right)-5x\operatorname{\mathrm{sen}}\left(\placeholder{}\right)}{x^2}
1	e^{x}\cdot\frac{1}{x^2}+e^{x}\cdot(-2x^{-3})
1	-3\cdot x^{-\frac12}
1	\frac{e^{x}x^2(x-3)}{x^6}
1	\frac52x^{\frac12}
1	\frac{5x}{\sqrt{(5x^2+9)}}
1	\frac{x+4-\left(x+6\right)}{\left(x+4\right)^2}
1	\frac{\frac{2}{x}x^3-2\ln\left(x\right)x^23}{x^6}
1	\frac{7x^2\cos\left(7x\right)-2x\operatorname{\mathrm{sen}}\left(7x\right)}{x^4}
1	\frac{9x}{9x+4}
1	\frac{3(2x)}{2\sqrt{3x^2+7}}
1	(2x\cdot(x+2)-x^2)\cdot\frac{1}{(x+2)^2}
1	\frac{8e^{x}}{x}-\frac{16e^{x}}{x^2}
1	\frac{(5x^2)-5\ln\left(x\right)x^3}{x^5}
1	(5x+3)^35
1	\frac{1}{x+4}-\frac{x+2}{\left(x+4\right)^2}
1	\frac{9e^{x}x^2-18xe^{x}}{x^2}
1	-8\cdot\frac{1}{x^2}
1	(2e^{3\operatorname{\mathrm{sen}}\left(x\right)})\cdot(3\cos\left(x)\right)
1	15(4x+6)^2
1	3(5x+8)^25
1	3e^{x}+3e^{x}\cos\left(x\right)
1	3e^{x}(\operatorname{\mathrm{sen}}\left(x\right)+\cos\left(x)\right)
1	\operatorname{\mathrm{sen}}\left(3x+5\right)3
1	28x^3-24x2
1	\frac{2\left(x^2-3x^2\ln x\right)}{x^6}
1	x\cdot10^{x-1}
1	10^{x-1}
1	\frac{3x^2}{x+7}-\frac{x^3}{x+7}
1	\frac{-9e^{x}2x}{x^4}
1	\frac{(\cos\left(7x\right)\cdot7)\cdot x-\operatorname{\mathrm{sen}}\left(7x\right)}{x^2}
1	\frac12\cdot(-\sqrt{x})
1	3e^{x}\cos\left(x\right)-3e^{x}\operatorname{\mathrm{sen}}\left(\placeholder{}\right)
1	8e^x\cos(x) - 8e^x\operatorname{sen}(x)
1	5e^{x}\cdot\cos\left(x\right)+5e^{x}\cdot(-\operatorname{\mathrm{sen}}\left(x)\right)
1	5e^{x}.1
1	\frac{(5\cos\left(x\right)x^2-10\operatorname{\mathrm{sen}}\left(x\right)x)}{x^4}
1	\operatorname{\mathrm{8}\mathrm{sen}}\left(8x+6\right)
1	\frac{8(2x)}{2\sqrt{8x^2+1}}
1	\frac{1}{9x+3}
1	\frac{8x^2\operatorname{\mathrm{sen}}\left(x\right)-16x\operatorname{\mathrm{sen}}\left(x\right)}{x^4}
1	\left(x-1\right)+C^{^2}+2
1	12x^{3^{}}+e^{x}
1	1^{}
1	\frac{1}{x+3}-\frac{(x+6)}{(x+3)^2}
1	\frac{5(x\cos(x)-\sin(x))}{x^{2}}
1	\frac{4\cos\left(x\right)x^2-8x\cos\left(x\right)}{x^4}
1	e^{x}(\cos\left(x\right)-\operatorname{\mathrm{sen}}(x))
1	\frac{\left(\left(x+8\right)-\left(x+9\right)\right)}{\left(x+8\right)^2}
1	e^{5x^2+6x}(10x+6
1	21x^2\operatorname{\mathrm{sen}}\left(x\right)-7x^3\cos\left(\placeholder{}\right)
1	\frac{1}{x}2x+14
1	\frac{7\left(x^2-3x^2\ln\left(x\right.\right)}{x^6}
1	5\cos\left(x\right)-5\operatorname{\mathrm{sen}}\left(\placeholder{}\right)
1	2x^4\ln\left(x\right)+\frac{8x^3}{x}
1	14x^2\cdot e^{x}+7x^3\cdot e^{x}
1	\frac{e^{x}\cdot x^2+e^{x}\cdot2x}{x^4}
1	e^{5x^2+3x}\cdot(10x\cdot3)
1	2\frac{\left(x-\ln\left(x\right)2x\right)}{x^4}
1	-20\operatorname{\mathrm{sen}}\left(4\ln\left(x\right)\right)\cdot x^{-1}
1	5\cdot\frac{x}{2\sqrt{x}}
1	x^2\cos(x)+2x\operatorname{sen}(x)
1	6x^5+30x^2
1	\frac{e^{x}x^2-2xe^{x}}{x4}
1	11x^2-6x+0
1	\frac{4e^{x}\cdot x^3-4e^{x}\cdot3x^2}{x^{}}
1	15x^{3+2}
1	40x^4-20x^3+0
1	\frac{6}{\cos\left(x\right)\cos\left(\placeholder{}\right)}
1	\frac{2\cos\left(x\right)x^3-6\operatorname{\mathrm{sen}}\left(x\right)x^2}{\placeholder{}}
1	\frac{2x}{2\sqrt{(x^2}+8)}
1	3\ln\left(3x+3\right)
1	-\frac{2\operatorname{\mathrm{sen}}\left(5\ln\left(x\right)\right)5}{\placeholder{}}
1	8e^{x}-1x^{-2}
1	\cos\left(x\right)2\operatorname{\mathrm{sen}}\left(x\right)6
1	3-\operatorname{\mathrm{sen}}\left(3\ln\left(x\right)\right)\cdot\frac{3}{x}
1	\frac{1}{8x^2+7}8\cdot2x
1	\frac{e^{x}x^3-e^{x}3x^2}{(x^3)^2}^{}^{}^{}
1	6x^{x-1}
1	3e^{5\operatorname{\mathrm{sen}}\left(x\right)}\cdot\ln\left(3e\right)\cdot5\cos\left(x\right)
1	21x^2\ln\left(x\right)+\frac{7x^31}{x}
1	\frac{5}{5x+9}
1	\frac{\cos\left(x\right)x+\operatorname{\mathrm{sen}}\left(x\right)}{x^2}
1	\frac{8}{x^2+2x+1^2}
1	-4\cdot\frac{1}{x^2}
1	9(3\operatorname{\mathrm{sen}}\left(x\right)^2)\cos\left(x\right)
1	0+2\cdot\frac{1}{2\sqrt{x}}
1	-2\cdot\frac{e^{x}}{x^3}+\frac{e^{x}}{x^2}
1	10\ln\frac{\left(x\right)^9}{x}
1	\frac{3(\cos\left(x\right)x^3-3x^2\cos\left(x\right))}{x^6}
1	10x\sin(x)+5x^{2}\cos(x)
1	\frac{(e^{x}x+e^{x})}{x^2}
1	\frac{e^{x}\cdot x^3-e^{x}\cdot3x^2}{x^{3^2}}
1	15e^{3\operatorname{\mathrm{sen}}\left(x\right)}\cdot\cos\left(x\right)
1	5x^3(x\cos(x) + 4\sin(x))
1	-36x^3+27x^2
1	-8\operatorname{\mathrm{sen}}\left(8x+8\right)
1	\frac{5\cos\left(x\right)x^2-\operatorname{\mathrm{10}\mathrm{sen}}\left(x\right)x}{x^4}
1	18x^3+5
1	\frac{12x}{(6x^2+2)}
1	\frac{(2x(x+6)x-x^2)}{(x+6)^2}
1	\frac{2}{-\sqrt{x}}
1	\frac{(3x^2(x+2)-x^3)}{(x+2)}
1	\frac{e^{x}\cdot(x^3-3x^2)}{x^6}
1	5(3x+7)^4\cdot3
1	3x^2e^{7x}+x^3\cdot7\cdot e^{7x}
1	((x+4)+(x+6))(x+4)^{-2}
1	\frac{8}{\left(\cos\left(x\right)\right)^2}
1	2ln\left(x\right)
1	\frac{3x^2(x+6)-x^3}{(x^3)^2}
1	4e^{4\operatorname{\mathrm{sen}}\left(x\right)}4\cos\left(x\right)
1	\frac{4x}{2\sqrt{2x^2+3}}
1	\frac{(3x\cos\left(3x\right)-\operatorname{\mathrm{sen}}\left(3x\right))}{x^2}
1	\frac{1}{x+1}-\frac{x+1}{\left(x+2\right)^2}
1	\frac{4e^{x}}{x^2}-2\frac{4e^{x}}{x^3}
1	12\cdot\frac{\ln\left(x\right)^2}{x}
1	(6x+8)e^{3x^2+8}
1	6\cdot5\cdot\cos\left(x\right)^4\cdot\operatorname{6\cdot\mathrm{sen}}\left(x\right)^5
1	\frac{xe^x - e^x}{x^2}
1	2\times\frac12x^{\frac12-1}
1	x\sqrt{\frac{1}{x^2+7}}
1	\frac{\frac{2x^2}{x}-2\ln\left(x\right)2x}{x^4}
1	\frac{x+4-\left(x+8\right)}{\left(x+4\right)^{32}}
1	\frac{2x\cdot\left(x+3\right)-x^2}{\left(x+3\right)^2}
1	\frac{3\cos\left(x\right)x^2+6\operatorname{\mathrm{sen}}\left(x\right)x}{x^4}
1	3\cdot\left(\left(e^{x}\cdot\cos\left(x\right)\right)+\left(e^{x}\cdot\left(-\operatorname{\mathrm{sen}}\left(x\right)\right)\right)\right)
1	\frac{7\cos\left(x\right)x^2-2x7\operatorname{\mathrm{sen}}\left(x\right)}{x^4}
1	\frac{3x^2\cos\left(x\right)-6x\cos\left(x\right)}{x^4}
1	2\cdot x+9
1	\frac{-6}{\sqrt{x}}
1	\frac{1\cdot(x+8)-(x+7)\cdot1}{(x+8)^2}
1	9\cos\left(x\right)x^{-1}-9\operatorname{\mathrm{sen}}\left(x\right)x^{-2}
1	4\left(4x^3\operatorname{\mathrm{sen}}\left(x\right)+x^4\cos\left(x\right)\right)
1	2\cos\left(x\right)+3\cdot-\operatorname{\mathrm{sen}}\left(x\right)
1	9\cdot x
1	4x^{-\frac{1}{2\sqrt{\placeholder{}}}}
1	4x(x^2+5)
1	\dfrac{3e^{x}(x-2)}{x^{3}}
1	\cos\left(x\right)4\operatorname{\mathrm{sen}}\left(x\right)^3
1	4x^3e^{6x}+24x^4e^{6x}
1	\frac12(6x^2+6)^{\frac{-1}{2}}12x
1	\operatorname{\mathrm{sen}}\left(2x+4\right)2
1	\frac{(3\ln\left(x\right)^2)}{x}
1	\frac{(\frac{9}{x}x^2-9\ln\left(x\right)2x)}{(x^2)^2}
1	3^{x}\operatorname{}\ln\left(3\right)
1	24x^3\cdot\ln\left(x\right)+6x^3
1	(9x-\frac{9x\ln\left(x)\right)}{x^4}
1	4x\cdot3
1	\frac{9\cos\left(x\right)\cdot x-9\operatorname{\mathrm{sen}}\left(x\right)}{x^2}
1	\frac{12\ln^{2}(x)}{x}
1	\frac{36}{x}\ln\left(x\right)^3
1	40x^{4-12x^3}
1	\frac{\left(5e^{x}x-5e^{x}\right)}{x^2}
1	\frac{e^{x}\cdot x^2-2\cdot e^{x}\cdot x}{x^4}
1	-2\cdot\frac{e^{x}}{x^3}+\frac{e^{x}}{x}
1	(8x+3)(e^{4x^2+3x})
1	\frac{(2x^2(x+6)-x^3)}{(x+6)^2}
1	-x-2
1	-2\frac{1}{x^2}
1	\frac{-2x2\ln\left(x\right)+\frac{2x^2}{x}}{x^4}
1	\frac{7}{x^2+2x+1}
1	(x+2)-(x+7)\cdot\frac{1}{(x+2)^2}
1	8\left(5\operatorname{\mathrm{sen}}^4\left(x\right)\right)\cos\left(x\right)
1	10x^6+3
1	3\ln\left(x\right)^2+x\ln\left(x\right)+1
1	(2\cdot3x-0\cdot3)
1	4096x^3
1	12x\cdot\ln\left(x\right)+6x^{2}\cdot\frac{1}{x}
1	\frac{2x(x\cos\left(x\right)-\operatorname{2\mathrm{sen}}\left(x\right))}{x^4}
1	)
1	\frac{5\left(2x\right)}{2\sqrt{5x^2+5}}
1	\frac{(x^{}-3)e^{x}}{x^4}
1	(\ln\left(6\right)+\frac06)6^{x}
1	12x\cdot\frac{1}{x}
1	\frac{\left(3e^{x}x^2-3e^{x}2x\right)}{\left(x_{}^2\right)^2}
1	4x(2\ln\left(x\right))
1	\frac{2}{x^4}-3\frac{2\ln\left(x\right)}{x^4}
1	16x^3-12x^2+0
1	1-23
1	6x\left(x^{2}+7\right)^{2}
1	e^{2x^2+x}(2(2x)+1)
1	\frac{1}{9x+7}
1	4\left(x^3+3\right)^33x^2
1	\frac{\left(7e^{x}x^3-7e^{x}3x^2\right)}{x^3}
1	(1\cdot(x+6)-(x+3)\cdot1)\cdot(x+6)^{-2}
1	\frac{3}{x^{}}
1	\frac{x}{2\sqrt{x^2+1}}
1	7x\sqrt{\frac{1}{7x^2+5}}
1	e^{4x^2+4x}\left(8x+4\right)
1	2x\sin(x) + x^{2}\cos(x)
1	18\ln\left(x\right)\cdot x^{-1}
1	18(9x+9)
1	\frac{(6\frac{1}{x})\cdot(2x)-(6\ln\left(x\right))\cdot(2x)}{x^4}
1	7(\frac{1-\ln\left(x\right)2}{x^{}})
1	2(8x+9)8
1	\frac{9e^{x}\cdot x^3-9e^{x}\cdot2x^2}{x^6}
1	\frac{(x+9)-(x+6)}{(x+9)\ln\left(\placeholder{}\right)}
1	\frac{3x\cdot\operatorname{\cos\left(x\right)}\cdot x^3-3\operatorname{\mathrm{sen}}\left(x\right)\cdot3x^2}{x^6}
1	10x\ln\left(x\right)
1	4(2x\operatorname{\mathrm{sen}}\left(x\right)+x^2\cos\left(x\right)
1	5x\cdot\ln\left(5\right)
1	\frac{2x}{\left(x^2+8\right)}
1	\frac{(3x-6\ln\left(x\right)x)}{x^4}
1	9x^3e^{x}+27x^2e^{x}
1	\frac{2((e^{x})(x^3)-(e^{x})(3x^2)}{(x^3)^2}
1	xn
1	\frac{7(x^2-\ln(x)3x^2)}{x^3}
1	2xe^{9x}-x^2e^{9x}\cdot9
1	\frac{\cos\left(x\right)}{x^2}-\frac{\operatorname{\mathrm{sen}}\left(x\right)}{x^3}
1	\frac{(9e^{x}\cdot x^2)-(18xe^{x})}{x^4}
1	\frac{9\cdot((\frac{1}{x}\cdot x^3)-(\ln\left(x\right)\cdot3x^2))}{x^6}
1	8x^3\cdot\ln\left(x\right)+2x^{\placeholder{}}
1	\frac{9(\cos\left(x\right)x^2-\cos\left(x\right)2x}{x^4}
1	\dfrac{3}{\cos^{2}(x)}
1	\frac{\cos\left(9x\right)9x^2-\cos\left(9x\right)2x}{x^4}
1	9x^2(x^3+2)^2
1	2\cdot2
1	\frac{1}{10og\left(x\right)}
1	\frac{(x+9)-(x+3)}{(x+9)^2}
1	8x(x^2+2)^3
1	15x-12x
1	\operatorname{-\mathrm{sen}}\left(8x+2\right)\cdot
1	-\frac{20}{x}\operatorname{\mathrm{sen}}\left(5\ln\left(x\right)\right)
1	10xe^{5x^2+5x}5
1	36\cdot x^3
1	18x^2 e^x + 6x^3 e^x
1	e^{x}+10x
1	\frac{x\cos\left(x\right)-\operatorname{\mathrm{sen}}\left(x\right)}{x}
1	\frac{8}{\cos^2(x)}ç
1	10(5x+2)^4
1	5(\frac{1}{\cos\left(x\right)^2})
1	6(3x+4)
1	\frac{5x^2\cos\left(x\right)-10x\cos\left(x\right)}{x^4}
1	e^{4x^2+x}\cdot^{8x+1}
1	\frac{1}{7x^2+2}7\cdot2x
1	2\cos(2x+7)
1	-\frac{8}{x^{2}}
1	\frac{2(x\cos(x)-3\operatorname{sen}(x))}{x^4}
1	6x^1+e^{x}
1	25\operatorname{\mathrm{sen}}\left(x\right)^4
1	\frac{9}{x}\ln\left(x\right)
1	6(3x^2\cdot e^{x}+x^3\cdot e^{x})
1	5x+9
1	\frac{-2}{(x+4)}
1	(4x+2x^2)e^{x}
1	1+1
1	3x^2\left(x+3\right)^{-1}-x^3\left(x+3\right)^{-2}
1	\frac{1}{x}5
1	\frac{3x-3\ln\left(x\right)x^2}{x^4}
1	5(3\ln\left(x\right)^2)
1	6x\cdot e^{x}+3x^2\cdot e^{+}
1	\frac{-6}{x^2+2x+1}
1	\frac{2\cos\left(2x\right)}{x^2}-2\frac{\operatorname{\mathrm{sen}}\left(2x\right)}{x^3}
1	\frac{(\frac{9}{x}-9\ln\left(x\right)\cdot2x)}{x^4}
1	27x^3e^{x}+6x^4e^{x}
1	14x^2\cdot e^{x-1}
1	4(x^2+5)^32x
1	\frac{8(2x)}{2\sqrt{8x^2+2}}
1	\frac{6x\cos(6x)-\operatorname{sen}(6x)}{x^{2}}
1	\dfrac{2x^{2}(x+3)}{2(x+1)^{2}}
1	\operatorname{\mathrm{5}\mathrm{sen}\mathrm{5x}+9}
1	\frac{2(\cos\left(x\right)x^2-2x\operatorname{\mathrm{sen}}\left(x\right))}{x^4}
1	\frac{-10x\operatorname{\mathrm{sen}}\left(2\ln\left(x\right)\right)}{x}
1	\frac{16x}{\sqrt{8x^2+8}}
1	\frac{\left(e^{x}\cdot x^2\right)-\left(e^{x}\cdot2x\right)}{x^4}
1	\sqrt5
1	1x^2-x
1	\frac{2}{5\cdot\sqrt{x}}
1	2(1+\tan\left(x\right)^2)
1	\frac{1}{5x+8}5
1	\frac{(0\cdot dx-d\cdot d)}{dx^2}\cdot\left\lbrack x\right\rbrack+\frac{d}{\differentialD x}\cdot1
1	3^{x}\cdot3\cdot1
1	\frac{16\ln^{3}(x)}{x}
1	15^{x^4}
1	5\frac{\left(e^{x}x^3-e^{x}3x^2\right)}{x^6}
1	3x^23\left(x^3+8\right)^2
1	\frac{2x^3 + 18x^2}{(x+9)^2}
1	\frac{(3x^2(x+3)-x^3)}{(x+3)}
1	\frac{9}{2\sqrt{\left(x\right)}}
1	-\frac{3\operatorname{\mathrm{sen}}\left(5\ln\left(x\right)\right)5}{+}
1	30x^{4+3}
1	\frac{(0\cdot dx-d\cdot d)}{dx^2}\cdot\left\lbrack x\right\rbrack+\frac{d}{\differentialD x}1
1	\ln\left(x\right)^2
1	21\operatorname{sen}^{2}(x)\cos(x)
1	16x^3\cdot\operatorname{\mathrm{sen}}\left(x\right)+7x^4\cos\left(x\right)
1	e^{3\operatorname{\mathrm{sen}}\left(x\right)}\cdot3\cos\left(x\right)
1	5(\frac{1}{x^2}-\frac{\ln\left(x\right)}{x^2})
1	\frac{7\cos\left(x\right)\cdot x^2-7\operatorname{\mathrm{sen}}\left(x\right)2x}{x^4}
1	\frac{3x-6x\ln x}{x^4}
1	3e^{x}(\cos\left(x)-\operatorname{\mathrm{sen}}\left(x\right)\right.)
1	-\frac{2}{\sqrt{x}^{}}
1	\frac{1}{x}1
1	4e^{(4x+5)}
1	\frac{x^{\frac{-1}{2}}}{2}
1	3e^{x}\cdot x^{-1}-\frac{3e^{x}}{x^2}
1	6\cos(x)-2\sen(x)
1	\frac{8\cos\left(8x\right)\cdot x^2-\operatorname{\mathrm{2}\mathrm{xsen}}\left(8x\right)}{x^4}
1	\frac{6\cos\left(6x\right)\cdot x^3-\operatorname{\mathrm{sen}}\left(6x\right)\cdot3x^2}{x^6}
1	\frac{(1(x+5))-(1(x+9))}{(x+5)^2}
1	\frac{5x}{\sqrt{5x^2+1}}
1	\frac{\left(2x\cdot\left(x+1\right)\right)-\left(x^2\right)}{\left(x+1\right)^2}
1	3\cdot1x^2
1	4(4x+4)^34
1	\frac{-3\operatorname{15\mathrm{sen}}\left(5\ln\left(x\right)\right)}{x}
1	\frac{e^{x}-e^{x}2x}{x^4}
1	\frac{2x^3+2x-x^2}{(x+1)^2}
1	12\operatorname{\mathrm{sen}}\left(x\right)^3\cos\left(x\right)^3
1	2\cdot e^2x+9
1	3e^x(\sin(x) + \cos(x))
1	2e^{x}\cdot x-2e^{x}
1	\frac{4e^{x}(x-3)}{x^{4}}
1	(8x+3)\cdot e^{4x^2+3x}
1	6\cdot5\cdot\cos\left(x\right)^4
1	6(x^3+7)x^2
1	e^{x}+9
1	24x+8
1	e^{8x+6}
1	\left(2+2\right)x
1	28x^3e^{x}+7x^4
1	5e^{x}\cos\left(x\right)+5e^{x}\cdot-\operatorname{\mathrm{sen}}\left(x\right)
1	\frac{x}{\sqrt{x^{2}+7}}
1	\frac{4e^{x}\cdot x^{2}-4e^{x}\cdot2x}{x^{4}}
1	-\frac{4}{x}3\operatorname{\mathrm{sen}}\left(4\ln\left(x\right)\right)
1	-\frac{\operatorname{\mathrm{sen}}\left(3\ln\left(x\right)\right)\cdot3}{x}
1	25\operatorname{\mathrm{sen}}^{}\left(x\right)^4
1	6^{x^2}+3
1	\frac{4\cdot\cos\left(x\right)\cdot x-4\cdot\operatorname{\mathrm{sen}}\left(x\right)\cdot1}{x^2}
1	18x\sin(x) + 9x^{2}\cos(x)
1	\frac{3x^2}{x^3}
1	6e^{x}\operatorname{\mathrm{sen}}\left(x\right)+e^{x}\cos\left(x\right)6
1	40x^3+4
1	\frac{3x^2\cdot(x+6)-(x^3)\cdot(1)}{(x+6)^2}
1	\frac{9\cos\left(x\right)x-9\operatorname{\mathrm{sen}}\left(x\right)\cdot2x^{}}{x^2}
1	16x^3\ln\left(x\right)+4x^4e^{x}
1	x^4\cos(x)+4x^3\operatorname{sen}(x)
1	25\operatorname{\mathrm{sen}^4}^{}\left(x\right)\cos\left(x\right)
1	\frac{(9\cdot e^{x}\cdot x^3-9e^{x}3x)}{(x^3)^2}
1	\frac{(2x^2-6\ln\left(x\right)x^2)}{x6}
1	45x^3-4x^{\placeholder{}}
1	18x^2\operatorname{\mathrm{sen}}\left(x\right)+6x^2\cos\left(x\right)
1	18x^2\operatorname{\mathrm{sen}}\left(x\right)+6e^{x}\cos\left(x\right)
1	7(e^{x}x^3+3e^{x}x^2)
1	\frac{(9x^3\cos\left(9x\right)-3x\operatorname{\mathrm{sen}}\left(9x\right))}{x^6}
1	16x\ln\left(x\right)(8x^{})
1	4(\frac{\cos\left(x\right)x^2-(2x\operatorname{\mathrm{sen}}\left(x\right))}{x^4})
1	36(9x+2)^3
1	\frac{9\cos\left(9x\right)x^2^{}-\operatorname{2x\mathrm{sen}}\left(9x\right)}{x^4}
1	3\left(x^2+9\right)^2\cdot2x
1	\frac{(1)\cdot(x+2)-(x+1)\cdot(1)}{(x+2)^2}
1	\frac{\left.5-15\ln\left(x\right.\right)}{x^4}
1	7x^2\cos\left(x\right)+14x\operatorname{\mathrm{sen}}\left(x\right)
1	\frac{(x+1-x-3)}{(x+1)}
1	9\left(4\operatorname{\mathrm{sen}}\left(x\right)^3\right)\cos\left(x\right)
1	16x\cdot\ln\left(x\right)+8x^{}
1	2x^2-16x
1	\frac{x^2\cdot7e^{x}-7e^{x}\cdot2x}{x^4}
1	\frac{4\cdot\frac{1}{x}\cdot x^3-12\ln\left(x\right)x^2}{x^6}
1	-\frac{\operatorname{20\mathrm{sen}}\left(5\ln\left(x\right)\right)}{x}
1	40(8x+9)^4
1	27x^3-6x
1	\frac{4x-8x\ln\left(x\right)}{(x^2)^2}
1	\frac{x-\ln\left(x\right)}{x^2}
1	12\left(3x+3\right)^3
1	\frac{4x\cos(x)-8\sin(x)}{x^3}
1	-4\operatorname{\mathrm{sen}}\left((2\ln\left(x\right)\right)\cdot\frac{2}{x}
1	\frac{1-2\ln(x)}{x^{3}}
1	\frac{x^22x-x^23x)}{(x+2)^2}
1	(12x^3\ln\left(x\right))+(\frac{3x^4}{x})
1	6\left(\frac{e^{x}x-e^{x}}{x^2}\right)
1	\frac{2x\cdot(x+6)+x^2\cdot1}{(x+6)^2}
1	3\cdot1x^3-1
1	-\frac{(8x\ln\left(x)+4x)\right.}{x^4}
1	3x^2e^{4x}+x^3e^{4x}\cdot4
1	8x\cdot\ln\left(x\right)+4x^2+\frac{1}{x}
1	3\cdot e^{x}\cdot\cos\left(x\right)+3\cdot e^{x}\cdot-\operatorname{\mathrm{sen}}\left(x\right)
1	-2e^{x}\operatorname{\mathrm{sen}}\left(x\right)
1	-9\operatorname{\mathrm{sen}}\left(9x+6\right)
1	\frac{-7}{(x+9)^2}
1	-4\operatorname{\mathrm{sen}}\left(2\ln\left(x\right)\right)\cdot x^{-1}
1	2(2x\operatorname{\mathrm{sen}}\left(x\right)+\cos\left(x\right)x^2)
1	4\cos(x)-5\operatorname{sen}(x)
1	8\operatorname{\mathrm{sen}}\left(-x\right)
1	\frac{3e^{x}x^3-3x^23e^{x}}{x^6}
1	15x^4+7^{}
1	\frac{2x^3^{}+6x^2}{(x+2)^2}
1	(-\operatorname{7\mathrm{sen}}\left(7x+4\right))
1	\frac{15x^2\cdot\ln\left(x\right)+5x^3}{x}
1	2\cdot\frac{1}{2x}
1	\frac{9\cdot((\frac{1}{x}\cdot x)-(\ln\left(x)\right)}{\placeholder{}}
1	5(2x+7)^4\cdot2
1	\frac{7x^2-7\ln\left(x\right)2x^2}{x^6}
1	-\frac{14}{x^2}
1	\frac12\cdot\sqrt{x}
1	\frac{4e^{x}\left(x-1\right)}{x^2}
1	4(6x+4)^36
1	40(8x+2)^4
1	4(\operatorname{\mathrm{sen}}\left(x\right))^{3^{}}\cdot\cos\left(x\right)
1	4(6x+2)^36
1	35x^3-32x^3+0
1	\cos\left(4x+7\right)4
1	24x^{3^{\placeholder{}}+e^{x}}
1	3\cdot\left(x^2+7\right)^2\cdot2x
1	\frac{\left(3x^2\cdot\left(x+5\right)-x^3\right)}{\left(x+5\right)^2}
1	\frac{5-\ln\left(x\right)}{x^2}
1	\frac{8x-8\ln\left(x\right)2x}{x^{\placeholder{}}}
1	-\frac32x
1	2x\cdot
1	\frac{(\frac{7}{x})(x^2)-(7\ln\left(x))(2x)\right.}{x^4}
1	3x^2\ln\left(x\right)+x^{\placeholder{}^2}
1	\frac{\left(6\right)}{\left(x+9\right)^2}
1	16x^3^{}e^{x}+4x^4e^{x}
1	-4\operatorname{\mathrm{sen}}\left(4x+6\right)
1	3\left(4x+8\right)^2\cdot4
1	\frac{e^x\sen(x)+e^x\cos(x)}
1	\frac{\left(x+1\right)-\left(x+8\right)}{\left(x+1\right)^2}
1	\frac{8(\cos\left(x\right)\cdot x^3-\operatorname{\mathrm{sen}}\left(x\right)\cdot3\cdot x^2)}{x^6}
1	\frac{8\cdot\cos\left(8x\right)\cdot x^2-2x\cdot\operatorname{\mathrm{sen}}\left(8x\right)}{x^4}
1	\frac{9e^{x}x^3-27e^{x}x^2}{x6}
1	\frac{3x^2\cdot(x+5)-x^3\cdot1}{(x+5)^2}
1	-\frac{15}{x}\operatorname{\mathrm{sen}}\left(5\ln\left(x\right)\right)
1	\dfrac{5}{\cos^{2}(x)}
1	8x(x^2+7)^3
1	\frac{e^{x}}{x^3}-\frac{3e^{x}}{x^2}
1	\frac{(2x+13)}{x^2+16x+64}
1	\frac{3(2x)}{2\sqrt{3x^2+1}}
1	3\operatorname{\mathrm{sen}}\left(x\right)^2
1	3\cdot2x\cdot\operatorname{\mathrm{sen}}\left(x\right)+3\cdot x^2\cdot\cos\left(x\right)
1	9x^2\ln\left(x\right)+3^{^{}}x^2
1	\frac{(\frac{e^{x}}{x}-e^{x})}{x^2}
1	\frac{2(2x)}{2\sqrt{2x^2+9}}
1	\left(8x+9\right)\cdot e^{4x^2+9x}
1	\frac{(e^{x}x^2-e^{x}2x)}{(x^2)^4}
1	-\frac{x+3-\left(x+6\right)}{\left(x+6\right)^2}
1	25\operatorname{\mathrm{sen}^4}^{}\left(x\right)\cos\left(4\right)
1	6\cos(x)-6\sin(x)
1	\frac{5}{x^2+2x+1}
1	\frac{6\cdot e^{x}\cdot x-6e^{x}\cdot1}{x^2}
1	5\cos(x)-6\sin(x)
1	8x3e^{x}+2x^4e^{x}
1	\frac{2e^{x}x^3-4e^{x}x}{x^6}
1	\frac{(x+7)-(x-9)}{(x+7)^2}
1	\frac{5\left(\cos\left(x\right)x^2-\operatorname{\mathrm{sen}}\left(x\right)2x\right)}{x^4}
1	\frac{7x^{}e^{x}-21e^{x}}{x^4}
1	16\left(4x+5\right)^3
1	\frac{2x\cdot x+9-x^2}{(x+9)^2}
1	\frac{7\left(x^3\cos\left(x\right)-3x^2\operatorname{\mathrm{sen}}\left(x\right)\right)}{x^6}
1	\frac{3\cos\left(x\right)\cdot x^2-6\operatorname{\mathrm{sen}}\left(x\right)x}{x^4}
1	\frac{2\cos\left(2x\right)x^3-3\operatorname{\mathrm{sen}}\left(2x\right)x^2}{x^{e^{\placeholder{}}}}
1	\frac{2x^{3}+24x^{2}}{(x+8)^{2}}
1	\frac{(\frac{6}{x})\cdot(x^2)-(6\ln\left(x\right))\cdot(2x)}{x^4}
1	16x\ln\left(x\right)+8x^2(\frac{1}{x})
1	-\operatorname{\mathrm{sen}}\left(5x+9\right)
1	4\cos\left(x\right)x^{-3}-4\operatorname{\mathrm{sen}}\left(x\right)3x^{-2}
1	\frac{5(x)^{-1}-5\ln\left(x\right)}{x^2}
1	6\cos\left(\placeholder{}\right)
1	((\frac{7}{x}x^3)-(21\ln\left(x\right)x^2))x^5
1	1-1
1	4x^{2}\left(x\cos(x) + 3\sin(x)\right)
1	-\operatorname{\mathrm{sen}}\left(8x+1\right)\cdot8
1	40x^4-15x^3
1	-\frac{8}{xx}
1	4\left(5x+6\right)^35
1	\frac{9-9\cdot\ln\left(x\right)}{x^2}
1	-\frac{4}{x^2+10x+25}
1	8x^3-21^2
1	8+8\tan\left(x\right)^2
1	20x^3-28x^3+0
1	\frac{6\cos\left(6x\right)x^2-2\operatorname{\mathrm{sen}}\left(6x\right)}{x^4}
1	\frac{10x}{5x^{2}+7}
1	\frac{(x^2+8x)}{(4+x)^2}
1	12(4x+9)^2
1	9e^{x}\left(\operatorname{\mathrm{sen}}\left(x\right)-\cos\left(x\right)\right)
1	4x\operatorname{\mathrm{sen}}\left(x\right)-2x^2\cos(x)
1	8(3x^2\operatorname{\mathrm{sen}}\left(x\right)++x^3\cos\left(x\right))
1	8x^3e^{x}(4+x)
1	5(e^{x}\cdot\cos\left(x\right)+e^{x}\cdot-\operatorname{\mathrm{sen}}\left(x\right)
1	3(2x+3)^22
1	\frac{9x-18x\ln\left(x\right)}{x4}
1	\frac{\left(e^{x}x^3-e^{x}3x^2\right)}{x^6}
1	24x^2\ln(x)+\frac{8x^3}{x}
1	\frac{6(\cos\left(x\right)x^3-3x^2\operatorname{\mathrm{sen}}\left(x\right))}{x^6}
1	7(4x^3\ln\left(x\right)+\frac{7x^4}{x})
1	9x+7\cdot e^{9x+8}
1	2e^{x}\operatorname{\cos}\left(x\right)+\operatorname{2e^{x}\left(-\mathrm{sen}\left(x\right)\right)}
1	\frac{x^2+8x)}{(x+4)^2}
1	\frac{1}{\left(x\ln10\right)}
1	7e^{x}\left(\sin(x) + \cos(x)\right)
1	16(4x+5)^3
1	3(8x+5)^2\cdot8
1	\frac{x^{2} + 18x}{(x+9)^{2}}
1	4\cos(x)-4\sin(x)
1	4(5x+2)^35
1	16xe^{x}+4x^4e^{x}
1	\frac{(4xe^{x}-4e^{x})}{x^2}
1	\cos\left(3x+9\right)\cdot3
1	2(\frac{x^2-\ln\left(x\right)2x^2}{x^6})
1	5\cos\left(5x+2\right)
1	4xe^1
1	(1\cdot(x+6)+(x+3)\cdot1)\cdot(x+6)^{-2}
1	6\cos\left(6x+7\right)
1	e^{4x+8}4
1	8e^{x}\cos\left(x\right)
1	21x^2\cdot\operatorname{\mathrm{sen}}\left(x\right)+7x^3\cos\left(x\right)
1	-28x^{3}+12x^{2}
1	16x^2+7
1	6^{x}\cdot1\cdot\ln\left(6\right)
1	\frac{9e^{x}x^3-x^39e^{x}}{x^6}
1	18x^2\cdot\ln\left(x)\right.+6x^3\cdot\frac{1}{x}
1	\frac12(7x^2+8)^{-\frac12}\cdot14x
1	\frac{x^{2}+6x}{(x+3)^{2}}
1	\frac{1}{2\sqrt{\left(x\right)}}
1	4\cdot-1\cdot x^{\frac{-1}{2}}
1	3x\cdot(3x^2+6)^{-\frac12}
1	\frac{(-\ln\left(x\right)x)}{x^2}
1	\frac{(x+1-x-2)}{(x+1)^2}
1	16x^34
1	4e^{3\operatorname{\mathrm{sen}}\left(x\right)}\cdot3\cos\left(x\right)
1	\frac{-6}{\left(x+9\right)^2}
1	\frac{8(\cos\left(x\right)x^{}-\operatorname{\mathrm{sen}}\left(x\right))}{x^2}
1	\left(x\ln5\right)^{-1}
1	5(4x+8)^44
1	\frac{16x}{8x^{2}+5}
1	-\frac{5}{2\sqrt{10}}
1	\frac{9e^{x}x^2-9e^{x}\cdot2x}{x^4}
1	4\cos(x)-3\operatorname{sen}(x)
1	\frac{1}{2x\sqrt{x}}
1	6x\ln\left(x\right)+6x
1	7e^{x}x^{-3}-7e^{x}x^{-4}
1	e^{5x^2+4x}\left(5\left(2x\right)+4\right)
1	35x^4-14x
1	\frac{\cos\left(x\right)\cdot x^3-\operatorname{\mathrm{sen}}\left(x\right)\cdot3x^2}{(x^3)^2}
1	18x^2+e^{+}
1	14(7x+5)^2
1	4\left(4x^3\cdot\ln l\left(x\right)+x^4\cdot\frac{1}{x}\right)
1	\frac{4\ln\left(x\right)}{x}^3
1	25x^4-4x
1	\frac{4e^{x}}{x^3}+\frac{12e^{x}}{x^4}
1	(4\cos\left(x\right))(e^{\operatorname{4\mathrm{sen}}\left(x\right)})
1	3x^{3}(4\sen(x)+x\cos(x))
1	\frac{\left(x+3\right)-\left(x+6\right)}{\left(x+3\right)^2}
1	3x^2e^{9x}+x^3\cdot9\cdot e^{9x}
1	-6\cdot x^{-\frac12}
1	\frac{2}{\ln\left(x\right)}
1	4\ln\left(4x+7\right)\cdot4
1	\frac{3\operatorname{\mathrm{sen}}\left(3x\right)\cdot x^3-\operatorname{\mathrm{sen}}\left(3x\right)3x^2}{x^6}
1	\frac{7x(1-2\ln\left(x\right))}{x^4}
1	4e^{\operatorname{\mathrm{2}\mathrm{sen}}\left(x\right)}\cos\left(x\right)
1	\frac{(20\ln\left(x\right)^3)}{x}
1	\frac{(2x)\cdot(x+3)-(x^2)\cdot1}{(x+3)^2}
1	\frac{\cos\left(2x\right)2x^3-3x^2\operatorname{\mathrm{sen}}\left(x\right)}{x^6}
1	2e^{x}\cdot x-\frac{2e^{x}}{x^2}
1	\frac{4\cos\left(x\right)x^2-4\operatorname{\mathrm{sen}}\left(x\right)3x^2}{x^6}
1	\frac{(x+4)-(x+9)}{(x+4)}
1	\frac{x\cos(x) - 3\sin(x)}{x^{4}}
1	\frac{4.1}{\sqrt{x}}
1	\frac{14x}{7x^{2}+7}
1	\frac{2(x\cos\left(x\right)-\operatorname{2\mathrm{sen}}\left(x\right))}{x^3}
1	8e^{(8x+5)}
1	8x^3\cos(x) + 24x^2\sen(x)
1	\frac12(2x^2+3)^{-\frac12}4x
1	-\operatorname{\mathrm{sen}}\left(9x+8\right)\cdot9
1	7x^4^{}e^{x}+28x^3e^{x}
1	12^2+7
1	\frac{(0\cdot dx-d\cdot d)}{dx^2}\cdot\left\lbrack x\right\rbrack+\frac{d}{\differentialD x}x
1	((x+3)-(x+5))\cdot(x+3)^{-2}
1	4\cos(x)-6\operatorname{sen}(x)
1	18x^2-5x
1	4\cos\left(x\right)-\operatorname{\mathrm{sen}}\left(x\right)6
1	\left(32x^3\operatorname{\mathrm{sen}}x\right)+\left(8x^4\cos x\right)
1	\frac{1}{3x+1}+3
1	3x^{3}(4\sin(x)+x\cos(x))
1	\frac{2-4\ln(x)}{x^3}
1	28\operatorname{\mathrm{sen}}\left(x\right)\operatorname{\mathrm{sen}}\left(x\right)\operatorname{\mathrm{sen}}\left(x\right)\cos\left(x\right)
1	7x^3e^{x}+21x^2e^{\placeholder{}}
1	\frac{1}{7x+9}\cdot7
1	9x^2-18X
1	\frac{\left(x+7\right)-\left(x+2\right)}{\left(x+7\right)^2}
1	\frac{4\cos\left(x\right)}{x^{}}-\frac{4\operatorname{\mathrm{sen}}\left(x\right)}{x^2}
1	\frac{2\cdot3x}{3x^2+1}
1	6x^2\operatorname{\mathrm{sen}}\left(x\right)+2x^2\cos\left(x\right)
1	3(2xe^{x}+x^2e^{x})
1	\frac{6\left(\operatorname{\mathrm{\cos}}\left(x\right)x\left(\operatorname{\mathrm{sen}}x\right)3x^2\right)}{x^6}
1	e^{2x^2+7}(4x+7)
1	4x\ln\left(x\right)+2
1	((x+8)-(8+9))\cdot(x+8)^{-2}
1	-\frac{2}{x\cdot x}
1	\frac12\cdot x\left\lbrace^{-\frac12}\right\rbrace
1	12x\ln x+\frac{6x^2}{x}
1	\frac{\frac{4}{x}x^2-2x4\ln\left(x\right)}{x^4}
1	12x3+9
1	\frac{8x^3e^{x}-21x^2e^{x}}{x^6}
1	9(3x+7)^2
1	\frac{7\cos\left(x\right)x^2+7\operatorname{\mathrm{sen}}\left(x\right)2x}{x^4}
1	8\cdot\frac12\cdot x^{-\frac12}
1	\frac{5\cdot\left(\left(e^{x}\cdot x^2\right)-\left(e^{x}\cdot2x\right)\right)}{x^4}
1	\frac{x\left(x+4\right)-\left(x+3\right)x}{\left(x+4\right)^2}
1	\frac{4x}{\sqrt{4x^{2}+2}}
1	x^{-\frac16}
1	\frac{7\cos\left(x\right)x^2-7\operatorname{\mathrm{sen}}\left(x\right)x}{x^4}
1	8\left(4x+7\right)
1	8e^{4\operatorname{\mathrm{sen}}\left(x)\right.}\cos\left(x\right)
1	\frac{9x\cos\left(x\right)-27\cos\left(x\right)}{x^4}
1	\frac{(3x^2\cdot(x+1))-x^3\cdot1}{(x+1)^2}
1	4x^3\cdot e^{2x}+2\cdot e^{2x}\cdot x^4
1	\frac{7}{x}4\ln\left(x\right)^3
1	2x+8\cdot e^{x^2+8x}
1	\frac{7(x^2-2x\ln\left(x\right))}{x^6}
1	-\operatorname{\mathrm{sen}}\left(5x+2\right)5
1	\frac12(4x^2+7)^{-\frac12}\cdot8x
1	3x^2 e^x (x + 3)
1	\frac{(5x^2)-5\ln\left(x\right)x^3}{x^6}
1	\frac{(x+4)-(x+9}{(x+4)^2}
1	9\cdot5\cdot x^4-16\cdot x
1	\frac{2\left(x-2x\ln x\right)}{x^4}
1	15x^4-8x3
1	6\left(2\operatorname{\mathrm{sen}}\left(x\right)\right)\cos\left(x\right)
1	\frac{2e^{x}x^2-2e^{x2x}}{x^4}
1	\frac{3x^2(x+3)-x^3}{(x+3)^3}
1	(0\sqrt{x}+\frac{2}{2\sqrt{x}})
1	\frac{4x-2x\cdot\ln\left(x\right)}{x^4}
1	\frac{e^{x}x^3-3e^{x}x^2}{xe^6}
1	32\operatorname{\mathrm{sen}}^3\left(x\right)\cdot\cos\left(x\right)
1	36x^3\operatorname{\mathrm{sen}}\left(x\right)+3x^4\cos\left(x\right)
1	7e^x\cos(x)-7e^x\sen(x)
1	\frac62x^{-\frac12}
1	\frac{5\left(1 - 2\ln(x)\right)}{x^{3}}
1	\frac{\left(9x^2\ln\left(x\right)-3x^2\right)}{x^5.x}
1	12x^3\cdot e^{x}+3x4\cdot e^{x}
1	\frac{\frac{5}{x}\cdot x^3-5\ln\left(x\right)\cdot3x^2)}{x^6}
1	10x-24x^3
1	5(4x^3)\operatorname{\mathrm{sen}}\left(x\right)+5x^4\cos\left(x\right)
1	\frac{3}{(x+9)^{2}}
1	18x2+2
1	20x^{3+}+2
1	11x^2-8x
1	9\cdot(\frac{1}{\cos\left(x^2\right)}
1	3\cdot(x^2+3)^2\cdot2x
1	3(6x+1)^2\cdot6
1	24x^3e^{x}6x^4e^{x}
1	\frac{-(e^{x}2x)+e^{x}x^2}{x^4}
1	\frac{9e^{x}x^2-18e^{x}2x}{x^4}
1	9(e^{x}\cos\left(x\right)-\operatorname{\mathrm{sen}}\left(x\right)e^{x})
1	\frac{6\cos\left(6x\right)x^3-\operatorname{\mathrm{sen}}\left(6x\right)3x^2}{x^3}
1	e^{(4x+5)\cdot4}
1	3\cdot\frac{2x}{3x^2+4}
1	\frac{9x}{\sqrt{9x+7}}
1	5(6x+9)^46
1	9xe^{\placeholder{}}
1	\frac{2x}{(x^2+1)}
1	4x^3e^{x}\cdot x^4\cdot e^{x}
1	\frac{12x^31}{x}
1	4e^{x}x^2+4e^{x}2x
1	\frac{x^2 - 3x^2\ln(x)}{x^6}
1	\frac{7\cdot2x}{7x^2+9}
1	4x^4+7
1	\frac{7e^{x}x^2-2x\cdot7e^{x}}{x^4}
1	e^{9x}(3x^2+9)
1	20\operatorname{sen}^{4}(x)\cos(x)
1	29x^3+7
1	4\cos\left(x\right)\operatorname{\mathrm{sen}}\left(x\right)^3
1	(x)5
1	\frac{(2x^2+6x)}{(x+4)^2}
1	9x^24
1	8e^{8x+3}
1	\frac{8\cdot\cos\left(x\right)\cdot x-8\cdot\operatorname{\mathrm{sen}}\left(x\right)}{x^2}
1	4^{x}\cdot\ln\left(4\right)\cdot1
1	0\cdot5
1	\frac{8x^3e^{x}-24x^2e^{x}}{x^3}
1	\frac{4(4\ln\left(x\right)^3)}{x}
1	\frac{(2x^2+16x-x^2-1)}{(x+8)}
1	\frac{4(\cos\left(x\right)x^3-\operatorname{\mathrm{sen}}\left(x\right)3x^2)}{(x^3)^2}
1	30x+7
1	28\ln\left(x\right)\cdot\frac{1}{x}
1	6\cdot4x^3e^{x}+6x^4e^{x}
1	4(8x+2)^38
1	\frac{1}{x+3}+\frac{x+2}{1}
1	\frac{(8\cdot x)}{x^2}
1	-6\operatorname{\mathrm{sen}}\left(6x+6\right)
1	4x(x^2+4)
1	5^{x}\cdot\ln\left(x\right)\cdot1
1	\cos\left(9x+2\right)\cdot9
1	24x3
1	\frac14x
1	4x^3+1
1	e^{x}\cdot(16x^3+4x^4)
1	8\cdot(4x^3\cdot\ln\left(x\right)+x^3)
1	\frac72\sqrt{\frac{1}{x}}
1	4\left(4x^3\ln\left(x\right)+x^3\right)
1	(32x^3)\cdot\ln\left(x\right)+(8x^4)\cdot\frac{1}{x}
1	\frac{5e^{x}}{x^2}-\frac{15e^{x}}{x^3}
1	e^{x}\cdot(2x+x^2)
1	\frac{2xe^{x}-2e^{x}}{x^2}
1	\frac{\cos\left(x\right)}{x^2}-\frac{\operatorname{\mathrm{sen}}\left(x\right)}{\frac{x^3}{2}}
1	\frac{9e^{x}x^2-18e^{x}x}{\placeholder{}}
1	\frac{2(\cos\left(x\right)x-\operatorname{2\mathrm{sen}}\left(x\right))}{x^3}
1	(e^{x}\cdot2x-e^{x}\cdot x^2)\frac{1}{x^4}
1	7x^3
1	3\cdot3x^2+e^{x}
1	e^{3x}(3x^2+x^33)
1	5\cdot10\ln\left(x\right)\cdot\frac{1}{x}
1	\frac{1}{4x^2+6}\cdot8x
1	\frac{(6\cdot e^{x})\cdot x^2-6e^{x}\cdot2x}{x^4}
1	7e^{x}\cdot\cos\left(x\right)+7e^{x}-\operatorname{\mathrm{sen}}\left(x\right)
1	0\cdot e^{x}+4\cdot e^{x}
1	x^3e^{2x}+x^32e^{2x}
1	\frac{1}{\sqrt{\left(x\right)}}
1	18x^{x}
1	12(6x+5)
1	\frac{4\cos\left(x\right)x^2-4\operatorname{\mathrm{sen}}\left(x\right)\cdot2x}{x^4}
1	16x\operatorname{\mathrm{sen}}\left(x\right)+8x^2\cos\left(x)\right.
1	\frac{1}{x+8}-\frac{(x+9)}{(x+8)^2}
1	-\frac{1}{x^2+4x+4}
1	(3\cdot e^{x})+(0\cdot e^{x})
1	-8\operatorname{\mathrm{sen}}\left(8x+4\right)
1	\frac{x+3-\left(x+1\right)}{\left(x+3\right)^2}
1	\frac{3e^{x}}{x^3}-\frac{6e^{x}}{x^4}
1	e^{3x^2+3x}(3(2x)+3)
1	\frac{\left(2x\left(x+2\right)-x^2\right)}{\left(x+2\right)^2}
1	\sqrt{x^2+1}
1	\frac{9\cos\left(x\right)}{x^2}-2\frac{9\operatorname{\mathrm{sen}}\left(x\right)}{x^3}
1	3(\frac{1}{x})
1	\frac{x^2+10x}{x^2+10x+25^{}}
1	\frac{2e^x x - 2e^x}{x^2}
1	3\cdot\left(\frac{1}{2\sqrt{x}}\right)
1	5e^{x}\operatorname{\mathrm{sen}}\left(x\right)\cdot-1+5e^{x}\cos\left(x\right)
1	5(2x\ln\left(x\right)+x^{})
1	\frac{1}{7x+3}7
1	3x^2e^{x+x^3}e^{x}
1	5\cos\left(x\right)5e^{5\operatorname{\mathrm{sen}}\left(x\right)}
1	8\operatorname{\mathrm{sen}}\left(x\right)\cos\left(\operatorname{\mathrm{sen}}\left(\placeholder{}\right)\right)
1	\frac{8(2x)}{8x^2+6}
1	4x^3\cdot e^{3x}+x^4e^{3x}\cdot3
1	\frac{8x}{8x^2+2}
1	\frac{3\cos\left(3x\right)\cdot(x^3)-\operatorname{\mathrm{sen}}\left(3x)\right.\cdot(3x^2)}{x^6}
1	\frac{(6\cos\left(x\right)x^2-6\operatorname{\mathrm{sen}}\left(x\right)2x)}{x^4}
1	20x^4-16x^3
1	\frac{6\cos\left(x\right)x^3-3x^2\cdot6\operatorname{\mathrm{sen}}\left(x\right)}{x^6}
1	25x^2+2
1	\frac{3x\cos(x)-3\sin(x)}{x^2}
1	-\operatorname{\mathrm{sen}}\left(4x+9\right)\cdot4
1	\frac{(8x^2\cos\left(x\right)-16x\operatorname{\mathrm{sen}}\left(x\right))}{x^4}
1	18x\cdot e^{x}
1	2x\cdot e^{8x}+x^2\cdot8e^{8x}
1	\frac{4\cos\left(4x\right)-2x\operatorname{\mathrm{sen}}\left(4x\right)}{x^4}
1	2(3x^2\ln\left(x\right)+x^2)
1	(\frac{7}{x}\cdot x^3-7\ln\left(x\right)\cdot3x^2)\cdot\frac{1}{x^6}
1	8\cdot\cos\left(x\right)^2
1	4\cdot(-\frac{1}{x^2})
1	6\cdot e^{x}\cdot\cos\left(x\right)+6\cdot e^{x}\cdot-\operatorname{\mathrm{sen}}\left(x\right)
1	6\cdot\left(\cos\left(x\right)\cdot\frac{1}{x^2}-\frac{2}{x^3}\cdot\operatorname{\mathrm{sen}}\left(x\right)\right)
1	\frac{\cos\left(x\right)x^2-\operatorname{\mathrm{2}\mathrm{sen}}\left(x\right)x}{x^4}
1	1\cdot x^{-\frac12}
1	3.5\cdot x^{-\frac12}
1	4x^3\ln\left(x\right)+x^4x^{-1}
1	4\left(x^2+9\right)x
1	\frac{2(e^{x}\cdot x^2-e^{x}\cdot2x)}{x^4}
1	2x^2\cdot\frac{\left(x+6\right)}{\left(x+4\right)^2}
1	\frac{x+5}{x^2}
1	4-x^{4-1}
1	8x^35
1	7^2\ln\left(7\right)
1	32\operatorname{sen}^{3}(x)\cos(x)
1	7x^2\cos(x)+14x\operatorname{sen}(x)
1	12x^2\cdot\ln\left(x\right)+4x^2
1	8xe^{x}+4x^3e^{x}
1	8(4x^3e^{x}+x^4e^{x})
1	\frac{\left(5x^{}-10\ln\left(x\right)x\right)}{x^4}
1	e^{3x}\left(2x+3x^2\right)
1	\frac22x^{-\frac12}
1	\frac12(7x^2+9)^{\frac{-1}{2}}14x
1	\frac{1}{x+9}-\frac{(x+1)}{(x+9)^2}
1	\frac{6(e^{x}x^2-2e^{x}x)}{x^4}
1	4X3
1	2\cos(x)-2\operatorname{sen}(x)
1	\frac{4\cos\left(4x\right)\cdot x^3-\operatorname{\mathrm{sen}}\left(4x\right)\cdot x^3}{x^6}
1	\frac{4x^3}{x}
1	\frac{9}{X}
1	\frac{(5e^{x}x^2-10x^{}e^{x})}{x^4}
1	\left(6x+4\right)\cdot e^{3x^2+4x}
1	4\cdot4x^3\cdot\operatorname{\mathrm{sen}}\left(x\right)+4\cdot x^4\cdot\cos\left(x\right)
1	4\cdot2x\cdot\frac{1}{2\sqrt{4x^2+9}}
1	9\left(\frac{x-\ln\left(x\right)2x}{x^4}\right)
1	4x^3\cdot e^{9x}+x^4\cdot e^{9x}\cdot9
1	\frac{7\cdot\cos\left(x\right)\cdot x^2-7\cdot\operatorname{\mathrm{sen}}\left(x\right)\cdot2x}{x^4}
1	\frac{\left(e^{x}x^3-e^{x}3x^2\right)}{x^5}
1	x^2(\frac{3(x+1)+x^2}{(x+1)^2})
1	\frac{4x^{}\cos\left(4x)-2\right.\operatorname{\mathrm{sen}}\left(4x\right)}{x^3}
1	18x^{2}\cdot\ln\left(x\right)+6x^{3}\cdot\frac{1}{x}
1	\frac12(7x^2+5)^{\frac{-1}{2}}\cdot14x
1	\frac{2x\cdot\left(x+1\right)-x^2\cdot1}{\left(x+1\right)^2}
1	24^{3+e^{x}}
1	\frac{(8x^2+2)^{\frac{-1}{2}}}{2}\cdot16x
1	\frac{5\left(x^2-3x^2\ln x\right)}{x^6}
1	-\frac{3}{x^2+12x+36}
1	\ln\cdot5\left(\frac{1}{x}\right)^{}
1	\frac{2\cos\left(x\right)-2\operatorname{\mathrm{sen}}\left(x\right)3x^2}{(x^3)^2}
1	e^{x}(9x^2+3x^3)
1	\frac{9-(9\ln\left(x\right))}{x^2}
1	\frac{e^{x}\cdot x^2-e^{x}2x}{x^4}
1	12(x^3+1)^3x^2
1	40x^3+3
1	\frac{8\cos\left(8x\right)\cdot x^2-\operatorname{\mathrm{sen}}\left(8x\right)\cdot2x}{(x^2)^2}
1	x^{3}(4\sen(x)+x\cos(x))
1	7\cos\left(7x+2\right)
1	32^{}\operatorname{\mathrm{sen}}^3\left(x\right)\cos(x)
1	3x^2\cdot e^{7x}+x^3\cdot7\cdot e^{7x}
1	4x^3e^{7x}+x^4\cdot e^{7x}\cdot7
1	2\cos\left(2x+1\right)
1	2\cos\left(2x+4\right)
1	2\left(x^3+7\right)3x^2
1	4x\cdot\ln x+2x^2\cdot\frac{1}{x}
1	\frac{(2x^3\cos\left(x\right)-6x^2\operatorname{\mathrm{sen}}\left(x\right))}{x^6}
1	24\cdot x^2-18\cdot x
1	\frac{7e^{x}\left(x^2-2x\right)}{x^{34}}
1	5\left(5\operatorname{\mathrm{sen}}^4\left(x\right)\right)
1	\frac{7x\cos(7x)-2\sin(7x)}{x^3}
1	5e^x(\sin(x) + \cos(x))
1	-2\cos x
1	(x+9)-\frac{(x+7)}{(x+9)^2}
1	5.e^{x}
1	20x^{4+6}
1	\frac{\left(7x-7\ln\left(x^{}\right)2x\right)}{x^4}
1	4e^{x}\cdot e^{x}
1	-\frac{\operatorname{4\cdot\mathrm{sen}}\left(4\ln\left(x\right)\right)}{x}
1	16x^3\ln\left(x\right)4x^3
1	x^{1}
1	\frac{1\cdot(x+7)-(x+5)\cdot1}{(x+7)^2}
1	x10
1	\frac{1}{2\sqrt{5^2+3}}5\cdot2x
1	\left(\frac{1}{x^2}\right)\left(-2\right)
1	\frac{9\cos\left(x\right)x-9\operatorname{\mathrm{sen}}\left(x\right)}{x\ln\left(\placeholder{}\right)}
1	\frac{1}{6x+6}6
1	(x-\ln\left(x\right)2x)x^{-4}
1	20X^3-6x^2
1	\frac{2x^3+21x^2}{x^2+14x+49}
1	\frac{(8\cos\left(x\right)x^3-24\operatorname{\mathrm{sen}}\left(x\right)x^2)}{x^6}
1	7e^x\sen(x) + 7e^x\cos(x)
1	\frac{1}{\sqrt{x^2}}
1	\frac{4e^x(x-3)}{x^4}
1	\frac{4^{x}}{\ln\left(4\right)}
1	3\left(x^2+4\right)^22x
1	\frac{1}{x+4}+\frac{(x+9)}{-(x+4)^2}
1	16x^3+e^{e^{x}}
1	4e^{x}\cos\left(x\right)+4e^{x}\cdot(-\operatorname{\mathrm{sen}}\left(x\right))
1	6x^2+\ln\left(x\right)18x^2
1	\left(5\cdot2x+8\right)e^{5x^2+8x}
1	\frac{\left(1\cdot\left(x+7\right)\right)-\left(\left(x+1\right)\cdot1\right)}{\left(x+7\right)^{2}}
1	\frac{5\cos\left(x\right)}{x^3}-\frac{15\operatorname{\mathrm{sen}}\left(x\right)}{x^2}
1	3e^{x}\cos\left(x\right)+2e^{x}\cdot-\operatorname{\mathrm{sen}}\left(x\right)
1	25x^{4-12x}
1	\frac{\left(d^{\prime}dx-ddx^{\prime}\right)}{}
1	5e^x\sen(x)+5e^x\cos(x)
1	\frac{e^{x}\cdot^{}x^2-e^{x}\cdot2x}{(x^{(2)})^2}
1	\frac{2x\cdot\left(x+1\right)-x^{2}}{\left(x+1\right)^{2}}
1	\frac{(x^{}+8)-1)}{(x+8)^2}
1	\frac{6x^2-6\ln\left(x\right)2x^2}{x^6}
1	\frac{(7e^{x}\cdot x-7e^{x})}{2}
1	\frac{2x}{x+7}-\frac{x^2}{x+7}
1	\frac{6x^2-6\ln\left(x\right)3x^2}{x^{\placeholder{}}}
1	\frac{2(4\ln\left(x\right)^3)}{x}
1	\frac12\cdot(8x^2+9)^{\frac{-1}{2}}\cdot16x
1	3(\frac{e^{x}x-e^{x}}{x^2})
1	\frac{5\cdot\left(\left(\frac{1}{x}\cdot x^2\right)-\left(\ln\left(x\right)\cdot2x\right)\right)}{x^4}
1	3\cdot\left(\left(e^{x}\cdot\cos\left(x\right))-\left(e^{x}\cdot\left(-\operatorname{\mathrm{sen}}\left(x\right)\right)\right)\right)\right)
1	\frac{1}{\cos\left(x\right)\cos\left(-\right)}
1	\frac{x+9-(x+8)}{(x+9)^2}
1	6e^{x}\cdot\cos\left(x\right)+6e^{x}\cdot\operatorname{\mathrm{sen}}\left(x\right)
1	\frac{(x^2+2x)}{(x^{}+1)^2}
1	-\frac{x}{x^2+4x+4^2}
1	\frac{9x}{(\sqrt{9x+7})}
1	\frac{7\cos\left(7x\right)}{x^2}-\frac{2\operatorname{\mathrm{sen}}\left(7x\right)}{x^3}
1	6\cdot4\cdot(\ln\left(x\right))^3\cdot\frac{1}{x}
1	e^{2x^2+4x}\cdot4x+4
1	\frac{6\cdot\left(\left(\frac{1}{x}\cdot x\right)-\left(\ln\left(x\right)\right)\right)}{x^2}
1	\frac{2x\cos(2x)-\operatorname{sen}(2x)}{x^{2}}
1	9\cdot4\ln\frac{\left(x\right)^3}{x}
1	22x^2-14x
1	\frac{2x^{}\cdot(x+2)-x^2}{(x+2)^2}
1	9e^x\cos(x) - 9e^x\operatorname{sen}(x)
1	e^{3x+1}e^{3x+1}
1	\frac{(2x^3+15x^2)}{x^2+10x+25^{}}
1	12x^2\cdot\ln x+4x^3\cdot\frac{1}{x}
1	\frac{2x}{x+6}-\frac{x^2}{\left(x+6\right)}
1	7(4x^3\operatorname{\mathrm{sen}}\left(x\right)+xe^4\cos\left(x\right))
1	\frac{6e^{x}x^2-12x^2e^{x}}{x^4}
1	4x^3\cdot e^{5x}+x^4\cdot e^{5x}\cdot5
1	\frac{(1)\cdot(x+7)-(x+3)\cdot(1)}{(x+7)^2}
1	\frac12(5x^2+4)^{-\frac12}10x
1	7e^{x}x(x-\frac{2}{x^4}
1	5x^3-6x
1	24x3+e^{x}
1	\frac{4}{\left(x+8\right)^{2}}
1	(3x^2(x+3)-(x+3)3x^2)(x+3)^{-2}
1	4\cdot\cos\left(x\right)+6\cdot-\operatorname{\mathrm{sen}}\left(x\right)
1	\frac{3x^2}{x+8}-\frac{x^3}{(x+8)^2}
1	0+7\cdot\frac{1}{x}
1	\frac{2e^{x}\cdot x^2-4\cdot e^{x}\cdot x}{x^4}
1	\frac{\left(x+7\right)-\left(x+6\right)}{\left(x+7\right)^2}
1	\frac{2-4}{(x+2)^2}
1	(4\cdot4\cdot x^3\cdot\ln\left(x\right))+(4x^4\cdot\frac{1}{x})
1	5e^{x}x
1	\frac{(x+1)-(x+3)}{(x+1)}
1	-\frac{15\cos\left(5\ln\left(x\right)\right)}{x}
1	24\ln^2\left(x\right)\cdot\frac{1}{x}
1	\frac{8\cos\left(8x\right)x^2-\operatorname{\mathrm{sen}}\left(8x\right)3x^2}{x^6}
1	7e^{x}\operatorname{\mathrm{sen}}\left(x\right)+7e^{z}\cos\left(x\right)
1	\frac{7x^3\cos(x) - 21x^2\sen(x)}{x^6}
1	\frac{\left(6\cos\left(x\right)\cdot x-6\operatorname{\mathrm{sen}}\left(x)\cdot x\right)\right)}{x^2}
1	\frac{4e^{x}\cdot x^2-4e^{x}\cdot2x}{(x^2)^2}
1	3x^2\cdot e^{x}+5x^3\cdot e^{x}
1	\frac{6\left(x\cos\left(x\right)-\operatorname{\mathrm{sen}}\left(x\right)\right)}{x^2}
1	2xe^{7x}+7e^{7x}x^2
1	2\left(\frac{\cos\left(x\right)x^3-\operatorname{\mathrm{sen}}\left(x\right)3x^2}{x^{36}}\right)
1	\frac{1}{5x^2+8}5\cdot2x
1	\frac{8(x^{-1}x-\ln\left(x\right))}{x^2}
1	\sqrt{\frac{1}{x}}
1	\frac{(x+9-x-8)}{(x+9)^2}
1	6e^{6x+}
1	x6^{x-1}
1	\frac{8\cos\left(8x\right)}{x^2}-2\frac{\operatorname{\mathrm{sen}}\left(8x\right)}{x^3}
1	\frac{(3x^2\cdot(x+6))-(x^3)}{(x+6)^2}
1	5x2(3ln(x)+1)
1	\frac{\left(\left(5e^{x}\cdot1\right)-\left(5e^{x}\cdot x\right)\right)}{x^2}
1	9e^{x+9}
1	\frac{9(2x)}{2\sqrt{9x^2+2}}
1	4x^3e^{9x}+x^4e^{9x}9
1	-\frac12x^{-\frac12}
1	15xe^2e^{x}+5x^3e^{x}
1	\frac{3x^4}{x}
1	\frac{1}{2\sqrt{2x^2+4}}4x
1	-\operatorname{\mathrm{6}\mathrm{sen}}\left(6x+6\right)
1	4(x^3+2)\cdot3x^2
1	4x^3\ln\left(x\right)+x3
1	16\cdot\cos\left(x\right)\cdot\operatorname{\mathrm{sen}}\left(x\right)^3
1	\frac{(3x^2-9\ln\left(x\right)x^2)}{x^6}
1	2xe^{6x}(1+3x^{})
1	\frac{\left(\left(x+8\right)\cdot\left(x+9\right)\right)}{\left(x+8\right)^2}
1	\frac{8\cdot e^{x}\cdot x^3-8\cdot e^{x}\cdot3x^2}{x^6}
1	3x^3\cdot\ln\left(x\right)+x^4\cdot\frac{1}{x}
1	\frac{-5\operatorname{\mathrm{sen}}\left(\ln\left(x\right)\right)}{x}
1	3\cdot x^{3-1}+0
1	18x\operatorname{\mathrm{sen}}\left(x\right)-9x^2\cos\left(x\right)
1	32x^4e^{x}+8x^4e^{x}
1	7e^{x}\cdot\operatorname{\mathrm{sen}}\left(x\right)+7e^{x}\cos\left(x\right)
1	\frac{\cos\left(x\right)}{x^2}-\frac{\operatorname{\mathrm{2}\mathrm{sen}}\left(x\right)}{x^{^2}^{}}
1	\frac{2x^3+12x}{(x+4)^2}
1	4\cdot\ln\left(x\right)
1	-\frac{12\sin(3\ln(x))}{x}
1	\frac{\frac{7}{x}x^3-7\ln\left(x\right)3x^2}{\left(x^3\right)^2}
1	\frac{9x^2}{x}+18x\ln\left(x\right)
1	\frac{8\cdot\frac{1}{x}\cdot1-8\cdot\ln\left(x\right)\cdot1}{x^3}
1	\frac{2-9}{(x+2)^2}
1	\frac{9(\cos\left(x\right)x^3+\operatorname{\mathrm{sen}}\left(x\right)3x^2)}{x^6}
1	-5\sin(5x+2)
1	\frac{(5\cos\left(5x\right))\cdot x^3-\operatorname{(\mathrm{sen}}\left(5x\right))\cdot3x}{(x^3)^2}^2
1	6\operatorname{\mathrm{sen}}\left(x\right)\operatorname{\mathrm{sen}}\left(x\right)\cos\left(x\right)
1	5x+4
1	\left(8x+4\right)\cdot e^{4x^2+4x}
1	2(x^3+5)(3x^2)
1	\frac{2x^3 + 9x^2}{(x+3)^2}
1	\frac{-1}{x^{^2}}
1	-20x^3+12x^2
1	(6x+1)e^{3x^2}+x
1	-\frac{9\ln\left(x\right)-3}{x^4}
1	9e^{x}\cos(x)-9e^{x}\sin(x)
1	10x\cos\left(x\right)+5x^2\cos\left(x\right)
1	\frac{7\cos\left(x\right)x^2-14x\cos\left(x\right)}{x^4}
1	25x4-8x+0
1	\frac{-1}{x^{^{}}}
1	8e^{x}(-\operatorname{\mathrm{sen}}\left(x\right)+\cos\left(x\right))
1	\frac{8x\cos(x)-16\sin(x)}{x^3}
1	\frac{1}{x+5}-\frac{x+6}{(x+5)^2}
1	\frac{(0\cdot e^{x})\cdot x+4e^{x})}{x^2}
1	-e^{x}\operatorname{\mathrm{sen}}\left(-\right)
1	\frac{1}{x+2}-\frac{(x+6)}{(x+2)^2}
1	\frac{(1)\cdot(x+5)-(x+8)\cdot(1)}{(x+5)^2}
1	\frac{\left(x+4\right)-\left(x+2\right)}{\left(x+2\right)^2}
1	\frac12(8x^2+1)^{\frac{-1}{2}}16x
1	\frac{6x}{\sqrt{6x^2+7}}
1	-7\operatorname{\mathrm{sen}}\left(\operatorname{\mathrm{sen}}\left(\placeholder{}\right)\right)
1	3\cdot-\operatorname{\mathrm{sen}}\left(3\ln\left(x\right)\right)\cdot\frac{3}{x}
1	3(4\operatorname{\mathrm{sen}}\left(x\right)^3)\cos\left(x\right)
1	7(4\operatorname{\mathrm{sen}}^4\left(x\right))\cos\left(x\right)
1	6\cdot(e^{6x+6})
1	\frac{\frac{6}{x}x^3-+6\ln\left(x\right)3x^2}{x^6}
1	12x\cdot e^{x}x+6x^2\cdot e^{x}
1	\frac{\frac{3}{x}\cdot x^{2}-3\ln\left(x\right)\cdot2x}{x^{4}}
1	\frac{7(x\cos(x)-2\sin(x))}{x^{3}}
1	16x\sin(x) x^2\cos(x)
1	\frac{(2x^2+1-x^3)}{(x+1)}
1	e^{x^2+x}\left(2x+1\right)
1	27x^3e^{x}
1	\frac{(x+4)-(x+8)}{x^2+8x+16}
1	\frac{x+9-\left(x+1\right)}{\left(x+9\right)^{}}
1	8e^x\sen(x)+8e^x\cos(x)
1	\frac{x+9-\left(x+2\right)}{\left(x+9\right)^2}
1	\frac{\cos\left(9x\right)9x^2-\operatorname{\mathrm{sen}}\left(9x\right)2x)}{x^4}
1	2(x^3+5)^{}\cdot3x
1	-\frac{2}{x^3}3\ln\left(x\right)+\frac{1}{x^2}\frac{3}{x}
1	-\frac{3}{(x+9)^2}
1	(8\cdot4)x^3+6
1	28x^3\sen(x)+7x^4\cos(x)
1	8^{x}
1	\frac{5\cdot\left(\left(e^{x}\cdot x^3\right)-\left(e^{x}\cdot3x^2\right)\right)}{x^6}
1	\frac{3(x^2-3\ln\left(x\right)x^2)}{(x^3)^2}
1	2\cdot3\ln\left(x\right)^2\cdot\frac{1}{x}
1	7\cos(7x+2)
1	\frac{5x^3\cos\left(x\right)-15x^2\cos\left(x\right)}{x^6}
1	\frac{3}{\sqrt{\placeholder{}}}
1	\frac{1}{5x^2+3}\cdot10x
1	1+(\tan\left(x\right))^2
1	\frac12(5x^2+4)^{\frac{-1}{2}}10x
1	\frac{8}{2x}
1	^{}
1	25x\ln\left(x\right)+5x
1	4\cdot(\frac{\cos\left(x\right)}{x}-\frac{\operatorname{\mathrm{sen}}\left(x\right)}{x^2})
1	\frac{4x+8\ln\left(x\right)\cdot x}{(x^2)^2}
1	26x^3\ln\left(x\right)+7x^3
1	6^2+5
1	2-\frac{2\ln\left(x\right)}{x^2}
1	8\frac{1}{x}
1	\frac{14x}{\sqrt{7x^2+5}}
1	\frac{2}{x^2+9}
1	9((\cos\left(x\right))(x)-\operatorname{\mathrm{sen}}\left(x\right))
1	\frac{1}{x+6}-\frac{x+5}{\left(x+6^{}\right)^2}
1	\frac{7\cdot\cos\left(7x\right)\cdot x^3-\operatorname{\mathrm{sen}}\left(7x\right)\cdot3x^2}{x^6}
1	20x^3\cdot\operatorname{\mathrm{sen}}\left(x\right)+5x^4\cdot\cos\left(x\right)
1	\frac{0x-2}{x^2}
1	\frac{(7e^{x}\cdot x^3-7e^{x}\cdot3x^2)}{x^6}
1	e^{5x+8}\cdot5
1	\frac{5}{2x^2}
1	4\cdot(x^2+1)^3\cdot2x
1	7\cdot\frac{1}{2x}
1	3x^2\cdot e^{3x}+x^3\cdot3e^{3x}
1	\frac{(x+6)^{}-(x+9)}{(x+6)^2}
1	\frac{4-2}{(x+4)^2}
1	12x^2\cdot e^{x}
1	\frac{1-1}{x^2+2x+4}
1	e^{4x^2+2x}(4(2x)+2)
1	\ln5e^{\placeholder{}}\cdot\frac{1}{x}
1	\frac{2(2x)}{2\sqrt{2x^2+3}}
1	\frac{2(x^2-\ln\left(x\right)\cdot3\cdot x^2)}{x^6}
1	7\frac{(\frac{1}{x})(x^2)-(\ln\left(x))(2x)\right.}{x^4}
1	\frac{\cos\left(6x\right)6x^3-\operatorname{\mathrm{sen}}\left(x\right)3x^2}{x^6}
1	6\ln\left(6^{x}\right)
1	16x^3e^{x}+4x^4e^{xx}
1	\frac{6}{x^2}-6\ln\left(x\right)x^{-2}
1	e^{9x+7}\cdot9
1	8\cdot\frac{-1}{x^{-2}}
1	(5e^{x}\cdot x^3-5e^{x}\cdot3x^2)x^6
1	\frac{2x(x+8)-(x^2)}{(x+8)^2}
1	\frac{24\ln\left(x\right)\ln\left(x\right)\ln\left(x\right)}{x}
1	\frac{\left(5e^{x}x^3-5e^{x}3x^2\right)}{x^6}
1	\frac{4\cdot\cos\left(4x\right)\cdot x^3-\operatorname{\mathrm{sen}}\left(4x\right)\cdot3x^2}{x^6}
1	\frac{4\cos\left(x\right)x^3-12x^2\operatorname{\mathrm{sen}}\left(x\right)}{(x^3)^2}
1	\frac{5x^{}\cos\left(x\right)-10\operatorname{\mathrm{sen}}\left(x\right)}{x^3}
1	\frac{3\left(2x\cos(6x)-\sin(6x)\right)}{x^{4}}
1	\frac{8x\left(1-2\ln\left(x\right)\right)}{x^4}
1	\frac{1}{x+5}-\frac{\left(x+8\right)}{\left(x+5\right)^2}
1	\frac{(x2-x^2)}{(x+2)^2}
1	3\cdot3\cdot\left(\operatorname{\mathrm{sen}}\left(x\right)\right)^2\cdot\cos\left(x\right)
1	3\cdot e^{3x+6}
1	\frac{x(x+16)}{(x+8)^2}
1	\frac{\cos\left(x\right)}{x^2}-\frac{\operatorname{\mathrm{sen}}\left(x\right)}{\frac{x^3}{3}}
1	\frac{7\cos\left(x\right)\cdot x^2-14\operatorname{\mathrm{sen}}\left(x\right)\cdot x}{x^4}
1	x\cdot x\cdot x
1	12x\ln\left(x\right)+6x\ln\left(x\right)
1	\frac{5e^{x}\cdot x^3-5\cdot e^{x}\cdot3x^2}{x^6}
1	-\cos\left(6x+2)\right.\cdot(6)
1	\frac{(4(\ln\left(x\right)^3)}{x}
1	\frac{5x\cos(x) - 15\sin(x)}{x^4}
1	\frac{9}{e^{x}}
1	\frac{8e^{x}\cdot x-8e^{x}}{\left(x\right)^2}
1	\frac{-81}{x^2}
1	\frac{2(x\cos(x)-2\sin(x))}{x^{3}}
1	2\cos\left(x\right)-\operatorname{\mathrm{3}\mathrm{sen}}\left(x\right)
1	8x\ln\left(x\right)+\frac{1}{4x^2}
1	36\cos\left(x\right)\operatorname{\mathrm{sen}}\left(x\right)e^3
1	\frac{3e^{x}(x-1))}{x^2}
1	\frac{8xe^{x}}{x^2}-\frac{16e^{x}}{x^2}
1	\frac{(9x+9x\ln\left(x\right))}{x^4}
1	\frac{(6x+x^2)}{x^2+6x+9}
1	\frac{x+9-\left(x+3\right)}{\left(x+9\right)^2}
1	\left(10x+3\right)\cdot e^{5x^2+3x}
1	\frac{7(1-\ln(x))}{x^2}
1	2x^3(4\operatorname{\mathrm{sen}}\left(x\right)+x\cos\left(x\right))
1	28x^3-10x
1	6\cos\left(x\right)+(-6\operatorname{\mathrm{sen}}\left(x\right))
1	\frac511
1	2e^{x}\left(\operatorname{\mathrm{sen}}\left(x\right)+\cos\left(X\right)\right)
1	\frac{4}{(x)^2}
1	\frac{8e^{x}\cdot x^3-8e^{x}\cdot3x^2}{x^5}
1	\frac{1}{\cos\left(x\right)^2}8
1	5(4x+5)^44
1	\frac{2(x^3\cos\left(x\right)-3x^2\operatorname{\mathrm{sen}}\left(x\right))}{x^6}
1	6x\cdot\ln\left(x\right)+3x^{}
1	7e^{x}\cos\left(x\right)-e^{x}\operatorname{\mathrm{sen}}\left(x\right)
1	3x\ln\placeholder{}^2
1	7\sqrt{\frac{x}{2}}
1	3\cdot3\cdot\left(\ln\left(x\right)\right)^2\cdot\frac{1}{x}
1	9x^{3}\left(4\ln(x) + 1\right)
1	-\frac{1}{(x+10)^2}
1	\frac{-4}{x}
1	30\sin^{4}(x)\cos(x)
1	\frac{x6-6\ln\left(x\right)2x}{x^4}
1	4(2xe^{x}+e^{x}x^2)
1	4\cos\left(x\right)+-\operatorname{\mathrm{sen}}\left(x\right)6
1	\dfrac{x(x+18)}{(x+9)^{2}}
1	\frac{5-8}{(x+5)^2}
1	\log_{}\left(3\right)\cdot3^{x}
1	\frac{x}{2\sqrt{x}}\cdot1\cdot1
1	5\cdot3\cdot x^2-7\cdot2\cdot x
1	\frac{3x^2\left(x+9\right)-\left(x^3\right)}{\left(x+9\right)^2}
1	12x^3\cdot\ln\left(x\right)+3x^4\cdot\left(\frac{1}{x}\right)
1	\frac{1}{x+1}-\frac{(x+6)}{(x+1)^2}
1	\frac{\left(6e^{x}\cdot x^3-6e^{x}3x^2\right)}{x^6}
1	12x3-9x^2
1	4e^{x}x^{-2}(1-2x^{-1})
1	0(\sqrt{x})+5(\frac12x^{-\frac12})
1	\frac{e^{x}\left(8x^2-16x\right)}{x^4}
1	\frac{4\cos\left(x\right)x^2-8x\cos\left(x\right)}{x^2}
1	-x^{-\frac12}
1	\frac{1}{(x+2)^2}((3x^2)\cdot(x+2)-(x^3))
1	5\cdot(2x+8)^4\cdot2
1	2\left(x^3+3\right)3x^2
1	24x^2\cdot\ln\left(x\right)+\frac{8x^3}{x}
1	4\cdot\frac12x^{\frac{-1}{2}}
1	x^2(3\ln\left(x+1\right)
1	5\cdot(2x+7)^4\cdot2
1	6x^2\left(x^3+3\right)
1	\frac{4}{\ln\left(4\right)}^{x}
1	4x^2(x\cos(x) + 3\sin(x))
1	2x\cdot\ln x+x
1	12^{}x^3+e^{x}
1	2\cdot5x^4
1	\frac{6\cos\left(6x\right)x^3-\operatorname{\mathrm{sen}}\left(6x\right)2x^2}{x^6}
1	3x^2\cdot e^{5x}+x^3\cdot5\cdot e^{5x}
1	3\operatorname{\mathrm{sen}}\left(x\right)+3\cos\left(x\right)
1	8\cdot3x^2\ln\left(x\right)+8x^3\cdot\frac{1}{x}
1	\frac{1}{6x+2}\cdot6
1	\frac{5-\frac{5}{x})}{x^2}
1	\frac12(3x^2+4)^{\frac{-1}{2}}6x
1	5\cdot\cos\left(x\right)
1	2\ln\left(1\right)
1	(1\cdot x-1\cdot x)\cdot(4x)
1	\frac{1}{2\cdot(\sqrt{x)}}
1	\dfrac{x(x+8)}{(x+4)^{2}}
1	\frac{x^27e^{x}-2x7e^{x}}{x^4}
1	45x^{4+4}
1	(3x-3\cdot2x\ln\left(x\right))x^{-4}
1	-2\operatorname{\mathrm{sen}}\left(2x+1\right)
1	\frac{6x-12\ln\left(x\right)x}{x^2}
1	6\cdot\frac{1}{2\cdot\sqrt{x}}
1	\frac{\frac{1}{x}\cdot1-\ln\left(x\right)}{x^2}
1	4e^{x}\operatorname{\mathrm{sen}}\left(x\right)+4e^{x}\cos\left(\placeholder{}\right)
1	-\operatorname{8\mathrm{sen}}\left(8x+4\right)
1	5xe^{x}(2+x)
1	\frac{1}{12\sqrt{x}}\cdot1
1	\frac{\left(x+2\right)-\left(x+8\right)}{\left(x+2\right)^2}
1	x^4+8
1	\frac{x+6-x+7}{\left(x+6\right)^2}
1	10\left(5x+8\right)
1	2x(x^2+2)
1	2x\cdot(x+7)^{-1}+x^2\cdot1
1	\frac{3x}{\sqrt{3x^2+1}}
1	-3\operatorname{\mathrm{sen}}\left(3x+7)\right.
1	\frac{4\ln^{3}(x)}{x}
1	2x\ln\left(x+x\right)
1	1\cdot\ln\left(3\right)
1	4^{x}\ln\left(44\right)
1	\frac{6\cos\left(x\right)}{x^3}-3\cdot\frac{6\operatorname{\mathrm{sen}}\left(x\right)}{x^4}
1	3x^2e^{9x}+x^3e^{9x}9
1	2e^{x}\operatorname{\cos}\left(x\right)-\operatorname{2e^{x}\mathrm{sen}}\left(x\right)
1	554
1	\frac{3x-3\ln\left(x\right)\cdot2x}{x^4}
1	2x^2e^{2x}+2xe^{2x}
1	\frac{x^2\left(4-\ln\left(x\right)\right)}{x^6}
1	\frac{2x^2}{x+1}
1	10x^3-12x
1	3^{x}\cdot1\cdot\ln\left(3\right)
1	\frac{9x^{}\cos\left(x\right)-18\operatorname{\mathrm{sen}}\left(x\right)}{x^3}
1	8x(2\ln\left(x\right)+1)
1	7\cdot e^{x}\cdot\operatorname{\mathrm{sen}}\left(x\right)+7\cdot e^{x}\cdot\cos\left(x\right)
1	\frac{(9x^2)-9\ln\left(x\right)3x^2}{x^6}
1	3x^2e^{2x}+x^3e^{2x}2
1	9(4\operatorname{\mathrm{sen}}\left(x\right)^3)\cos\left(x\right)
1	1/(2\sqrt{x})
1	\frac{1}{(x\ln\left(3)\right)}
1	8x\ln x+4x^{}
1	\cos\left(6x+3\right)\cdot6
1	5\cdot\frac{1}{x^2}
1	\frac{5x^3-15x^2}{x^6}
1	3\left(3x^2e^{x}+x^3e^{x}\right)
1	8e^{4\operatorname{\mathrm{sen}}\left(x\right)\cos\left(x\right)}
1	15x^4-4x
1	\frac{8x}{\sqrt{2\left(4x^2+3\right)}}
1	\frac{(3x^2+8x)}{(x+4)^2}
1	\frac{3\cdot\cos\left(3x\right)\cdot x^2-\operatorname{\mathrm{sen}}\left(3x\right)\cdot2x}{x^4}
1	12x\ln\left(x\right)+\frac{6x^2}{x}_{_{}}
1	14x+e^{x}
1	4x^2(3\operatorname{\mathrm{sen}}\left(x\right)+x\cos\left(x\right))
1	\frac{5x\cos(x) -5\sin(x)}{x^2}
1	(27x^2\cdot e^{x})+(9x^3\cdot e^{x})
1	\frac{\left(\frac{1}{x}x-\ln x\left(1\right)\right)}{x^2}
1	3\cos\left(x\right)-2\operatorname{\mathrm{sen}}\left(\operatorname{\mathrm{sen}}\left(\placeholder{}\right)\right)
1	\frac{3e^{x}x^3-3e^{x}3x^2}{(x^3)^2}
1	\frac{5e^{x}(x^2)-5e^{x}(2x)}{(x^2)^2}
1	\frac{4(x\cos(x)-2\sen(x))}{x^{3}}
1	\cos\left(x\right)4\operatorname{\cdot2\operatorname{\mathrm{sen}}^2\left(x\right)}
1	2\cdot4\operatorname{\mathrm{sen}}^3\left(x\right)\cos\left(x\right)
1	\frac{1}{(x+6)}-\frac{(x+3)}{(x+6)^2}
1	\frac{1}{2x^{-\frac32}}
1	\frac{3x^2\cdot\left(x+1\right)-x^3}{\left(x+1\right)^2}
1	4\,\operatorname{sen}^{3}(x)\cos(x)
1	2(e^{x}\operatorname{\mathrm{sen}}\left(x\right)+e^{x}\cos\left(x)\right)
1	\operatorname{-\operatorname{\mathrm{sen}}\left(2x+3\right)}\cdot2
1	25x^{4^{^{\placeholder{}}}}+2
1	\ln\left(x\right)\cdot\frac{1}{x}
1	\frac{3x^2(x+1)-x^3}{x^2+2x+1}
1	\frac{7-21\ln\left(x\right)}{(x^4)^{}}
1	\frac{8x^2\cos(x)-16x\sin(x)}{x^4}
1	5\left(4x+6\right)^44
1	562
1	\frac{7(\cos\left(x\right)\cdot x-\operatorname{\mathrm{sen}}\left(x\right))}{x^2}
1	6\cdot1
1	24x^3c+3
1	3e^{x}\cos\left(x\right)+3e^{x}-\operatorname{\mathrm{sen}}\left(x\right)
1	(6e^{x}x^2-x12e^{x})x^{-4}
1	9\cdot4\cdot\operatorname{\mathrm{sen}}^3\left(x\right)\cdot\cos\left(x\right)
1	\frac{0\cdot x+8\cdot1}{x^2}
1	-e^{x}\operatorname{\mathrm{sen}}\left(x\right)+e^{x}\operatorname{\mathrm{sen}}\left(x\right)
1	\frac{2x\left(1-\ln\left(x\right)\right)}{x^2}
1	\frac{2}{5x^2}
1	11x^3+e^{x}
1	3\left(2x\operatorname{\mathrm{sen}}\left(x\right)+x^2\cos\left(x\right)\right)
1	8(4x+5)
1	\frac{x\cos(x)-3\sen(x)}{x^{4}}
1	8\cos\left(-\right)
1	\frac{(x+6-x-2)}{(x+6)^2}
1	\frac{1}{x\ln\left(3\right)}^{}
1	e^{5\operatorname{\mathrm{sen}}\left(x\right)}\cos\left(x\right)
1	4x^3e^{9x}+9x^4e^{6x}
1	6^{}
1	\frac{14}{x^2+36}
1	\frac{x+6-x-3}{(x+6)^2}
1	x^{2}\cdot\ln2
1	128x^3+6
1	\frac{5\cos\left(x\right)-5\operatorname{\mathrm{sen}}\left(x\right)}{x^2}
1	\frac{4x\cos(4x)-\sin(4x)}{x^2}
1	\frac{3x^2(x+3)-x^3)}{(x+3)^2}
1	8x^3-12x^2+0
1	\frac{3}{x}\left(-1\right)\operatorname{\mathrm{sen}}\left(3\ln\left(x\right)\right)4
1	-\frac{\operatorname{\mathrm{sen}}\left(2\ln\left(x\right))\right.2}{x}
1	\frac{\left(x^2+12x\right)}{\left(x+2\right)^2}
1	9x^3\cos(x) + 27x^2\sen(x)
1	18(6x+8)^2
1	\frac{7e^{x}\cdot x^3-21e^{x}\cdot x^2}{x^6}
1	25x+9
1	e^{5x^2+3x}(10+3)
1	4\left(6x+2\right)^36
1	-7x
1	(6\cdot4)x^3-10x
1	3e^{2x+7}
1	\frac{(x^2-16x)}{x^2+16x+64}
1	3x^2\operatorname{\mathrm{sen}}x+x^3\cos x
1	\frac{3}{x^2+8x+16^{}}
1	2^{x\cdot\ln\left(2\right)}
1	\frac{7}{}
1	\dfrac{5(1-2\ln(x))}{x^{3}}
1	\frac{4}{(4x+7)}
1	5(-\operatorname{\mathrm{sen}}\left(x\right))
1	-\operatorname{\mathrm{sen}}\left(3x+7\right)3
1	\left(8e^{x}\cdot\operatorname{\mathrm{sen}}\left(x\right)\right)+\left(8e^{x}\cdot\cos\left(x\right)\right)
1	e^{9x+9}\cdot9
1	7e^{x}x^{-3}-21e^{x}x^{-4}
1	25x^4-6x^1
1	\frac12(4x^2+2)8x
1	24
1	8x^2e^{x}+2x^3e^{x}
1	\frac{9(2x)}{2\sqrt{9x^2+7}}
1	2x^3e^{x}+8x^2e^{x}
1	3\cos(x)-4\operatorname{\mathrm{sen}}\left(x\right)
1	2(8x+3)8
1	e^{4x^2+x}\cdot e^{8x+1}
1	6(x^3+8)x^2
1	-28x^3+9x^2
1	\frac{9xe^{x} - 9e^{x}}{x^{2}}
1	\frac{4(2x)}{2\sqrt{4x^2+4}}
1	\frac{x^22e^{x}-4xe^{x}}{x^4}
1	\frac{-x^3+3x^2(x+1)}{(x+1)^2}
1	20x^{4+9}
1	18x^{}\cdot\ln\left(x\right)+9x^2\cdot\frac{1}{x}
1	10x^4-12x^2^{}
1	\frac{8\left(2\ln\left(x\right)\right)}{x}
1	\frac{5(3\ln\left(x\right)^2)}{x}
1	3\left(9x+1\right)^29
1	4x^3\ln(x) + x^3
1	\frac{3x^2(x+8)-3x^2}{(x+8)^2}
1	\frac{0x-3}{x^2}
1	-2\cdot\frac{1}{x^2}
1	\frac{7-7\ln\left(x\right)x}{x}
1	3\cos\left(3x+6\right)
1	\frac{\frac{5x^2}{x}-5\ln\left(x\right)2x}{x^4}
1	(18xe^{x}+9x^2e^{x})
1	30(6x+1)^4
1	\frac{8x^2-8\ln\left(x\right)}{\placeholder{}}
1	x\cdot\frac{(x+5)}{(x+6)^2}-\frac{(x+6)\cdot x}{(x+6)^2}
1	6x^3
1	-\frac{1}{(x-5)}
1	9e^{9+4}
1	\frac{3x\cos(x)-3\sen(x)}{x^2}
1	\frac{3x^2(x+6)x^3}{(x+6)^2}
1	7x\cdot\left(7x^2+1\right)^{-\frac12}
1	3x^2\ln\left(x\right)+\frac{x^2}{x}
1	\ln\left(7)\right.
1	15x
1	9/\cos^{2}(x)
1	\frac{x+4-x-2}{(x+4)^2}
1	21\cdot\operatorname{\mathrm{sen}}^2\left(x\right)\cdot\cos\left(x\right)
1	-2\sqrt{x}
1	18x\sin(x) + 9x^2\cos(x)
1	4\cos(x) - 4\operatorname{sen}(x)
1	\left(2x+8\right)e^{x^2+8x}
1	5(3x+8)^4\cdot3
1	\frac{6}{1+x^2}
1	-6e^{x}\operatorname{\mathrm{sen}}\left(x\right)+6e^{x}\cos\left(x\right)
1	\frac{1}{2\sqrt{6x^2+2}}12x
1	20\cos\left(x\right)\operatorname{\mathrm{sen}}\left(x\right)^4
1	8\cdot(\frac{e^{x}x-e^{x}}{x^2})
1	\frac{1\cdot(x+3)-(x+8)\cdot1}{(x+3)^2}
1	\frac{4(2x)}{2\sqrt{4x^2+3}}
1	7(2x\ln\left(x\right)+x)
1	18(9x+8)^2
1	((x+5)-(x+8))\cdot\frac{1}{x^2+10x+25}
1	\frac{8\cdot\cos\left(x\right)\cdot x^3-3x^2\cdot\operatorname{\mathrm{8}\cdot\mathrm{sen}}\left(x\right)}{x^6}
1	3(\frac{e^{x}}{x^3}-\frac{3e^{x}}{x^2})
1	\frac{5\cos\left(x\right)}{x^3}-3\frac{5\operatorname{\mathrm{sen}}\left(x\right)}{x^4}
1	e^{x}\cdot(12x+6x^2)
1	e^{x^2+7x}(2x)
1	\frac{7(x\cos(x)-\sin(x))}{x^{2}}
1	\frac{7(x\cos(x) - 3\sin(x))}{x^4}
1	-\frac{4}{x^{2}}
1	35x^{4-20x^3}
1	18x^2+1
1	e^{2x+7}
1	\frac{x+6-\left(x+1\right)}{\left(x+6\right)^2}
1	\frac{\cos\left(x\right)x^2-\operatorname{\mathrm{sen}}\left(x\right)2x}{x^{\placeholder{}}}
1	8e^{x}\operatorname{\mathrm{sen}}\left(x\right)+8x\cos\left(x\right)
1	8\left(3x^2\ln\left(x\right)+x^2\right)
1	e^{5x^23x}\cdot(10+3)
1	2e^{x}\cdot\cos\left(x\right)-2e^{x}\operatorname{\mathrm{sen}}\left(x\right)
1	21x+2
1	15x^2+e^{^2}
1	4x^3\sin(x)+x^4\cos(x)
1	9\cdot e^{9x+9}
1	\frac{8\cdot2x}{2\sqrt{8x^2+1}}
1	2e^{x}(\cos(x) - \sin(x))
1	\frac{16}{x^2}
1	-\frac{1}{(x+3)^{2}}
1	\frac{(x+6-x-3)}{(x+6)^2}
1	8\ln\left(8x+4\right)
1	6x\cdot(x^2+6)^2
1	\frac{2(2x)}{2x^2+8}
1	8x^{3}\cdot e^{x}+2x^{4}\cdot e^{x}
1	9x+2
1	6e^x
1	12x^3+1
1	\frac{3x^2\cdot\left(x+4\right)-x^3}{\left(x+4\right)^2}
1	2e^{x}x^2+4e^{x}x
1	5x^4+1
1	45x^4+4x
1	(\frac{(3\cdot\operatorname{-\cos\left(x\right)})\cdot x^3-3\operatorname{\mathrm{sen}}\left(x\right)\cdot3x^2)}{x^6}
1	\frac{7e^{x}\cdot x^3-3x^2\cdot7e^{x}}{x^6}
1	\frac{1}{2\cdot\sqrt{9x^2+9}}\cdot18x
1	\frac{(\frac{2}{x}x^2-2\ln\left(x\right)2x)}{x^4}
1	36\operatorname{sen}^{3}(x)\cos(x)
1	5\cdot e^{5x+7}
1	\frac16x^{-2^{}}5
1	(6
1	-\frac{5}{x^{2}}
1	(\frac{3x(x+1)-x^3)}{(x+1)^2}
1	\frac{5\cos\left(x\right)\cdot\cos\left(x\right)-5\operatorname{\mathrm{sen}}\left(x\right)\cdot(-\operatorname{\mathrm{sen}}\left(x\right))}{\cos\left(x\right)\cdot\cos\left(x\right)}
1	\frac{5e^{x}\cdot x^3-(5e^{x}\cdot3x^2)}{x^6}
1	20x^3\ln\left(x\right)+5x^4\cdot\frac{1}{\frac{x}{\placeholder{}}}
1	\frac{\left(9x^2-3\ln\left(x\right)3x^2\right)}{x^5.x}
1	\frac{((3x^2)(x+2)-x^3)}{(x+2)^2}
1	2e^{x}\cos\left(x\right)+2e^{x}\cdot(-\operatorname{\mathrm{sen}}\left(x\right))
1	\frac{8x^4e^{x}+24x^3e^{x}}{x^6}
1	4\left(5\operatorname{\mathrm{sen}}^4\left(x\right)\right)\cos\left(x\right)
1	\frac{1}{5x+7}\cdot5
1	\frac{9\cos\left(x\right)x^2-12\operatorname{\mathrm{sen}}\left(x\right)x}{x^4}
1	4x^{-0\cdot5}
1	\frac{\left(\left(4\ln x\cdot3x^2\right)-\left(\frac{4}{x}\cdot x^3\right)\right)}{\left(x^3\right)^2}
1	5^{x}\cdot1
1	\frac{\frac{5}{x}-5\ln\left(x\right)(3x^2)}{(x^3)^2}
1	7(4x^3\cdot\operatorname{\mathrm{sen}}\left(x\right)+x^4\cdot\cos\left(x\right))
1	\frac{-20\operatorname{\mathrm{sen}}\left(5\ln\left(x\right)\right)}{x}
1	5x+1
1	7x^{2}\left(3\ln(x) + 1\right)
1	7\left(5\operatorname{\mathrm{sen}}^4\left(x\right)\right)\cos\left(x\right)
1	\frac{x+9-x-2}{\left(x+9\right)^2}
1	4x\operatorname{sen}(x) + 2x^2\cos(x)
1	(6x+2)e^{3x^2}+2x
1	0+6\cdot\frac{1}{x}
1	\frac{-4+x}{x^2}
1	3\cdot\left(\left(e^{x}\cdot\cos\left(x\right)\right)-\left(e^{x}\cdot-\operatorname{\mathrm{sen}}\left(x\right)\right)\right)
1	\frac{\left(2x\cdot\left(x+3\right)\right)-\left(x^2\right)}{\left(x+3\right)^2}
1	3^{x-1}
1	5\cos\left(x\right)-\operatorname{\mathrm{5\cdot}\mathrm{sen}}\left(x\right)
1	8\cdot4x^3\ln\left(x\right)+\frac{8x^4}{x}
1	5\left(\operatorname{\mathrm{sen}}\left(x\right)\right)^4\cdot\cos\left(x\right)
1	8x\left(x^{2}+8\right)^{3}
1	\frac{5\cos\left(x\right)x^2-5\operatorname{\mathrm{sen}}\left(x\right)x\cdot2}{x^2}
1	\frac{3x^3\cos(x) - 9x^2\sen(x)}{x^6}
1	7e^{x}\cos\left(x\right)-7\operatorname{\mathrm{sen}}\left(x\right)
1	15x2
1	e^{2x^2+8x}\left(4x+8\right)
1	3x^{2}\left(x\cos(x) + 3\sin(x)\right)
1	5\cdot\frac{1}{x}\cdot\ln\left(e^{\placeholder{}}\right)
1	\frac{-1}{(x+3)^{2}}
1	-\frac{5\operatorname{\mathrm{sen}}\left(3\ln\left(x\right)\right)}{x}
1	-2\text{sen}(x)
1	\frac{5e^{x}^{}x^3-15e^{x}x^2}{x^6}
1	15\cos\left(x\right)\operatorname{\mathrm{sen}}\left(x\right)^4
1	\frac{9e^{x}x^2-9e^{x}2x}{(x^2)^2}
1	\frac{6\cos\left(x\right)}{x}-\frac{\operatorname{\mathrm{6}\mathrm{sen}}\left(x\right)}{x^2}
1	-2x^{-1}
1	\frac{8\left(\frac{1}{x}x^3-\ln\left(x\right)3x^2\right)}{x^6}
1	6x^{}\cdot\operatorname{\mathrm{sen}}\left(x\right)+3x^2\cdot\cos\left(x\right)
1	4\left(x^3+6\right)^3\cdot3x^2
1	2(4x+4)4
1	12x^3\ln\left(x\right)+3x^4+\frac{1}{x}
1	\frac{9}{x^3}+9\ln\left(x\right)(-2x^{-3})
1	\frac{1}{x+6}-\frac{x+1}{(x+6)^2}
1	-6^{-2}
1	\frac{3\left(\cos\left(x\right)x^3-\operatorname{\mathrm{sen}}\left(x\left(3x^2\right)\right)\right)}{x^6}
1	6(2x\cdot\ln\left(x\right)+\frac{x^2}{x})
1	\frac{(0\cdot\ln\left(x\right)+8\cdot\frac{1}{x})\cdot1-8\ln\left(x\right)\cdot1}{x^2}
1	3e^{x}\cos\left(x\right)+3e^{x}(-\operatorname{\mathrm{sen}}\left(x\right))
1	\frac{(6x-12\ln\left(x\right)x)}{x^4}
1	\frac{4e^{x}x-4e^{x}x}{x^2}
1	\frac12\cdot(6x^2+3)^{\frac{-1}{2}}\cdot12x
1	\frac12\frac{8x}{\sqrt{4x^2+6}}
1	\frac{15\ln\left(x\right)}{x}
1	\frac{x^2\cos\left(x\right)+2x\operatorname{\mathrm{sen}}\left(x\right)}{x^4}
1	5e^{x}(\sin(x) + \cos(x))
1	(6x+5)e^{6x+5}
1	\frac{7\left(x^3\cos x-3x^2\operatorname{\mathrm{sen}}x\right)}{x^6}
1	2e^{x}x^2+4e^{x}2x
1	\frac{(\frac{4}{x})x^3-4\ln\left(x\right)3x^2}{x^6}
1	e^{8x+7}\cdot8
1	21x^2(\ln\left(x))+7x^3\right.(\frac{1}{x})
1	7.4x^3-6x
1	5\cdot3x^2-7\cdot2x
1	\frac{1}{2x^2+6}\cdot4x
1	(4-4\ln\left(x\right))x^{-2}
1	6(2x+3)^2
1	20(4x+1)^4
1	-\frac{5\,\operatorname{sen}\left(5\ln(x)\right)}{x}
1	15(5x+1)^2
1	\frac{-9e^{x}x^2}{x^4}
1	e^{3x}(3x^3+3x^2)
1	2\cdot\left(-\operatorname{\mathrm{sen}}\left(2x+1\right)\right)
1	\frac{(9x-18\ln\left(x\right)x)}{x^4}
1	10x\cdot\left(5x^2+1\right)^{-1}
1	4\cos\left(\placeholder{}\right)
1	-4\cos\left(x\right)e^{4\operatorname{\mathrm{sen}}\left(x\right)}
1	\frac{3x^2.\left(x+9\right)-x^3}{\left(1\right)}
1	6\frac{x}{1}
1	\frac{3x^2\cdot(x+3)-x^3)}{(x+3)^2}
1	28x^3\ln x+7x^4\cdot\frac{1}{x}
1	\frac{2x^3-6x^2+12x}{x^2+4x+4}
1	2(\frac{1}{\sqrt{x}})
1	\frac{\left(\left(\frac{6}{x}\right)\cdot\left(x^2\right)\right)-\left(\left(6\ln x)\cdot\left(2x\right.\right)\right)}{\left(x^2\right)^2}
1	\frac{1}{x}\ln e^{\placeholder{}}
1	\frac{3e^{x}x^3-3e^{x}2x^2}{x^6}
1	21x^2-18x+0
1	x^2(\frac{3(x+1)-x^2}{(x+1)^2})
1	3\left(2x\ln\left(x\right)+x\right)
1	\frac{(6x^{}-6\ln\left(x\right)2x)}{x^4}
1	\frac{-2x}{(x+6)^2}
1	16x^2\operatorname{\mathrm{sen}}\left(x\right)+8x^3\cos\left(x\right)
1	-14x^{-3}
1	4\cos\left(x\right)-\operatorname{5\mathrm{sen}}\left(x\right)
1	\frac71
1	2xe^{5x}+x^25e^5x
1	\frac{\frac{2}{x}\cdot x^3-2\ln\left(x\right)\cdot2x^2}{(x^3)^2}
1	\frac{(\cos\left(x\right)x^2-2\operatorname{\mathrm{sen}}\left(x\right)x)}{x^4}
1	\frac{3x^2(x+2)-2x^3}{(x+2)^2}
1	\frac{8x-8\ln\left(x\right)x2}{x^4}
1	e^{2x^2+5x}(4x+5)
1	\frac{1}{2x^2+2}2\cdot2x
1	\frac{5\left(\cos\left(x\right)x^3-\operatorname{\mathrm{sen}}\left(x\right)3x^2\right)}{x^6}
1	-\frac{5}{x}\operatorname{\mathrm{sen}}\left(5\ln\left(x\right)\right)
1	7x^2\operatorname{\mathrm{sen}}\left(x\right)+7x^2\cos\left(x\right)
1	\frac{9(e^{x}x^3-e^{x}3x^2)}{x6}
1	\frac{2x\left(x+2\right)-x^2}{\left(x+2^2\right)}
1	\frac{2x}{x^{2}+1}
1	〖    e〗^x (cos⁡(x)-sen⁡(x) )
1	\frac{9e^{x}}{x^{}}-\frac{9e^{x}}{x^2}
1	6x^2e^{x}+2x^3e^{)}
1	\frac{(x+8-x-4)}{(x+8)^2}
1	e^{7x+9}+7
1	\left(2\cdot2x+7\right)e^{2x^2+7x}
1	27x^2\cdot\frac{1}{x}
1	\frac{4(1 - 2\ln(x))}{x^3}
1	3e^{x}xe^{x}
1	\frac{\frac{9}{x}(x)-9\ln\left(x\right)(1)}{x^2}
1	12\cdot\cos\left(x\right)\cdot e^{4\operatorname{\mathrm{sen}}\left(x\right)}
1	24x^3\operatorname{\mathrm{sen}}\left(x\right)-6x^4\cos\left(x\right)
1	-\frac13\cdot\frac{1}{x^4}\cdot e^{x}+\frac{e^{x}}{x^3}
1	\frac{6\cos\left(6x\right)x^3-3x^2\operatorname{\mathrm{sen}}\left(6x\right)}{x^6}
1	\frac{\frac{6}{x}\cdot x^2-6\ln\left(x\right)\cdot2x}{(x)^2}
1	\frac{2e^x(x-2)}{x^4}
1	e^{2x^2+8x}\cdot(4x+8)
1	40(8x+3)^4
1	\frac{7x\cos(x)-7\sen(x)}{x^2}
1	1/\left(x\ln\left(2\right)\right)
1	\frac{(2x^3+5x^2)}{(x+5)^2}
1	\frac{9e^{x}\cdot x-(9e^{x})}{x^2}
1	-4\cdot4x^3
1	\frac{2e^{x}}{x^3}+\frac{6e^{x}}{x^2}
1	2(3\cos\left(x\right)-\operatorname{\mathrm{sen}}\left(x\right))
1	27x^3-6x^2
1	\frac{5e^{x}\cdot x^3-(5e^{x}\cdot3x^2)}{3x^2}
1	\frac{4}{(x+7)^{2}}
1	\frac{1}{\ln\left(x)\right)}
1	16x^{3^{}}+e^{x}
1	-\frac{(7e^{x}2x)}{(x^2)^2}
1	-\frac{8}{x2}
1	8x3+4
1	\frac{1}{2x+7}
1	4(x^3+3)^3\cdot(3x^2)
1	e^{5x^2+5x}(5\cdot2x+5)
1	\frac{3(x\cos(x)-2\sen(x))}{x^{4}}
1	36x^3\sen(x)+9x^4\cos(x)
1	38x^3+2
1	12x^{3}\sin(x)+3x^{4}\cos(x)
1	2\cdot e^{2x+6}
1	\ln5
1	\frac{(7x\cos\left(x\right)-\operatorname{\mathrm{sen}}\left(7x\right))}{x^2}
1	e^{2x+7}e^2
1	3\left(\frac{\cos\left(x\right)x-\operatorname{\mathrm{sen}}\left(x\right)}{x^2}\right)
1	\frac{1}{(9x+3)}\cdot9
1	\frac{3x^2(x+4)-x^3)}{(x+4)^2}
1	5x^4+3
1	\frac{1}{9x^2+3}\cdot18x
1	20\operatorname{\mathrm{sen}}\left(x\right)\operatorname{\mathrm{sen}}\left(x\right)\operatorname{\mathrm{sen}}\left(x\right)\cos\left(x\right)
1	\frac{\cos\left(9x\right)\cdot9\cdot x^2^{}-\operatorname{\mathrm{sen}}\left(9x\right)\cdot(2x)}{x^4}
1	\frac{\left(\left(6\ln x\cdot2x\right)-\left(\frac{6}{x}\cdot x^2\right)\right)}{x^4}
1	\frac{1(x+2)-(x+9)1}{(x+2)^2}
1	2\left(3x^2e^{x}+x^3e^{x}\right)
1	2\frac{e^{x}x^2-e^{x}2x}{x^4}
1	\frac{6\cos\left(x\right)x^2-6\operatorname{\mathrm{sen}}\left(x\right)2x}{\left(x^2\right)^2}
1	3(\frac{x^2-\ln\left(x\right)3x^2}{x^6})
1	6x^2\cdot\ln\left(x\right)+3x^3\cdot\frac{1}{x}
1	2e^{x}\operatorname{\cos\left(x\right)-\mathrm{2}e^{x}\mathrm{sen}}\left(x\right)
1	\frac{2x-10\ln\left(x\right)\cdot x}{x^4}
1	\frac{1}{x \ln(2)}
1	\frac{\left(x+7\right)}{\placeholder{}}
1	7\left(2\operatorname{\mathrm{sen}}\left(x\right)\right)\cos\left(x\right)
1	\frac{-15\operatorname{\mathrm{sen}}\left(3\ln\left(x\right)\right.)}{x}
1	\frac12(4x^2+2)^{\frac{-1}{2}}8x
1	\frac{1}{\cos\left(\placeholder{}\right)^2}
1	(8e^{x}x-1\cdot8e^{x})x^2
1	-\frac{25}{x}\operatorname{\mathrm{sen}}\left(5\ln\left(x\right)\right)
1	\frac{1}{2\sqrt{8x^2+6}}\cdot16x
1	12xe^{x}+3x^4e^{x}
1	7\cos\left(x\right)5\operatorname{\mathrm{sen}}\left(x\right)^4
1	\frac{2x}{x+6}-\frac{x^2}{\left(x+2\right)^2}
1	\frac{2x(x+3)-x^2}{(x+3)^22}
1	\frac{\cos\left(x\right)-x\operatorname{\mathrm{sen}}\left(x\right)}{x^2}
1	\frac{7(2x)}{2\sqrt{7x^2+6}}
1	\frac{\frac{6}{x}x^2^{}-6\ln\left(x\right)\cdot2x}{x^{^4}}
1	\frac{1}{x+8}-\frac{x+9}{(x+8)^2}
1	5\cdot e^{3\operatorname{\mathrm{sen}}\left(x\right)}\cdot3\cos\left(x\right)
1	3x^2\cdot e^{3x}+x^3\cdot e^{3x}\cdot3
1	\frac{4x\cos(x)-4\sen(x)}{x^2}
1	\frac{2x^2(x+4)-x^31}{(x+4)^2}
1	\frac{x+5-\left(x+8\right)}{\left(x+5\right)^2}
1	21\left(7x+2\right)^{2}
1	\frac{x^{(-\frac12)}}{2}
1	5e^{x}\cdot\cos\left(x\right)+5e^{x}\cdot(-\operatorname{\mathrm{sen}}\left(x\right))
1	\frac{(-5)}{(x+2)^2}
1	15x^2-5x
1	\frac{8\cos\left(8x\right)}{x^2}-\frac{2\operatorname{\mathrm{sen}}\left(8x\right)}{x^3}
1	2\operatorname{\mathrm{sen}}\left(x\right)1
1	3x^2¨
1	e^{8x+4}8
1	6x^2\cdot\ln\left(x\right)+\frac{3x^3}{x}
1	\frac{-1}{\left(x+5\right)\left\lbrace^2\right\rbrace}
1	12\operatorname{\mathrm{sen}}\left(x\right)^3\cdot\cos\left(x\right)
1	\frac{3e^{x}\cdot x^2-3e^{x}\cdot2x}{(x)^2}
1	\frac{1}{2x+8}2
1	5\operatorname{\mathrm{sen}}\left(x^{}\right)^4\cdot\cos\left(x\right)
1	8x^2\cdot\frac{1}{x}+16x\cdot\ln x
1	45x^4-16x^2
1	\frac{(x^{}-\ln\left(x\right)\cdot2x)}{x^4}
1	\frac{1}{x+8}-\frac{(x+1)}{(x+8)^2}
1	4\cdot\frac{2x}{4x^2+9}
1	v.v
1	\frac{8x^4+2e^{x}^{}}{x^4}
1	\frac{5x\cos(x) - 5\sin(x)}{x^2}
1	-\frac{7}{x^21}
1	21x^{2}\cdot\ln\left(x\right)+7x^{3}\cdot\frac{1}{x}
1	\frac{18x\ln\left(x\right)}{9x^2x}
1	20x^4-27x^2
1	\frac{4\cos\left(x\right)}{x}-\frac{8\operatorname{\mathrm{sen}}\left(x\right)}{x^2}
1	\frac{(\frac{1}{x}\cdot x^2)-(\ln\left(x\right)\cdot2x)}{x^4}
1	20x3
1	e^{4x^2+4x}(4\cdot2x+4)
1	5x^{3^{}}e^{x}(4+x)
1	4\cos(x)\,e^{4\operatorname{sen}(x)}
1	\frac{7\cos\left(x\right)-7\operatorname{\mathrm{sen}}\left(x\right)2x}{x^4}
1	4(5x+6)^3\cdot5
1	\frac{x+7-\left(x+3\right)}{\left(x+7\right)^2}
1	\frac{(2\cos\left(x\right)x^3-2\operatorname{\mathrm{sen}}\left(x\right)3x^2)}{x^6}
1	\frac{(e^{x}x)-e^{x}}{x^2}
1	4x\cdot e^{x}+2x^2+e^{x}
1	18xe^{x}+e^{x}9x^2
1	\frac12(2x^2+3)^{\frac{-1}{2}}4x
1	e^{5x^2}+4x(10x+4)
1	6x\operatorname{\mathrm{sen}}\left(x\right)+3x^2\operatorname{\mathrm{sen}}\left(x\right)
1	x\cdot7^{x-1}
1	^{}12x^2e^{x}+4x^2e^{x}
1	4x^3\cdot e^{3x}+x^4\cdot e^{3x}
1	18\left(9x+2\right)
1	\frac{6\cos\left(x\right)x-\operatorname{\mathrm{sen}}\left(6x\right)}{x^2}
1	24(8x+8)^2
1	(20x^3\cdot\operatorname{\mathrm{sen}}\left(x\right)+5x^4\cdot\cos\left(x\right))
1	\frac{2e^{x}x^2+4xe^{x}}{x^4}
1	4x^3(4\ln\left(x\right)+1)
1	\frac{\left(x+1\right)-\left(x+6\right)}{\left(x+1\right)^2}
1	4(x^3+8)3x^2
1	10x\sin(x) + 5x^2\cos(x)
1	0+8\cdot e^{x}\cdot\operatorname{\mathrm{sen}}\left(x\right)+8\cdot e^{x}\cdot\cos\left(x\right)
1	\frac{-6^{}}{x^2}
1	\frac{4}{\left(x+5\right)^2}
1	\frac{6\cos\left(x\right)x^3-3x^26\operatorname{\mathrm{sen}}\left(x\right)}{x^6}
1	9e^{x}x1
1	\frac{\frac{5x^3}{x}-15x^2\ln\left(x\right)}{x^6}
1	3x^3e^{3x}+3x^2e^{3x}
1	e^{8x+6}\cdot8x+6
1	\frac{\left(5x-5\ln\left(x\right)2x\right)}{x^4}
1	9\cdot5\operatorname{\mathrm{sen}}\left(x\right)^4
1	15x^2\cdot\ln x+5x^3\cdot\frac{1}{x}
1	\frac{\left(2e^{x}\cdot x^3-2e^{x}3x^2\right)}{\left(x^3\right)^2}
1	98x+112
1	\frac{1}{2\cdot\sqrt{5x^2+6}}\cdot10x
1	4\operatorname{\mathrm{sen}}\left(x\right)-2\cos\left(x\right)
1	12x3e^{x}+3x^4e^{x}
1	40x+5
1	15x^2e^{x}+5x^2
1	2(3x+1)\cdot3
1	36\cdot\ln\left(x\right)^3\cdot\frac{1}{x}
1	4\cdot3x^2+6\cdot1
1	40\cdot\left(\operatorname{\mathrm{sen}}\left(x\right)\right)^4\cdot\cos\left(x\right)
1	\frac12\frac{10x}{\sqrt{5x^2+4}}
1	\frac{6}{6x + 4}
1	\frac{x+1}{x^2}
1	\frac{7}{x}+\ln\left(6\right)
1	\frac{2x(x+8)-x^2^{}}{(x+8)^2}
1	\frac{3}{\sqrt{x^3}}
1	x^3e^{8x}(4+x^{})
1	32x^3-24x^2+0
1	\frac{8\cos\left(x\right)x^3-8\operatorname{\mathrm{sen}}\left(x\right)\cdot3x^2}{(x^3)^2}
1	4x^{3^{}}+20
1	3x^2e^{4x}+x^3e^{4x}4
1	15(5x+6)^2
1	\frac{x\left(x+3\right)-x\left(x+5\right)}{\left(x+3\right)^2}
1	e^{4x+4}4
1	\frac{(6x^2+x^3)}{(x+2)^2}
1	9\cdot2x\ln\left(x\right)+\frac{9x^21}{x}
1	e^{x}(8)
1	e^{6x}
1	0+3\cdot e^{x}
1	-\frac{7\cos\left(7x\right)x-\operatorname{\mathrm{sen}}\left(7x\right)}{x^2}
1	-16x^3+6x^2
1	4x^{3}e^{8x}\left(1+2x\right)
1	7(\frac{x^3-2x^2\ln\left(x\right)}{x^6})
1	\frac{6x\cos(x) - 18\sin(x)}{x^4}
1	24x(6x+8)^3
1	\frac{5e^{x}(x-2)}{x^3}
1	\frac{1}{x\log_{}\left(5\right)}
1	18\cos\left(x\right)\operatorname{\mathrm{sen}}\left(x\right)^2
1	27x2+5
1	\frac{^{}10\operatorname{\mathrm{sen}}\left(x\right)-5\cos\left(x\right)x}{x^3}
1	\frac{3}{\sqrt6}
1	\frac{3x^2\cdot(x+9)-x^3}{(xx9)^2}
1	\left(10x+1\right)e^{5x^2-x}
1	\frac{(2x(x+8x-x^2)}{(x+8)^2}
1	\frac32\sqrt{\frac{1}{x}}
1	4\cdot3\operatorname{\mathrm{sen}}\left(x\right)^2
1	\frac{9\ln^2\left(x\right)}{x}
1	\frac{x+4-(x+8)}{(x+4)^2}
1	\frac{6\left(2\ln\left(x\right)^{}\right)}{x}
1	(\frac{2x(x+9)-x^2)}{(x+9)^2}
1	\frac{\frac{6}{x}x^3-3x^26\ln\left(x\right)}{(x^3)^2}
1	\frac{18x}{9x^2 + 8}
1	\frac{(3x^2\cdot(x+7)-x^3\cdot1)}{(x+7)^2}
1	14x\cdot e^{x}+e^{x}\cdot7x^2
1	\frac{1}{x+7}-\frac{x+5}{\left(x+5\right)^2}
1	8\cdot\frac{\frac{1}{x}x^3-\ln\left(x\right)3x^2}{x^6}
1	x(2x\cdot x)
1	3x^2\cdot e^{7x}+x^3e^{7x}\cdot7
1	\frac{\operatorname{\mathrm{4\cdot sen}}\left(4\ln\left(x\right)\right)}{x}
1	-\frac{5}{(x+7)^2}
1	15x^4-12x^2+1
1	\frac{6(2x)}{2\sqrt{6x^2+4}}
1	3(\frac{\frac{1}{x}\cdot x-\ln\left(x\right)}{x^2})
1	8\cdot(-\operatorname{\mathrm{sen}}\left(x\right))
1	3\operatorname{\mathrm{sen}}\left(4\ln\left(x\right)\right)\cdot\frac{4}{x}
1	\frac{4x^2\cos\left(x\right)-8x\operatorname{\mathrm{sen}}\left(x)\right.}{x^4}
1	\frac{4(1-3\ln\left(x)\right)}{x^4}
1	5\cdot\left(3x+9\right)^4\cdot3
1	24x\ln\left(x\right)+8x^3\cdot\frac{1}{x}
1	\frac{9\cos\left(x\right)x^2-18x\ln\left(x\right)}{x^4}
1	\dfrac{x(x+14)}{(x+4)^{2}}
1	\frac{6e^{x}\cdot x^3-6e^{x}\cdot3x^2}{x^6}
1	3^{x}\operatorname{\mathrm{sen}}\ln\left(3\right)
1	\frac{2e^{x}x^2-4xe^{x}}{x^2^2}
1	24\operatorname{\mathrm{sen}}\left(x\right)^3\cdot\cos\left(x\right)
1	\frac{5}{x^3}-\frac{\ln\left(x\right)}{x^2}
1	\frac{8\cos\left(x\right)}{x^2}-2\frac{8\operatorname{\mathrm{sen}}\left(x\right)}{x^3}
1	\frac{x+2-x-6}{(x+2)^2}
1	4x+1
1	28x^3+9x^2
1	\frac{x^37\cos\left(x\right)-3x^27\operatorname{\mathrm{sen}}\left(x\right)}{x^6}
1	-2\operatorname{\mathrm{sen}}(4\ln\left(x\right))\cdot\frac{4}{x}
1	12xe^{x}^{}+6x^2e^{x}
1	\frac{-4}{\left(x+5\right)^2}
1	9x^3
1	12x^3+e^{x^{\placeholder{}}}
1	\frac12(3x^2+9)^{\frac{-1}{2}}\cdot(6x)
1	21x^2+2\cdot2\cdot2-4
1	\frac{(5x^2\cos\left(5x\right)-2x\operatorname{\mathrm{sen}}\left(5x\right))}{x^4}
1	4\cos\left(x\right)^3\cos\left(x\right)
1	2x\cdot(2x^2+5)^{-\frac12}
1	\frac12\frac{14x}{\sqrt{7x^2+2}}
1	\frac{13}{(x+9)^2}
1	\frac{4\cos\left(x\right)x^3-8x^2\operatorname{\mathrm{sen}}\left(x\right)}{x^6}
1	((x+7)-(x+1))\cdot(x+7)^{-2}
1	84x^2\cdot e^{x}+28x^3\cdot e^{x}
1	6(3x^2\operatorname{\mathrm{sen}}\left(x\right))+6x^3\cos\left(x\right)
1	\frac{4e^{x}x^2-4e^{x}2x}{x^{22}}
1	-\frac{24}{x^4}\operatorname{\mathrm{sen}}\left(x\right)+\frac{8\cos\left(x\right)}{x^3}
1	e^{x}\cos\left(x\right)+e^{x}\operatorname{\mathrm{sen}}\left(-x\right)
1	4^{x^{\placeholder{}}}\cdot\ln\left(x\right)
1	\operatorname{\mathrm{sen}}\left(4\ln\left(x\right)\right)\cdot\left(\frac{4}{x}\right)
1	(10x+5)e^{5x^2+5}
1	6e^{x}(1\cos\left(x\right)-\operatorname{\mathrm{sen}}\left(x\right))
1	33x^3+2
1	\frac12(3x^2+9)^{\frac{-1}{2}}6x
1	\frac{7x+2}{x}\cdot7
1	4x^3(x\cos(x) + 4\sin(x))
1	\operatorname{\mathrm{sen}}\left(3x+5\right)\cdot3
1	\frac{(-3)}{(x+3)^2}
1	\frac{2x(x+1)}{(x+1)^2}-\frac{(x^2)}{(x+1)^2}
1	\frac{2x^3\cos(x)-24x^2\sin(x)}{x^6}
1	e^{x}\cdot(32x^3+8x^{4)}
1	\left(x^2+6\right)2x
1	\frac{3(e^{x}x^3-3x^2e^{x})}{x^6}
1	\frac{3e^{x}x^3-9e^{x}x^2}{x^9}
1	18(6x+8)
1	7\cdot\frac{1}{\cos\left(x\right)^2}
1	\frac{5\left(2x\right)}{5x^2+3}
1	e^{5x}\left(2x+5x^2\right)
1	\frac{(9e^{x}x^2-18xe^{x})}{x^24}
1	\frac{e^{x}x^2-e^{x}\cdot x\cdot2}{x^4}
1	3\cdot e^{x}\cdot\operatorname{\mathrm{sen}}\left(x\right)+3e^{x}\cdot\cos\left(x\right)
1	\frac{4\cdot((e^{x}\cdot x)-(e^{x}))}{x^2}
1	4\sqrt{\frac{1}{x^{}}}
1	18x^2\operatorname{\mathrm{sen}}\left(x\right)+6x^3\operatorname{\cos}\left(x\right)
1	\frac{-3}{\left(x+4\right)^2}
1	\frac{1}{\ln\left(10\right)}\frac{1}{x}
1	4x^4\cos(x) + 16x^3\sen(x)
1	\frac{x-4}{x^2}
1	\frac{(((\frac{9}{x})x^2-2x(9\ln\left(x\right)))}{x^4}
1	\frac{(2x(x+8)-1)}{(x+8)^2}
1	\frac{1}{7x+5}\cdot7
1	(2\cdot2x\cdot1)e^{2x^2+x}
1	\frac{2x}{(x^2+6)}
1	4e^{2\operatorname{\mathrm{sen}}\left(x\right)}(2\cos\left(x\right))
1	\frac{2x\cdot\left(x+4\right)-x^2}{\left(x+4\right)^{2}}
1	21x2
1	4\ln\left(4\right)
1	2(e^{x}\operatorname{\mathrm{sen}}\left(x\right)+e^{x}\cos\left(x))\right.
1	\frac{(2x^3+6x^2)}{(x+6)^2}
1	\frac{(x+4)3x^2-x^3}{(x+4)^2}
1	e^{x}\cdot x^{-3}-3e^{x}x^{-2}
1	e^{2x^2+5x}(2(2x)+5)
1	\frac{(\operatorname{\mathrm{\cos\left(x\right)}}\cdot3x^3-\operatorname{\mathrm{sen}}\left(x\right)\cdot9x^2)}{x^6}
1	\frac{3x^2(x+8)+x^3}{(x+8)^2}
1	3x^2\operatorname{\mathrm{sen}}\left(x\right)+\cos\left(x\right)x^3
1	4x^39e^{9x}
1	6e^{x}\cdot x^2-12x^{-3}
1	\frac{8x^2-8\ln\left(x\right)3x^2}{x^6}
1	\frac{4\ln\left(x\right)^33}{x}
1	4x^3e^{4x}+4e^{4x}
1	\cos\left(x\right)\cdot4x^3
1	\frac{3\cos^2\left(x\right)-3\operatorname{\mathrm{sen}}^2\left(x\right)}{\cos^2\left(x\right)}
1	2(2x\ln\left(x\right)+x^{})
1	36xe^{x}+9x^4e^{x}
1	3x^2e^{4x}4x^3e^{4x}
1	14x\cdot e^{x}
1	\frac{x}{\ln3\left(x\right)}
1	\frac{\left(9e^{x}x^2-9e^{x}2x\right)}{x^{}4}
1	8\times^3
1	3x^2\cos\left(x\right)+x^3\operatorname{\mathrm{sen}}\left(x\right)
1	10x^4-4x+0
1	6x\sin(x) + 3x^2\cos(x)
1	\frac{(e^{x}x^{-3}-3e^{x}x^{-4})}{x^6}
1	3x^2e^{x}+9xe^{x}
1	-7\operatorname{\mathrm{sen}}\left(7x+1)\right.
1	6e^{x}x^{-2}^{}(x^{-1}-3)
1	\frac12\cdot(2x^2+2)^{-\frac12}\cdot4x
1	40x^{22}+6
1	6\cdot\frac{1}{2x}
1	\frac{2x\cdot\left(x+5\right)-x^2}{\left(x+5\right)^2}
1	((x+3)-(x+5))\cdot(x+3)^2
1	\frac{(-\cos\left(x\right)x-\operatorname{\mathrm{sen}}\left(x\right))}{\operatorname{\mathrm{sen}^2}\left(x\right)}
1	8(\frac{1}{2\sqrt{x}})
1	9(\frac{x-\ln\left(x\right)2x}{x^4})
1	4x2
1	12\cdot x+e^{x}
1	\frac{6e^{x}}{x^2}(x-1)
1	^{\frac{1}{x}}
1	-\frac{(16\operatorname{\mathrm{sen}}\left(4\ln\left(x\right)\right))}{x}
1	-\frac{25\sin(5\ln(x))}{x}
1	(6x^2+1)e^{x}
1	9x^2\cdot e^{x}+3x^3+e^{x}
1	\frac{4e^{x}x^3-4e^{x}\cdot3x^2}{x^6}
1	2(\cos\left(x\right)x^3-3x^2\operatorname{\mathrm{sen}}\left(x\right))
1	e^{2x^2+7x}\left(2\left(2x\right)+7\right)
1	\frac{\frac{7}{x}\cdot x^3-7\ln\left(x\cdot3x^2\right))}{x^{6}}
1	\frac{(7e^{x}x^3-3x^27e^{x})}{x^6}
1	4(\frac{\cos\left(x\right)x^2-(2x\cos\left(x\right))}{x^4})
1	3e^{x}\cos(x)-3e^{x}\sin(x)
1	e^{x^2+9x}\left(2x+9\right)
1	e^{5x^2+8x}(5\cdot2x+8)
1	\frac{4\cdot\frac{1}{x}\cdot x^2-4\ln\left(x\right)\cdot2x}{(x^2)^2}
1	2\left(5x+5\right)\cdot5
1	\frac{7e^{x}(7e^{x}^{}x-14e^{x})}{x^3}
1	\frac{5x-2x\cdot5\ln\left(x\right)}{x^4}
1	\frac{e^{x}x^3-24e^{x}x^2}{x^6}
1	x^3e^{x}+x^4e^{x}
1	-\frac{6\operatorname{\mathrm{en}}\left(3\ln\left(x\right)\right)}{x}
1	\frac{(\frac{7}{x}x-7\ln\left(x\right))}{x^2}
1	e^{x}(5x^4+20x^3)
1	\frac{9x^2-9\ln\left(x\right)3x^2}{3^6}
1	(4x+9)e^{4x^2+9x}
1	3x^2e^{x}+3^{2x^2}
1	8(\frac{e^{x}x^3-(3e^{x}x^2)}{x^6})
1	\frac{3\cos\left(x\right)}{x^3}-3\frac{3\operatorname{\mathrm{sen}}\left(x\right)}{x^4}
1	12x2+e^{x}
1	-8x^3+12x^2
1	4(4x+2)^34
1	\frac{\left(2x\cdot\left(x+2\right)-x^2\cdot\left(1\right)\right)}{\left(x+2\right)^2}
1	\frac{1}{x\ln\left.10\right)}
1	-\frac{1}{(x+4)^{2}}
1	27(9x+6)
1	-7x^8
1	5x^{2}(3\sin(x)+x\cos(x))
1	\frac{9\left(\cos\left(x\right)x-\operatorname{\mathrm{sen}}\left(x\right)\right)}{x^2}
1	3x^2\cdot\ln\left(x\right)+\frac{1}{x}\cdot x^3
1	9\cdot3x^{}\cdot e^{x}+9x^3\cdot e^{x}
1	-2\operatorname{\mathrm{sen}}\left(x\right)1
1	3\cdot\frac{1}{2\cdot\sqrt{x}}
1	\frac{5\cos\left(x\right)\cdot x^3-15\operatorname{\mathrm{sen}}\left(x\right)\cdot x^2}{x^6}
1	\frac{1}{3\cos\left(x\right)^2}
1	\frac{2x\cos\left(x\right)-2\operatorname{\mathrm{sen}}\left(x)\right.}{x}
1	\frac{5e^{x}x^3-5e^{x3x^2}}{x^6}
1	\frac{x^2-\ln\left(x\right)3x^2}{(x^3)^2}
1	9x^2-5x
1	-\frac{6\operatorname{\mathrm{sen}}\left(2\ln\left(x\right.\right)}{x}
1	-3\cdot\frac{1}{2x}
1	\frac{12x}{x^26+1}
1	\frac{7e^{x}\left(x^2-2x\right)}{x^2}
1	24x^3+e^{+}
1	10x^{4+8}
1	\frac{2}{2\ln\left.(x\right)}
1	2\cos(x) - 4\sin(x)
1	5\cos\left(x\right)3e^{5\operatorname{\mathrm{sen}}\left(x\right)}
1	\left(\sec\left(x\right)\right)^2
1	-\cdot\operatorname{\mathrm{sen}}\left(2x+9\right)\cdot2
1	2\cdot\frac{6\ln\left(x\right)}{x}
1	((x+9)-(x+2))\cdot\frac{1}{(x+9)^2}
1	\frac{(9e^{x}x^3-9e^{x}3x^2)}{x^6}
1	4x^2+2x
1	8e^{4\operatorname{\mathrm{sen}}\left(x)\right.}\cdot\cos\left(x\right)
1	7(\frac{x^2-\ln\left(x\right)2x^2}{x^6})
1	\frac{9\cdot\left(\left(e^{x}\cdot x\right)-\left(e^{x}\right)\right)}{x^2}
1	e^{x}.\left(18x+9x^2\right)
1	7\frac{\left(e^{x}x-e^{x}\right)}{x^2}
1	4x^3e^{x}+e^{x}12x^2
1	\frac{5x\left(1-2\ln\left(x\right)\right)}{x^4}
1	28x^3\operatorname{sen}(x) + 7x^4\cos(x)
1	(7\cdot5)x^4+6
1	\frac{\frac{7}{x}\cdot x^3-7\ln\left(x\right)\cdot3x^2}{(x^3)^2}
1	4e^{x^2}
1	\left(4x+7^4\ln\left(4x+7\right)\right)\cdot4
1	\frac{6\ln\left(x\right)\ln\left(x\right)}{x}
1	\frac{x+7-x-4}{\left(x+7\right)^2}
1	15x^2-4x+0
1	\frac{(1\cdot x+8-x+9\cdot1)}{(x+8)^2}
1	5\left(\frac{e^{x}x^2-e^{x}2x}{x○4}\right)
1	\frac{6x\cos(x) - 6\sen(x)}{x^2}
1	12x^{}+e^{x}
1	15x^2^{}+e^{x}
1	4\cdot\left(x^2+8\right)^3\cdot2x
1	\frac12(3x^2+3)^{-\frac12}\cdot6x
1	2^{x}\ln\left(a\right)
1	5^{x}\cdot\ln\left(x\right)
1	5(2xe^{x}+x^2e^{x})
1	\frac{(x^2+10)}{(x+5)^2}
1	15^{}x^2-12x
1	16x^3+9x
1	e^{x}\cdot(28x^3+7x^4)
1	3x^2^{}e^{5x}+5x^3e^{5x}
1	\frac{6e^{x}x-12e^{x}}{x^3}
1	(\frac{1}{x}\cdot x-\ln\left(x\right))x^2
1	8x^4
1	\frac{6-18\ln(x)}{x^4}
1	22x^2-10x
1	\frac{5}{x\cos\left(x\right)}
1	\frac{5\cdot\frac{1}{x}\cdot x-5\ln\left(x\right)\cdot1}{x^2}
1	13
1	\frac{5}{x^2+14x+49}
1	\frac{(4\cos\left(4x\right)x^2-\operatorname{\mathrm{2}\cdot x\cdot\mathrm{sen}}\left(4x\right))}{x^4}
1	\frac{27\ln^2\left(x\right)}{x}
1	10\cos^4\left(x\right)
1	\frac{}{x^2}
1	\frac12\cdot\frac{1}{\sqrt{3x^2+3}}\cdot6x
1	\frac{-x^2}{(x+6)^2}+\frac{2x}{x+6}
1	e^{5x+7}5
1	\frac82x^{-0.5}
1	9\cdot3x^2\cdot e^{x}+9x^3\cdot e^{x}
1	\frac{1}{8x+7}\cdot8
1	\frac{2x^3\cos\left(x\right)-3x^2\operatorname{\mathrm{sen}}\left(2x\right)}{x^6}
1	\frac82x^{-\frac12}
1	25(5x+7)^4
1	\frac{1}{4x+5}
1	\frac{\frac{2}{x}x^2-2x\ln\left(x\right)}{(x^2)^2}
1	\frac{\frac{2}{x}x-2\ln\left(x\right)(1)}{(x)^2}
1	2\left(x^2+1\right)\cdot2x
1	\frac{(\frac{5}{x}\cdot x^2-5\ln\left(x\right)\cdot2x)}{x^4}
1	32x^3-6x+5
1	\frac{\left(x+8\right)-\left(x+4\right)}{\left(x+8\right)^2}
1	\frac{5x^2-5\ln\left(x\right)2x}{(x^3)^2}
1	3x^2e^1
1	5e^x \cos(x) - 5e^x \text{ sen}(x)
1	8\cos\left(8x+2\right)
1	\frac{3(\cos\left(x\right)\cdot x^2-\operatorname{\mathrm{sen}}\left(x\right)\cdot2x)}{x^4}
1	x^4+5
1	\frac{1\cdot x+9-x+8\cdot1}{(x+9)^2}
1	4\operatorname{\mathrm{sen}}\left(x\right)+2x^2\cos\left(x\right)
1	\frac{x^34e^{x}-12x^2e^{x}}{x^6}
1	29x^4-6x^2
1	2(5x+8)\cdot5
1	\frac{(6x^2)-(6\cdot\ln\left(x\right)\cdot3x^2)}{x^6}
1	-5\cdot\operatorname{\mathrm{sen}}\left(5x+9\right)
1	\frac{3e^{x}\left(x^2-2x\right)}{x^4}
1	\frac{3\cos\left(3x\right)\cdot x^3-\operatorname{\mathrm{sen}}\left(3x\right)3x^2}{x^6}
1	\frac{7x^2\cos(x) - 14x\operatorname{sen}(x)}{x^4}
1	\frac{1}{8x+2}
1	8\cos\left(8x\right)\cdot\frac{1}{x^2}+\operatorname{\mathrm{sen}}\left(8x\right)\cdot\frac{-1}{2x^3}
1	\frac{3}{\sqrt{4x}}
1	8\cdot(-1)x^{-2}
1	2x^{-1}
1	12x^2-16
1	-9\operatorname{\mathrm{sen}}\left(9x+4\right)
1	\frac{9(4\ln\left(x\right)^3)4}{x}
1	8-\operatorname{\mathrm{sen}}\left(x\right)
1	\frac{4}{\sqrt8}
1	\frac{1\cdot}{\placeholder{}}
1	-\frac{2}{\left(x+3\right)^2}
1	16(4x+4)^3
1	12(x^3+4)^3\cdot x^2
1	-\frac{7}{x^{2}}
1	l
1	14\operatorname{\mathrm{sen}}\left(x\right)^3\cdot\cos\left(x\right)
1	3e^{x}\cdot\cos\left(x\right)+3e^{x}(-\operatorname{\mathrm{sen}}\left(x\right))
1	\frac{\frac{9}{x}x^3-9\ln\left(x\right)x^3}{x^6}
1	4cos\left(x\right)e^{4sen\left(x\right)}
1	e^{x}\operatorname{\mathrm{sen}}\left(x\right)e^{x}+\cos\left(x\right)
1	e^{x}+9\cdot e^{\placeholder{}}
1	7x^{2}(3\sen(x)+x\cos(x))
1	\frac{8\left(\cos\left(x\right)x^3-\operatorname{\mathrm{sen}}\left(x\right)3x^2\right)}{x^6}
1	\frac{\cos\left(x\right)x^3-3x^2\operatorname{\mathrm{sen}}\left(x\right)}{(x^3)^2}
1	\frac{3x^3+3x^2-x^4}{(x+1)^2}
1	9e^x(\cos(x)-\sin(x))
1	3\cdot(-\operatorname{\mathrm{sen}}\left(3x+8\right))
1	18x^2-10x+0
1	\frac{3(e^{x}\cdot x-e^{x})}{x^2}
1	8x^3-21x^2+0
1	8\cdot\frac{1}{2\cdot\sqrt{x}}
1	45x^2+9
1	2\cos\left(x\right)-\operatorname{\mathrm{sen}}\left(x\right)6
1	\frac{4\cos\left(x\right)\cdot x^3-12\operatorname{\mathrm{sen}}\left(x\right)\cdot x^2}{x^6}
1	\frac{16(\ln\left(x\right))^3}{x}
1	6e^2
1	8x^2(4\ln\left(x\right)+x^{})
1	\frac{\cos\left(8x\right)x^3-\operatorname{\mathrm{sen}}\left(8x\right)3x^2}{x^6}
1	3\left(7x+3\right)^2\cdot7
1	\frac{2-8}{(x+2)^2}
1	5^{x-1}
1	-\frac{2x}{\sqrt{x^2+5}}
1	18(\ln\left(x\right)^2\cdot\frac{6}{x}
1	\frac{24(\ln\left(x\right))^3}{x}
1	\frac{5}{\left(x+6\right)^2}
1	\frac{(x+3)2x-x^2}{(x+3)^2}
1	12xx+5
1	\frac{1}{8x+4}\cdot8
1	4x^{}+e^{x}
1	-4\operatorname{\mathrm{sen}}\left(3\cdot\ln\left(x\right)\right)\cdot\frac{3}{x}
1	\frac{0\cdot x-8\cdot1}{x^2}
1	27x^2\ln\left(x\right)+9x^3
1	(2x\cdot\ln\left(x\right))+(x^2\cdot\frac{1}{x})
1	\frac{5\sqrt{x}}{2x}
1	30(\operatorname{\mathrm{sen}}\left(x\right))^4\cos\left(x\right)
1	6\cos(x)e^{2\operatorname{\mathrm{sen}}\left(x\right)}
1	16xe^{x}+e^{x}4x^4
1	0+8\cdot\frac{1}{2\sqrt{x}}
1	3x\left(2\ln(x) + 1\right)
1	\frac{1}{2x+5}\cdot2
1	4\cos\left(x\right)-4\operatorname{\mathrm{sen}}\left(\operatorname{\mathrm{sen}}\left(\placeholder{}\right)\right)
1	\frac{3\left(1 - 2\ln(x)\right)}{x^{3}}
1	14\cdot xe^{x}+7x^2e^{x}
1	-2\cos\left(x\right)+6\operatorname{\mathrm{sen}}\left(x\right)
1	4(3x^2\operatorname{\mathrm{sen}}\left(x\right)+x^3\cos\left(x\right))
1	\frac{7(x^2-\ln\left(x\right)3x^2)}{x^3}
1	x\ln3
1	\frac{1}{x}\ln\left((e^{\placeholder{}}\right)
1	\frac{3e^{x}+3e^{x}\cdot x}{x^2}
1	0\cdot1+9
1	35x^4-9x
1	\frac12(6x^2+8)^{\frac{-1}{2}}12x
1	\frac{7(x^2-\ln(x)\cdot3x^2)}{x^6}
1	\frac{\frac{5}{x}x-1(5\ln\left(x\right))}{x^2}
1	e^{5x^23x}\cdot(10x+3)
1	\frac{8x\cos(x)-16\sin(x)}{x^{4}}
1	\frac{x+7-(x+9)}{(x+7)^2}
1	32x3+3
1	2xe^{7x}+7^{}x^2e^{7x}
1	\frac{6x^2\cos(x) - 12x\operatorname{sen}(x)}{x^4}
1	\frac{2e^{x}\left(x-1\right)}{x^2}
1	-\frac{5}{x^{-2}}
1	\frac{(8e^{x}\cdot x-8e^{x})}{2}
1	9\cos\left(x\right)4\operatorname{\mathrm{sen}}^3(x)
1	6(e^{x}\cos\left(x\right)+e^{x}\cdot-\operatorname{\mathrm{sen}}\left(x\right))
1	2\left(\frac{x-\ln\left(x\right)2x}{x^4}\right)
1	2x^{-x}
1	(12x^3\cdot e^{x})^2
1	\frac{\left(9e^{x}x^2-9e^{x}2x\right)}{x^2}
1	18\cos^2\left(x\right)
1	3\left(2\operatorname{\mathrm{sen}}\left(x\right)\right)\cos\left(x\right)
1	18x^4-12x
1	16x^2e^{x}+4x^4e^{x}
1	28x^2+4
1	\frac{\left(2\right)}{\left(x+4\right)^2}
1	7e^{x}\left(\cos(x) - \sin(x)\right)
1	10(2x^5+2x)2
1	\frac{2\cos\left(x\right)x^3+6x^2\operatorname{\mathrm{sen}}\left(x\right)}{x^6}
1	\frac{12\ln^{3}(x)}{x}
1	3(-x^{(-2)})
1	12\ln\left(x\right)^2\cdot\frac{4}{x}
1	\frac{1}{2\sqrt{2x^2+2}}
1	18x^2\ln\left(x\right)+\frac{6^3}{x}
1	\frac{4\cos\left(x\right)x^2-8\cos\left(x\right)x}{x^4}
1	\frac{-(x^3)+3x^2(x+4)}{(x+4)^2}
1	\frac{8}{x}(\ln\left(x\right)e^3
1	6x^2e^{x}+2x^3e^{^{x}}
1	3,5x^{-\frac12}
1	\frac12(8x^2+2)^{-\frac12}\cdot(8\cdot2x)
1	1e^{\placeholder{}}
1	\frac{1}{x}\cdot\ln\left(2\right)e
1	\cos\left(5x+8\right)5
1	\cos\left(2x+6\right)2
1	\frac{1}{x}4\cdot2\ln\left(x\right)
1	\frac{2x^3+18x^2}{x^2+18x+81}
1	4(4x+6)^3\cdot(4
1	\frac12\cdot(5x^2+5)^{-\frac12}\cdot10x
1	4e^{x}x^{-2}-8e^{x}x^{-3}
1	\frac{2x^39x^2}{(x+3)^2}
1	\frac{2(x\cos(x) - 3\sin(x))}{x^4}
1	e^{x}+5\cdot e^{x}
1	3x^2\operatorname{\mathrm{sen}}\left(x\right)+x^3\cos\left(\placeholder{}\right)
1	12x^{3+6}
1	\frac{(0x-3)}{x^2}
1	2x2(x^2+4)
1	\frac52\frac{}{\sqrt{x}}
1	3(2x^2\operatorname{\mathrm{sen}}\left(x\right)+x^2\cos\left(x\right))
1	\frac{16x}{2\sqrt{(8x^2+9)}}
1	21^2+7
1	28x^3-16x+0
1	6(e^{x}\cdot\operatorname{\mathrm{sen}}\left(x\right)+e^{x}\cdot\cos\left(x\right))
1	64x^3e^{x}+8x^4e^{x}
1	\frac{2x^3+9x^2}{(x+3)^{2}}
1	6x^4\ln\left(x\right)+24x^2
1	\frac72((x)^{\frac{-1}{2}})
1	\frac{7e^{x}}{x^2}+7e^{x}(-2x^{-3})
1	\frac{\left(8e^{x}x^2-16e^{x}\right)}{x^{34}}
1	\frac{5\cdot\left(e^{x}\cdot x^3\right)-\left(e^{x}\cdot3x^2\right)}{x^6}
1	\frac{\frac{2}{x}\cdot x^2-2\cdot\ln\left(x\right)\cdot2x}{x^4}
1	-36x^3+15x^2
1	8\cdot e^{8x+2}
1	9(\frac{\cos\left(x\right))(x)}{x^2}-\frac{\operatorname{\mathrm{sen}}\left(x\right)}{x^2})
1	\frac{1}{(x+6)^2}((x+6)-(x+4))
1	-\frac12(x^{-1.5})
1	2xe^{6x} + 6x^2 e^{6x}
1	\frac{1}{2x+7}\cdot2
1	5\cdot\frac{2x}{5x^2+1}
1	8e^x\operatorname{sen}(x) + 8e^x\cos(x)
1	\frac{3}{x^3}-2\frac{3\ln\left(x\right)}{x^3}
1	25x^4-12x
1	7\ln\left(x\right)2x-\frac{7}{x}x^2
1	\frac32x^{-\frac12^{}}
1	\frac{(x+6)2x-x^2(x+6)}{(x+6)^2}
1	(\frac{7e^{x}x^3-21e^{x}x^2)}{x^9}
1	2\cdot(9x+4)\cdot9
1	\frac{5e^{x}-5e^{x}2x}{x^2}
1	\frac{1}{\ln\left(5\right)\cdot x}
1	-x^{-1}
1	\frac{-4}{\left(x+6\right)^2}
1	9\cos(x)e^{3\sin(x)}
1	-3\cdot\frac{\operatorname{\mathrm{sen}}\left(3\ln\left(x\right)\right)}{x}
1	\frac{3x}{x^4}-\frac{6\ln\left(x\right)}{x^3}
1	6e^{\placeholder{}}
1	3\cdot9x^2\cdot e^{x}+9x^3e^{x}
1	8x(\sqrt{8x^2+9})^{-1}
1	\left(2+x\right)5xe^{x}
1	\frac{3x^2(x+9)-x^3}{x+9}
1	\frac{6\cos\left(x\right)x-\operatorname{\mathrm{sen}}\left(x\right)}{x^2}
1	4\ln\frac{\left(x\right)^3}{x}
1	32x^3e^{x^{\placeholder{}}}
1	7x\cdot\ln\left(7^{x}\right)
1	20x^{3}-6x^{2}
1	\frac{\cos\left(2x\right)\cdot2\cdot x+\operatorname{\mathrm{sen}}\left(2x\right)}{x^2}
1	24x^3=5
1	-\frac{1}{x^2+10x+25}
1	\cos\left(x\right)4\operatorname{\cdot2\operatorname{\mathrm{sen}}^{}\left(x\right)}
1	15x^4-27x^2\rbrace
1	-e^{x}(\operatorname{\mathrm{sen}}\left(x\right)-\cos\left(x\right))
1	-\operatorname{\mathrm{sen}}\left(3x+3\right)\cdot3
1	\frac{\frac{1}{x}\cdot x^2-\ln\left(x\right)\cdot2x}{x^{2^2}}
1	10x\ln\left(x\right)+x
1	4(x^2+5)^3\cdot2x
1	8\cos\left(x\right)\operatorname{\mathrm{sen}}^3\left(x\right)
1	\frac{\frac{8}{x}\cdot x-8\ln x}{x^2}
1	\frac{7\cos\left(x\right)-7\operatorname{\mathrm{sen}}\left(x\right)}{x^2}
1	\frac{9x\cos(x) - 18\sin(x)}{x^{3}}
1	\frac{7\left(2x\right)}{7x^2+1}
1	\frac{8\cdot\cos\left(x\right)\cdot x^3-3x^2\cdot\operatorname{\mathrm{sen}}\left(x\right)}{x^6}
1	24\left(\operatorname{\mathrm{sen}}\left(x\right)\right)^2\cos\left(x\right)
1	\frac{3x}{x^2+6x+9}
1	\frac{5}{-x^2}
1	\frac{1}{4x^2+7}8x
1	4e^{5\operatorname{\mathrm{sen}}\left(x\right)}
1	\frac{24x^2e^{x}+8x^3e^{x}}{2e^{x}}
1	\frac{2e^{x}\cdot x^2-(2e^{x}\cdot2x)}{x^4}
1	\frac{2\cdot((e^{x}\cdot x^2)-(e^{x}\cdot2x))}{x^4}
1	24x^3+e^{\frac{x}{\placeholder{}}}
1	\left(2x+4\right)e^{x^{2}+4x}
1	5\cdot\ln\left(x\right)
1	\frac{2x^3+15x^2)}{(x+5)^2}
1	x^3(4\cdot\ln\left(x\right)-1)
1	3^{x}x
1	\operatorname{\mathrm{sen}}\left(3x+7\right)\cdot3
1	2\cdot\frac{(x^2-3x^2\ln\left(x\right))}{x^6}
1	\frac{\cos\left(7x\right)7x^2-\operatorname{\mathrm{sen}}\left(7x\right)2x}{x^2}
1	\frac{(x+6-x-5)}{(x+6)^2}
1	18(6x+3)^2
1	\dfrac{2}{\cos^{2}(x)}
1	4e^{x}\left(\cos(x) - \sin(x)\right)
1	\frac{6x^2 - 18x^2\ln(x)}{x^6}
1	-2^{}x^{-2}
1	\frac{\left(\left(x+4\right)-\left(x+9\right)\right)}{\left(x+4\right)^2}
1	\operatorname{\mathrm{sen}}\left(9x+3\right)9
1	3\cos(x)-2\operatorname{sen}(x)
1	\frac{8}{x+1)^2}
1	3x^2e^{x}+x^{3e^{x}}
1	\frac{x^{3+1}}{x}+4x^3\ln\left(x\right)
1	x^2+3
1	\frac{9\cos\left(9x\right)}{x^2}-\frac{2\operatorname{\mathrm{sen}}\left(9x\right)}{x^3}
1	\frac{\ln\left(5\right)^{^{-1}}}{x}
1	2^{x-1}
1	9x^2\cdot(x^3+6)^2
1	5^{x}ln\left(5\right)
1	6x(e^{x})+2x^3(e^{x})
1	25x^{4^{}}+2
1	\frac{1.5}{\sqrt{x}}
1	3x^2e^{9x}+x^3e^{9x}
1	-\operatorname{3\mathrm{sen}}\left(3x+6\right)
1	2(6x+4)\cdot6
1	\frac{2e^{x}x^3-2e^{x}x3}{x^6}
1	\frac{(2x+21)x^2}{(x+7)^2}
1	\frac{x+6-(x+4)}{(x+6)^2}
1	(-\cos\left(6x+2)\right.)\cdot(6)
1	18x\ln\left(x\right)+9x^2\cdot\frac{1}{x}
1	\frac{(-3x^2\ln\left(x\right)+x^2)}{x^6}
1	\frac52(x)-\frac12
1	\frac{8\cdot((e^{x}\cdot x^2)-(e^{x}\cdot2x))}{x^4}
1	\frac{(4e^{x}x^2-2e^{x}x)}{x^4}
1	\frac{3\cos\left(3x\right)\cdot(x^3)-\operatorname{\mathrm{sen}}\left(3x)\right)\cdot(3x^2)}{x^6}
1	(\frac{3x^2(x+7)-x^3)}{(x+7)^2}
1	\frac{\cos\left(x\right)x^3-\operatorname{\mathrm{sen}}\left(x\right)x^23}{x^6}
1	7e^{x}(\cos(x) - \sin(x))
1	\frac27x^{\frac12}
1	\frac{16x}{2\sqrt{(8x^2+9})}
1	\frac{e^{x}\left(x+1\right)}{x^2}
1	\frac{1}{(x\ln\left.10\right)}
1	4^{x}\ln\left(a\right)
1	\frac{1}{2\sqrt{4x2+2}}8x
1	2(8x+7)\cdot8
1	\frac{1}{x}\ln5e^{\placeholder{}}
1	\frac{1(x+6)-(x+7)1}{(x+6)^2}
1	-\frac{4\operatorname{\mathrm{sen}}\left(5\ln\left(x\right)\right)}{x}5
1	5\frac12x^{-\frac12}
1	-7\operatorname{\mathrm{sen}}\left(7x+2\right)
1	\frac{x+6-(x+5)}{(x+6)^2}
1	5\operatorname{\mathrm{sen}}\left(x\right)-4\operatorname{\mathrm{sen}}\left(x\right)
1	-\operatorname{\mathrm{sen}}\left(6x+9\right)\cdot6
1	\frac{7}{\left(x+9\right)^2}
1	\frac{2\left(2x\right)}{2x^2+2}
1	5x^{-2}(-\ln\left(x\right))
1	e^{3x+7}
1	6(3x^2\ln\left(x\right)+x^3x^{-1})
1	\frac{1}{\ln\left(3\right)}\frac{1}{x}
1	8\cos\left(8x+9\right)
1	\frac{1}{7x+6}
1	-5x
1	3\ln x
1	\log_{x}
1	4e^{x}(\operatorname{\mathrm{sen}}\left(x\right)\cos\left(x\right))
1	7x^{3}\left(x\cos(x) + 4\sin(x)\right)
1	\frac{3(x^2-\ln\left(x\right)3x^2)}{(x^3)^2}
1	\frac{(2e^{x}x^3-2e^{x}3x^2)}{x^{3^2}}
1	\frac{5\left(\cos\left(x\right)x-\operatorname{\mathrm{sen}}x\right)}{x^2}
1	\ln\left(\frac{1}{5x}\right)^{}
1	\frac{7\cos\left(x\right)}{\placeholder{}}
1	6\cdot\frac{1}{(\cos\left(x\right))^2}
1	\frac{2\cos\left(x\right)x^3-2\operatorname{\mathrm{sen}}\left(x\right)2x^2}{x^6}
1	9e^{x}(-\frac{3}{x^4}+x^3)
1	8\sqrt{x}
1	\frac{9}{x^3}-\frac{27\ln\left(x\right)}{x^3}
1	30(6x+6)^4
1	\frac{1}{x}3\operatorname{\mathrm{sen}}\left(3\ln\left(x\right)\right)
1	5\cdot\frac12\cdot\frac{1}{\sqrt{x}^{}}
1	10x^4-24x^2
1	3^{x}\cdot\ln\left(3\right)\cdot1
1	\frac{4\left(1-\ln\left(x\right)\right)}{x^2}
1	\frac{\left(\cos\left(x\right)x^2-\operatorname{\mathrm{sen}}\left(x\right)2x\right)}{x^4}
1	\frac{7(2x)}{7x^2+2}
1	15x^3+3
1	\frac{8e^{x}}{x^2}-2\cdot\frac{8e^{x}}{x^3}
1	4x^{3}\sin(x) + x^{4}\cos(x)
1	\frac{\frac{1}{x}-\ln\left(x\right)\cdot2x}{x^4}
1	\frac{7\operatorname{\mathrm{sen}}\left(7x\right)x-\operatorname{\mathrm{sen}}\left(7x\right)}{x^2}
1	-\operatorname{9\mathrm{sen}}\left(x\right)
1	\frac12\cdot(4x^2+6)^{-\frac12}\cdot8x
1	\frac{(\frac{8x^3}{x}-8\ln\left(x\right)\cdot3x^2)}{(x^3)^2}
1	\frac{1}{2\sqrt{5x^2+3}}5\cdot2x
1	e^{5x^2+5x}\left(10x+5\right)
1	8e^{x}\cdot\cos\left(x\right)-8e^{x}\cdot\operatorname{\mathrm{sen}}\left(x)\right.
1	1-x\cdot x
1	9x^2\cdot\frac{1}{x}
1	\left(10x+2\right)e^{5x^2+2x}
1	-\operatorname{\mathrm{sen}}\left(5\ln\left(x\right)\right)\cdot(\frac{5}{x})
1	e^{5x^2+6x}(5(2x)+6)
1	9x^{32}
1	\cos\left(7x+8\right)\cdot7
1	6x^2+e^{x\rbrace}
1	9x^2+0
1	\frac{(4\cos\left(4x\right)x^3-3x^2\operatorname{\mathrm{sen}}\left(4x\right))}{x^6}
1	\frac{x^{}4-8x\ln\left(x\right)}{x^4}
1	20x^3e^{x}+5x^{x}e^{x}
1	27x^2 - 8x
1	27x-18x
1	e^{4x}(4x^4+4x^3)
1	e^{9^{x+8}}\cdot e^9
1	\frac{\frac{5}{x}x^3-15x^2\ln x}{x^6}
1	\frac{3\cos\left(x\right)\cdot(x^2)-(3\operatorname{\mathrm{sen}}\left(x\right))\cdot(2x)}{x^4}
1	e^{3x^2+3x}\left(6x+3\right)
1	\frac{(x^2+12x)}{x^4}
1	\frac{1}{x\ln\left(9\right)}
1	\frac{6x}{3x^{3+3}}
1	3e^x\cos(x) - 3e^x\operatorname{sen}(x)
1	\frac{5e^{x}\cdot x-5e^{x}\cdot1)}{1}
1	\ln\left(7)\cdot7^{x}\right.
1	\frac{x+1-x-2}{(x+1)^2}
1	24x^2e^{8x}
1	3\cos\left(x\right)e^{3\operatorname{\mathrm{sen}}\left(\placeholder{}\right)}
1	\ln\left(7\right)7○4x
1	6x^2\operatorname{sen}(x) + 2x^3\cos(x)
1	-\frac{3}{x^{^2}}
1	-21x^2
1	\frac{1}{9x^2+2}
1	5\cos(x)\,e^{5\operatorname{sen}(x)}
1	6x^2e^{6x}+2xe^{6x}
1	8x^4\cos(x)+32x^3\operatorname{sen}(x)
1	\frac{\left(2x\cdot\left(x+2)-x^2\right)\right)}{\left(x+2\right)^2}
1	\frac{1}{x^4}-\frac{\ln\left(x\right)}{x^4}
1	3(\frac{e^{x}}{x^3}+\frac{e^{x}}{3x^2})
1	3^{x}\ln\left(3x\right)
1	4x^3\cdot e^{8x}+x^4\cdot e^{8x}
1	\frac{(9\operatorname{\mathrm{\cos\left(x\right)}}x^3-9\operatorname{\mathrm{sen}}\left(x\right)3x^2)}{x^6}
1	7(e^{x}\cdot x^2+
1	18x.e^{x}+9x^2\cdot e^{x}
1	\left(0\cdot\operatorname{\mathrm{sen}}\left(x\right)+2\operatorname{\cos}\left(x\right)\right)+\left(0\cdot\cos\left(x\right)+4\cdot\left(-\operatorname{\mathrm{sen}}\left(x\right)\right)\right)
1	\frac{(-\frac{\ln\left(2\right)}{x})}{(\ln\left(2\right))^2}
1	e^{x}32x^3+e^{x}8x^4
1	\frac{(2x^2+2x)-x^2}{(x+1)^2}
1	35(7x+3)^4
1	30(6x+2)^4
1	\frac{(6x\ln\left(3x^2+5\right))}{3x^2+5}
1	-8\cdot\frac{1}{2x^2}
1	\frac{8(x\cos(x)-3\sin(x))}{x^{4}}
1	3(6x+4)^2\cdot6
1	\frac{15x^2\cdot e^{x}+5x^3\cdot e^{x}}{e^{x}}
1	\frac{7(2x)}{2\sqrt{7x^2+5}}
1	6-x
1	4(1+(\tan\left(x\right))^2)
1	\frac{8e^{x}\cdot x^2-2x8e^{x}}{x^4}
1	3x^2+x^3
1	\frac{7}{2\cdot\sqrt{x}}
1	\frac{4x}{\sqrt{2x+1}}
1	\frac{(9x^2\cos\left(x\right)-18x\operatorname{\mathrm{sen}}\left(x\right))}{x^4}
1	\frac{4\cos\left(x\right)-\operatorname{4\mathrm{sen}}\left(x\right)}{x^{}}
1	6\cdot2\cdot\ln\left(x\right)\cdot\frac{1}{x}
1	e^{5x+4}\cdot x
1	5x\wedge4
1	32x^{3+5}
1	2\left(x+3\right)e^{x^2+6x}
1	2xe^{9x}-x^2e^{9x}9
1	\frac{1(x+6)-(x+2)\cdot1}{(x+6)^2}
1	\frac12x\left\lbrace\frac{^1}{2}\right\rbrace
1	30x^4-5x^2+0
1	xe^{5x}(2+5x)
1	e^{7x+4}7
1	\frac{3\cdot\cos\left(x\right)\cdot x^2-3\cdot\operatorname{\mathrm{sen}}\left(x\right)\cdot2x}{x^4}
1	\frac{6}{(6x+7)}
1	\frac{x^{-2}}{x}-2\ln\left(x\right)x^{-3}
1	16x^3\ln\left(x\right)+\frac{4x^41}{x}
1	\frac{(\frac{1}{x})\cdot(x)-\ln\left(x\right)\cdot(1)}{x^2}
1	-\frac{3}{2\sqrt2}
1	4(x)^{\frac12}(1)
1	2,5\cdot x^{-\frac12}
1	\frac{\frac{6}{x}\cdot x^3-6\ln\left(x\right)\cdot3x^2}{x^6}
1	3\cdot\left(\left(\left(e^{x}\cdot\cos\left(x\right)\right)-\left(e^{x}\cdot-\operatorname{\mathrm{sen}}\left(x\right)\right)\right)\right)
1	\frac{(9e^{x}x^3-27e^{x}x^2)}{x^6}
1	3\left(8x+9\right)^28
1	\frac{x^22x-x^23x}{(x+2)^2}
1	6e^6
1	x^2e^{9x}(3+9x)
1	9x^2\ln\left(x\right)+\frac{3^{^{}}x^3}{x}
1	(32x\operatorname{\mathrm{sen}}\left(x\right)+x^2\cos\left(x\right))
1	\frac{\left(9x^2\ln\left(x\right)-3x^2\right)}{x^6}
1	\frac12(9x^2+2)^{\frac{-1}{2}}18x
1	44x^4
1	3(9x+5)^29
1	\frac12\frac{12x}{\sqrt{6x^2+2}}
1	2(\frac{\cos\left(x\right)x^3-(\operatorname{\mathrm{sen}}\left(x\right)3x^2)}{x^6})
1	\frac{1}{\left(x+3\right)^{2}}
1	\frac{3x^{2}\cdot\left(x+8\right)-x^{3}}{\left(x+8\right)^{2}}
1	5\cdot\left(7x+3\right)^4\cdot7
1	36x^3e^{x}+8x^4e^{x}
1	8(e^{x}\operatorname{\mathrm{sen}}\left(x\right)+\cos\left(x\right)e^{x})
1	(3x^2-3\ln\left(x\right)2x^2)x^6
1	\frac{\left(\frac{5}{x}\cdot1-5\ln x\cdot1\right)}{1^{}}
1	9e^{x}(\sin(x) + \cos(x))
1	24x^3\ln\left(x\right)+\frac{8x^3}{x}
1	8x\operatorname{\mathrm{sen}}\left(x\right)+4x^2\operatorname{\mathrm{sen}}\left(x\right)
1	5(5x+7)^4\cdot5
1	-\operatorname{\mathrm{sen}}\left(5x+9\right)\cdot5
1	\frac{x\cdot0-2\cdot1}{x^2}
1	(2x^33x^2
1	2\cdot\left(x^2+4\right)\cdot2x
1	\frac{9(\cos\left(x\right)x^2-2x\operatorname{\mathrm{sen}}\left(x\right))}{x^4}
1	2e^{x}\left(\cos(x) - \sin(x)\right)
1	2\left(x^3+1\right)\cdot3x^2
1	\frac{0\cdot x-2\cdot1}{x^2}
1	2\cdot\operatorname{\mathrm{sen}}\left(4\ln\left(x\right)\right)\cdot\frac{4}{x}
1	8\left(2x\ln\left(x\right)+x\right)
1	4\cdot\cos\left(x\right)+4\cdot-\operatorname{\mathrm{sen}}\left(x\right)
1	\frac{8}{1\cdot\sqrt{x}}
1	4x+7^4\ln\left(4x+7\right)
1	2x^{x}
1	\frac{\left(3x^{2}\cdot\left(x+2\right)\right)-\left(x^{3}\right)}{\left(x+2\right)^2}
1	\frac12(3x^2+9)^{\frac{-1}{2}}\cdot(3x)
1	\frac{8x1}{x}
1	\frac{2\cos\left(2x\right)-3x^2\operatorname{\mathrm{sen}}\left(2x\right)}{x^6}
1	-\frac{6\ln\left(3\ln\left(x\right)\right)}{x}
1	25\cdot x^4-20\cdot x^3
1	e^{x}\cos\left(x\right)+e^{x}\cdot-\operatorname{\mathrm{sen}}\left(x\right)
1	\frac{-3}{(x+1)^{\placeholder{}}}
1	\frac{3x^2\cos(x)-6x\sen(x)}{x^4}
1	\frac{5(\frac{1}{x}\cdot x^3-\ln\left(x\right)\cdot3x^2)}{(x^3)^2}
1	\frac{2x^3+3x^2-x^4}{(x+1)^2}
1	(6x+1)e^{3x^2+x}
1	2\left(\frac{x^2-\ln\left(x\right)3x^2}{x^{36}}\right)
1	30x+2
1	4\cos\left(x\right)-6\operatorname{\mathrm{sen}}\left(x)\right.
1	10^{x}\ln\left(1\right)
1	\frac{(8e^{x}\cdot x-8e^{x}\cdot1)}{2}
1	6\cos\left(x\right).1
1	15x4-24x^3
1	9+5
1	\frac{2(x\cos\left(x\right)-2\operatorname{\mathrm{sen}}\left(x\right))}{x^3}
1	9\cdot3x^2\cdot\operatorname{\mathrm{sen}}\left(x\right)+9\cdot x^3\cdot\cos\left(x\right)
1	6\cos\left(x\right)-6\operatorname{\mathrm{sen}}\left(-\right)
1	\frac{1}{2\sqrt{2x^2+5}}\cdot4x
1	3x^2e^{2x}+x^3e^{2x}\cdot2
1	\frac{9x^4}{x}+36x\ln\left(x\right)
1	\frac{3x^2(x+4)+x^3}{(x+4)^2}
1	12x+e^{X}
1	3e^{x}\cos x+3e^{x}\operatorname{\mathrm{sen}}x
1	-\frac{2}{x^2+4x+4}
1	\frac{8(e^{x}x-e^{x)}}{x^2}
1	4x\cdot\ln\left(x\right)+2x
1	2e^{6x+3}
1	-\frac{14}{x^3}
1	x\cdot3^{x}\cdot\ln\left(3\right)
1	36x^3\cdot\operatorname{\mathrm{sen}}\left(x\right)+9x4\cdot\cos\left(x\right)
1	\frac{(3x^2\cdot(x+7))-(x^3)}{(x+7)^2}
1	\frac{6e^{x}x^2-12e^{x}x}{xe^4}
1	e^{x}(\cos\left(x\right)-\operatorname{\mathrm{sen}}\left(x\right)
1	16x\ln\left(x\right)+\frac{8x2}{x}
1	4\cos\left(x\right)\operatorname{\mathrm{sen}}\left(x\right)
1	e^{2x^2+3x}\cdot(4x+3)
1	\frac{5x^2\cos(x) - 10x\sen(x)}{x^4}
1	\frac{3x^2(x+8)-(x^3)}{(x+8)^2}
1	2\operatorname{\mathrm{sen}}\left(x\right)\cos\left(\placeholder{}\right)
1	\frac{(3e^{x}x^3-9x^2e^{x})}{x^6}
1	24x^2e^{x}+8^3e^{x}
1	\frac{2x(x+3)^{}+x^2}{(x+3)^2}
1	\frac{e^{x}\left(4x^3-12x^2\right)}{x^6}
1	\frac{8e^{x}x^2-8e^{x}2x}{x^2}
1	6e^{x}\cdot x^{-2}-12x^{-3}\cdot e^{x}
1	8\cdot3x^2-4x
1	(x^2+6x-(x^2+3x)\cdot\frac{1}{(x+6)^2}
1	\frac{8e^{x}}{x^2}(x-1)
1	\frac{\left(3x^3-3\ln\left(x\right)3x^2\right)}{x^6}
1	\left(6x+8\right)\cdot e^{3x^2+8x}
1	(32x^3+8x^4)e^{x}
1	9\cdot\frac{\frac{1}{x}x^2-\ln\left(x\right)2x}{x^4}
1	\frac{4(1-3\ln(x))}{x^{4}}
1	\frac{8x\cos(x)-8\sin(x)}{x^{2}}
1	e^{8x+7}8
1	\frac{(x^2+6x)}{(x+6)^2}
1	\frac{1}{x2}
1	\frac{1}{2x^2+4}\cdot4x
1	29x
1	\ln\left(4\right)\cdot4^{x}
1	24x^3\ln\left(x\right)+6x^4(\frac{1}{x})
1	e^3
1	\frac{3x^2}{1}
1	\frac12\cdot\frac{2x}{\sqrt{x^2+5}}
1	-\frac{8\cos\left(x\right)}{x^6}
1	\frac{((1)(x+8)-(x+7)(1))}{(x+8)^2}
1	5\cdot2\cdot\operatorname{\mathrm{sen}}\left(x\right)\cdot\cos\left(x\right)
1	\frac{9e^{x}\cdot x^2-9e^{x}\cdot2x}{x^{2^2}}
1	\frac{6e^{x}\cdot x^3-18e^{x}x^2}{x^6}
1	\frac{1}{x^{@}}
1	24x^3\cdot\ln\left(x\right)+\frac{1}{x}\cdot6x^4
1	10x^5-16x
1	\frac{(x+1-x-9)}{(x+1)^2}
1	12\left(3x+8\right)^3
1	\frac{4}{\cos\left(x\right.)^2}
1	\frac{1}{\ln\left(3\right)}\cdot\frac{1}{x}
1	\frac{e^{x}(x^3-3x^2)}{x^9}
1	3\left(\cos\left(x\right)-\operatorname{\mathrm{sen}}\left(x\right)\right)
1	4x^2e^{x}(3+x)
1	6\cdot\frac{3}{\sqrt3}
1	\frac{1}{x+2}-\frac{(x+9)}{(x+2)^2}
1	24x2
1	\frac{7}{\ln\left(7x+7\right)}
1	\frac{x^3-3e^{x}x^2}{x^6}
1	\frac{6x}{\sqrt{6x^{2}+1}}
1	\frac52\cdot x
1	\frac{1}{x+4}-\frac{x+5}{(x+4)^2}
1	\frac{7e^{x}}{x^6}\left(x^3-3x^2\right)
1	18x\cdot\ln\left(x\right)+9x^{2}\cdot\frac{1}{x}
1	\frac{7e^{x}x^2-14e^{x}x)}{x^4}
1	\cos\left(5x+5\right)\cdot5
1	\cos\left(4x+4\right)\cdot8
1	3\cdot\left(x^2+9\right)^2\cdot2x
1	\frac{e^{x}\cdot x^3-3\cdot e^{x}\cdot x^2}{x^6}
1	\frac{-9}{x}
1	\frac{\frac{2}{x}x^3-6\ln\left(x\right)x^2}{x^6}
1	-8\operatorname{\mathrm{sen}}\left(8x+5\right)
1	18\ln\left(x\right)^2\cdot x^{-1}
1	8\cos\left(xx\right)
1	\frac{7\left(\cos\left(x\right)x^2-\operatorname{\mathrm{2x}\mathrm{sen}}\left(x\right)\right)}{x^4}
1	\frac{1}{\left(\ln2\right)}
1	\frac{(0\cdot x-8\cdot1)}{x^2}
1	\frac{\left(\frac{3}{x}x^3-3\ln\left(x\right)3x^2\right)}{x^3}
1	\frac{1(x+3)-1(x+2)}{(x+3)^2}
1	\frac{(24\ln\left(x\right)^2)}{x}
1	\frac{2x^2(x+9)}{(x+6)^2}
1	\frac{8(x\cos\left(x\right)-\operatorname{\mathrm{sen}}\left(x\right))}{x^2}
1	20x^4-16x
1	\frac{1}{8x^2+1}\cdot16x
1	2(^{}2x\operatorname{\mathrm{sen}}\left(x\right)+x^2\cos\left(x\right))
1	\frac12\cdot(7x^2+2)^{-\frac12}\cdot14x
1	\frac{14x}{7x^2x+1}
1	-\frac{3}{x}5\operatorname{\mathrm{sen}}\left(3\ln\left(x\right)\right)
1	5^{x}\ln
1	\frac{1}{2\sqrt{7x^2+5}}14x
1	\frac{7\cos\left(7x\right)x^2-\operatorname{\mathrm{sen}}\left(7x\right)2x^{}}{x^4}
1	\frac{5\left(x\cos(x) - 3\sin(x)\right)}{x^{4}}
1	-2\cos\left(x\right)+6\cos\left(x\right)
1	(8x+6)e^{4x^2+6x}^{^{\placeholder{}}}
1	\frac{(5x^2\cos\left(x\right)-2x\operatorname{\mathrm{sen}}\left(5x\right))}{x^4}
1	\frac{3\cos\left(x\right)x-3\ln\left(x\right)}{x^2}
1	\ln\left(x\right)^3\cdot(\frac{1}{x})
1	16x^3(\ln\left(x\right))+4x^4(\frac{1}{x})
1	(x-8)^{-2}
1	3x^3e^{x}9x^2e^{x}
1	4(2x+2)
1	2\left\lbrace^2\right\rbrace
1	\frac{1}{2(x)^{\frac12}}
1	4e^{x}\ln\left(4\right)
1	e^{5x^2+4x}(5(2x)+4)
1	6x^2\cdot(x^3+7)
1	\frac{\left(8e^{x}x^2-16e^{x}\right)}{x^4}
1	6x^4xe^{x}+24x^3e^{x}
1	\ln\left(x\right)4x^3+\frac{1}{x}x^4
1	3x^2\cdot e^{2x}+x^2\cdot e^{2x}\cdot2
1	e^{x^2+7x}\cdot(2x+7)
1	\frac{9(x\cos\left(x\right)-\operatorname{\mathrm{sen}}\left(x\right))}{x^2}
1	x^{-2}-(\frac{1}{\ln\left(x\right)})^{-1}\cdot x^{-2}
1	\frac{6xe^{x} - 18e^{x}}{x^{4}}
1	\frac{\left(2x\cdot\left(x+4\right)\right)-\left(x^2\right)}{\left(x+4\right)^2}
1	\frac{4x}{\sqrt{4x^{2}+6}}
1	-\frac{2}{x^2+12x+36}
1	4(x^2+3)^3(2x)
1	24x^3\ln\left(x\right)+\frac{6x}{x}^4
1	18x^2\sen(x)+6x^3\cos(x)
1	\frac{1}{2\sqrt{x^2}}
1	12x^{2}\sin(x)+4x^{3}\cos(x)
1	\frac{2x\left(x´7\right)-x^2}{\left(x+7\right)^2}
1	-5\operatorname{\mathrm{sen}}\left(5x+5\right)
1	\left(3x^2\ln\left(x\right)\right)\cdot\left(x^3\frac{1}{x}\right)
1	\frac{\cos\left(x\right)}{x^2}-\frac{\operatorname{\mathrm{2}\mathrm{sen}}\left(x\right)}{x^{}^{}}
1	\frac{4x\cos(x) - 4\sin(x)}{x^{2}}
1	\frac{3-6\ln(x)}{x^{3}}
1	\frac{7\cdot e^{x}\cdot x^2-7\cdot e^{x}\cdot2x}{x^4}
1	\frac{4x\cos(x) - 8\sin(x)}{x^4}
1	5(4x^3\cdot e^{x}+x^4\cdot e^{x})
1	\frac{(x-\ln\left(x\right))}{x^3}
1	5\cdot\frac{x}{\ln\left(x\right)}
1	\frac{7\cdot\cos\left(x\right)\cdot x^2-14\operatorname{\cdot\mathrm{sen}}\left(x\right)\cdot x}{x^4}
1	9\left(\operatorname{\mathrm{sen}}\left(x\right)\right)^2\cos\left(x\right)
1	\frac{7(4\ln\left(x\right)^3)}{x}
1	\frac{(x-2\ln\left(x\right)x)}{x^4}
1	\frac{x+2-\left(x+6\right)}{\left(x+2\right)^2}
1	4x\left(2-1\right)
1	\frac{\left(x+3\right)-\left(x+4\right)}{\left(x+3\right)^2}
1	9\left(\frac{x^2-\ln\left(x\right)3^{}x^2}{x^6}\right)
1	\frac{8x^2-8\ln\left(x\right)3x^2}{xe^6}
1	\frac{\frac{3}{x}\cdot x-3\ln\left(x\right)}{x^{@}}
1	10(5x+2)
1	e^{x}\operatorname{\mathrm{sen}}\left(x\right)xe^{x}\cos\left(x\right)
1	27(9x+6)^2
1	3+3\tan^{^2}\left(x\right)^{}
1	\frac{(3-3x)}{x^2}
1	5x^{4+0}
1	\frac{1}{x+7}-\frac{x+3}{(x+7)^2}
1	\operatorname{-\mathrm{sen}}\left(2x+8\right)2
1	\frac{x^2(2x+27)}{(x+9)^2}
1	2(2x)
1	-7\cdot\operatorname{\mathrm{sen}}\left(7x+1\right)
1	15x^2\left(\operatorname{\mathrm{sen}}\left(x\right)\right)+5x^3\cos\left(x\right)
1	\frac{3e^{x}(x-3)}{x^2}
1	3\cdot8x^2e^{x}+e^{x}8x^3
1	28x3-18x
1	12(x^3+9)^3x^2
1	\frac{x+5-\left(x+6\right)}{\left(x+5\right)^2}
1	\frac{6\left(2x\right)}{2\sqrt{6x^2+6}}
1	35(\operatorname{\mathrm{sen}}^4\left(x\right))\cos\left(x)\right.
1	9x^{-\frac12}
1	x^2+3x^2
1	8e^{x}\cos\left(x\right)-8\operatorname{\mathrm{sen}}\left(x)\right.
1	15x^2-12x+0
1	\frac{(8x-8\ln\left(x\right)2x)}{x^4}
1	\ln\left.(10\right)
1	\frac{9x^2-2x^2\ln\left(x\right)}{x^6}
1	2(5\operatorname{\mathrm{sen}}\left(x\right)^4)\cos\left(x\right)
1	\frac{32}{x}\ln\left(x\right)^3
1	\frac{x+1-(x+2)}{(x+1)^2}
1	12(4x+1)^2
1	\frac{(5e^{x})\cdot x-5e^{x}}{x^2}
1	\frac{1}{\cos\left(x\right)^{\placeholder{}}}
1	\frac{\operatorname{\cos\left(\placeholder{}\right)}\left(2x\right)2x^3-\operatorname{\mathrm{sen}}\left(2x\right)3x^2}{x^6}
1	3(8x+8)^2\cdot8
1	\frac{(2x^{}+8)-1)}{(x+8)^2}
1	\frac{x^3\frac{7}{x}-3x^2\cdot7\ln\left(x\right)}{x^6}
1	5e^{x}\cdot(3xx+xxx)
1	\frac{(2x^3+23x^2)}{(x+9)^2}
1	6x^2(x\cos(x)+3\sin(x))
1	1x^{5-1}
1	\frac{\left(x+7\right)-\left(x+8\right)}{\left(x+7\right)^2}
1	8x^2\ln\left(x\right)+4x^2\cdot\frac{1}{x}
1	16x^3-12x+0
1	9\cos\left(x\right)\operatorname{\mathrm{sen}}^2\left(x\right)
1	\frac{x+3-x-9}{\left(x+3\right)^2}
1	4e^{x}(4x^3+x^4)
1	2x\sin(x) + x^2\cos(x)
1	36x^3-12x+0
1	\frac{2(x\cos(x) - 2\sin(x))}{x^3}
1	32\operatorname{\mathrm{sen}}\left(x\right)^3\cdot\cos\left(x\right)
1	\frac{(5\cdot x+4-x+5\cdot4)}{(x+4)^2}
1	\frac{(4x-12)e^{x}}{x^4}
1	8e^{x}\cdot1
1	\frac{x^{}-2\ln\left(x\right)x}{x^4}
1	\frac{\left(x+2)-\left(x+1\right)\right.}{\left(x+2\right)^2}
1	\frac{5\cos\left(x\right)\cdot x-(5\operatorname{\mathrm{sen}}\left(x\right))(1)}{(x)^2}
1	e^{x}(-\operatorname{\mathrm{sen}}\left(x\right)+\cos\left(x\right))
1	30x^{4^{}}+2
1	\left(10x+5\right)e^{5x^{2}+5x}
1	\frac{5-10\ln\left(x\right)}{x^3}
1	\frac12(6x^2+4)^{-\frac12}\cdot12x
1	\frac{(7e^{x}\cdot x^3-7e^{x}\cdot3x^2)}{(x^3)^2}
1	\frac{x^{2} + 2x}{(x+1)^{2}}
1	\frac{(x+5)}{(x+6)^2}
1	3x^3\cdot e^{x}+x^3\cdot e^{x}
1	e^{4x^2+2x}\cdot(8x+2)
1	6\left(x^3+3\right)x^2
1	\frac{(0-x-5\cdot1)}{5^2}
1	\frac{3(2x)}{3x^2+5}
1	24(8x+6)
1	\frac{7(e^{x}x^3-e^{x}3x^2)}{x^5}
1	e^{9x+3}\cdot9
1	\frac{3\cos\left(x\right)x^2-3\operatorname{\mathrm{sen}}\left(x\right)\cdot2x}{x^4}
1	\frac{\left(x+6\right)-\left(x+3\right)}{\left(x+6\right)^2}
1	\frac{8x}{2\sqrt{4x^2}+7}
1	\frac{7e^{x}(x-2)}{x^3}
1	\frac{1\cdot(x+8)-(x+9)\cdot1}{(x+8)^2}
1	\frac{9(1-(\ln\left(x\right))}{x^2}
1	\left|\frac{1}{x\ln\left(3\right)}\right|
1	\frac{e^{x}(x - 3)}{x^{4}}
1	3\cdot\frac12
1	-\frac{3}{(x+5)^{2}}
1	\frac{5\cdot((\frac{1}{x}\cdot x)-(\ln\left(x\right)))}{x^2}
1	14x\cdot\ln\left(x\right)+7x
1	e^{9x+8}
1	3\cos\left(x)-4\operatorname{\mathrm{sen}}\left(x\right)\right)
1	5\left(\cos\left(x\right)-\operatorname{\mathrm{sen}}\left(x\right)\right)
1	32(8x+7)^3
1	28x^3\ln x+7x^4\cdot\frac{1}{\placeholder{}}x
1	\frac{x^2+16}{(x+8)^2}
1	\frac{5(\cos\left(x\right)x^2-2x\operatorname{\mathrm{sen}}\left(x\right))}{x^4}
1	\frac{(3x^2)(x+7)-(x^3)(1)}{(x+7)^2}
1	(\frac{3x^2(x+1)-1x^3)}{(x+1)^2}
1	\frac{(\frac{3x^2}{x}-6\ln\left(x\right)x)}{x^4}
1	e^{x}x^3(4+x)
1	3(6x+2)^26
1	3\cos(x)-3\sen(x)
1	e^{x}\cdot(20x^3+5x^4)
1	\frac{\left(6\cos\left(x\right)\cdot x-6\operatorname{\mathrm{sen}}\left(x)\cdot1\right.\right)}{x^2}
1	0\cdot x^3+3\cdot3x+2
1	\frac{2x(x+9)-2x}{(x+9)^2}
1	12x^2e^{x}+4x^3x
1	3(x^2+2)^2\cdot2x
1	10\operatorname{\mathrm{sen}}\left(x\right)
1	27x
1	\frac{\left(2x\cdot x+x^2\right)}{\left(x+2\right)^2}
1	64x^3-10x
1	2(7x+3)\cdot7
1	\frac{9x^3\cos(x) - 27x^2\operatorname{sen}(x)}{x^6}
1	\frac12(3x^2+2)^{\frac{-1}{2}}6x
1	4\operatorname{sen}(x)\cos(x)
1	\cos\left(8x+4\right)8
1	6x\ln\left(x\right)+3x^2\frac{1}{x}
1	18x\cdot e^{x}+9x^{^2}\cdot e^{x}
1	2(2x\ln\left(x\right)+\frac{x^21}{x}
1	\frac{\left(9e^{x}x^2-9e^{x}2x\right)}{x^4}
1	\frac{\cos\left(4x\right)x^3-3x^2\operatorname{\mathrm{sen}}\left(4x\right)}{x^6}
1	\frac{\ln\left(5\right)^{}}{x}
1	3e^{x}(x^3+3x^2)
1	2\cdot(x^2+5)\cdot2x
1	\frac{3x^2-3\ln\left(x\right)}{x^2}
1	16xe^x + 8x^2e^x
1	\left(2x+4\right)e^{x^2+4x}
1	\frac{2(1-3\ln(x))}{x^{4}}
1	\frac{6\ln\left(x\right)^2}{\placeholder{}}
1	x^2+1
1	\frac{4x^2}{x}
1	\frac{e^{x}}{x^3}-3\frac{e^{x}}{x^4}
1	\frac{9x\cos(9x)-\sin(9x)}{x^{2}}
1	\frac{2}{x^2+14x+49}
1	\frac{5}{\cos\left(x^{}\right)^2}
1	\frac{6\left(x-2x\ln\left(x\right)\right)}{x^4}
1	8x\cdot\ln\left(x\right)+\frac{4x^2}{x}
1	8x^4\cdot\frac{1}{x}+32x^3\cdot\frac{1}{x}
1	\frac{1}{x+5}-\frac{x+5}{\left(x+6\right)^2}
1	\frac{12\ln\left(x\right)x-6x}{x^4}
1	3x^2\operatorname{\mathrm{sen}}\left(x\right)+x^3\cos\left(X\right)
1	6e^{x-1}
1	\frac{4(x\cos(x) - 2\sin(x))}{x^3}
1	\frac{-3}{\left(x+7\right)^2}
1	12x^2\ln\left(x\right)+x^24
1	7\left(\frac{1}{\cos^2\left(x\right)}\right)
1	8\cos\left(8x+4\right)
1	\frac{-5\cos\left(x\right)x^{}+10\operatorname{\mathrm{sen}}\left(x\right)}{x^3}
1	6x\operatorname{\mathrm{sen}}\left(x\right)-3x^2\cos\left(x\right)
1	\frac{1}{2\cdot\sqrt{2x^2+5}}\cdot4x
1	15x^{^2}+2
1	\frac{2x-1}{x^2+14x+49}
1	21x^2\cdot\ln\left(x\right)+\frac{7x^3}{x}
1	-\frac{5\operatorname{\mathrm{sen}}\left(4\ln\left(x\right)\right)}{x}4
1	\frac{16x}{(8x^2+8)}
1	\frac{\cos\left(6x\right)6}{x^3}-\frac{\operatorname{\mathrm{sen}}\left(6x\right)3}{x^4}
1	\frac{15}{2}x^{-\frac12}
1	\frac{(x+1)-(x+3))}{(x+1)^2}
1	\left(2x+6\right)\cdot e^{x^2+6x}
1	4e^{x}\cos\left(x\right)+4\operatorname{e^{x}(-\mathrm{sen}}\left(x\right))
1	5e^{5x+2}
1	\frac{2x^2+18x}{(x+6)^2}
1	-\operatorname{\mathrm{sen}}\left(x\right)6
1	2x^2\ln\left(x\right)+\frac{x^3}{x}
1	4\cos(4x+5)
1	-\frac{\operatorname{\mathrm{25}\mathrm{sen}}\left(5\ln\left(x\right)\right)}{x}
1	\frac{1}{\sqrt{5^5}}
1	4(4x^3+1)
1	\frac{2x\left(x+1\right)-x^2}{\left(x+1\right)\left\lbrace^2\right\rbrace}
1	7(4x^3\operatorname{\mathrm{sen}}\left(x\right)+x^3\cos\left(x\right))
1	x^2\cos(x) + 2x\sen(x)
1	4(x^2+7)x
1	\frac{\cos\left(3x\right)\cdot3\cdot x^2-\operatorname{\mathrm{sen}}\left(3x\right)\cdot2x}{x^4}
1	\cos\left(7x+7\right)\cdot7
1	\frac{4}{(4x+1)}
1	\frac{2e^{x}+x}{x^2}
1	\frac{(0-d\cdot d)}{dx^2}\cdot\left\lbrack x\right\rbrack+\frac{d}{\differentialD x}.1
1	6x\left(x^2+4\right)^2
1	8e^{x}\cos\left(x\right)+8e^{x}\left(-\operatorname{\mathrm{sen}}\left(x\right)\right)
1	20\cdot\ln\left(x\right)^3\cdot\frac{1}{\ln\left(x\right)}
1	3x^2\cdot e^{8x}+x^3\cdot8\cdot e^{8x}
1	\frac{\left(-2\right)}{\left(x+4\right)^2}
1	\frac{1}{6x^2+4}12x
1	((x+2)-(x+4)
1	\frac{x(x+2)}{(x+1)^{2}}
1	7(e^{x}\cdot\cos\left(x\right)+e^{x}\cdot-\operatorname{\mathrm{sen}}\left(x\right)
1	12x^{}\operatorname{\mathrm{sen}}\left(x\right)+6x^2\cos\left(x\right)
1	32\ln\left(x\right)+\frac{8x^3}{x}
1	\differentialD x
1	-\frac{1}{\left(x+7\right)^2}
1	\frac{12x}{(6x^2+9)}
1	-\frac{9}{2x^2}
1	6e^{x}(\operatorname{-\mathrm{sen}}\left(x\right)+\cos\left(x\right))
1	\frac{9(2x)}{9x^2+3}
1	-\frac{1}{x^{2}}
1	\frac{7\operatorname{\mathrm{sen}}\left(x\right)x^2-7\operatorname{\mathrm{sen}}\left(x\right)2x}{x^4}
1	\frac{1}{2\sqrt{x^2+3}}2x
1	e^{2x+9}
1	\frac{6x\left(1-2\ln\left(x\right)\right)}{x^4}
1	\frac{x\left(2-2\ln\left(x\right)x\right)}{x^4}
1	\frac{(2x\cdot x+7-x^2\cdot1)}{(x+7)^2}
1	4(9x+1)^3\cdot9
1	12^{}x^2+7
1	7x^2\ln\left(x\right)+14x\cdot\frac{1}{x}
1	18\left(6x+5\right)^2
1	8x^3+xe^{x-1}
1	e^{6x}\left(3x^2+6\right)
1	\frac{9x}{2\sqrt{3x^2+3}}
1	\left(4x+6\right)e^{2x^2+6x}
1	8\cdot(\frac{\cos\left(x\right)\cdot x^3-3x^2\operatorname{\cdot\mathrm{sen}}\left(x\right)}{x^6})
1	20x^{3^{\placeholder{}}}-6x^2
1	14x\sen(x)+7x^2\cos(x)
1	1\left(x+6\right)^{-1}=\left(x+1\right)\left(x+6\right)^{-2}
1	50x
1	x\ln4
1	\frac{9x\cos(x)-27\sin(x)}{x^{4}}
1	4(4x+1)
1	8e^{x}(3x^2+x^3)
1	\frac{6e^{x}}{x^3}-\frac{18e^{x}}{x^2}
1	4x+e^{\placeholder{}}
1	\frac{3x^2(x+6)\cdot x^3}{(x+6)^2}
1	\cos\left(6x+9\right)6
1	32x^3e^{x}+8x^4\cdot e^{x}
1	\frac{9e^x x^2 - 18e^x x}{x^4}
1	3(4x+8)^2\cdot4
1	2x3(x^2+7)^2
1	\frac{1}{x}\cdot\ln5\left(e^{\placeholder{}}\right)
1	\frac{3x}{\sqrt{3x^{2}+2}}
1	\frac{26x^3}{x\ln\left(26x^3\right)}
1	\frac{3(x\cos\left(x\right)-3\operatorname{\mathrm{sen}}\left(x\right))}{x^4}
1	\frac{3\cos\left(x\right)-3\operatorname{\mathrm{sen}}\left(x\right)x}{x^2}
1	\frac{\frac{1}{x}x^3-3x^2\ln\left(x\right)}{x^6}
1	18x^{}e^{x}+9x^2e^{x}
1	27\ln\left(x\right)^2\frac{1}{x}
1	\frac{24x^31}{x}
1	\frac{16x}{2\sqrt{8x^2+3}}
1	5(\frac{e^{x}x^2-(e^{x}2x)}{x^4})
1	\frac{\left(7e^{x}x^3-7e^{x}3x^2\right)}{x^{23}}
1	\frac{8\cdot\left(\left(\frac{1}{x}\cdot x\right)-\left(\ln\left(x\right)\right)\right)}{x^2}
1	\frac{1x^{-\frac12}}{2}
1	4.\left(2x+7\right)^3.2
1	\frac{7e^{x}\left(x-1\right)}{\placeholder{}}
1	\frac{\frac{e^{x}}{x}-e^{x}(-x^{-2})}{x^2}
1	-\frac{\operatorname{\mathrm{20}\mathrm{sen}}\left(5\ln\left(x\right)\right)}{x}
1	4x^3e^{x}-x^4e^{x}
1	e^{3x^2+3x}(3\cdot2x+3)
1	28x^3\cdot\ln\left(x\right)+\frac{7x^4}{x}
1	(6x^2-6x)
1	x^23\ln\left(x\right)+x^2
1	\frac{(7x-14x\ln\left(x\right))}{x^4}
1	\frac{(8e^{x}x^2-16e^{x}x)}{(x^2)^2}
1	4\left(x^2+8\right)^32x
1	\frac{7e^{x}\cdot\ln\left(7e\right)}{3x^2}
1	\frac{2x-2\ln\left(x\right)2x}{x^4}
1	e^{x}\cdot(6x+3x^2)
1	-\frac{12}{x}\operatorname{\mathrm{sen}}\left(3\ln\left(x\right)\right)
1	8\cos(x)\,e^{2\operatorname{sen}(x)}
1	3x^2\cdot e^{5x}+x^3\cdot(e^{5x}\cdot5)
1	6\left(3\operatorname{\mathrm{sen}}^2\left(x\right)\right)\cos\left(x\right)
1	-9\operatorname{\mathrm{sen}}\left(9x+1\right)
1	4(6x+9)^3\cdot6
1	30x^{24}+6
1	6x\sqrt{\frac{1}{6x^2+3}}
1	\frac{1}{3x+1}\cdot3
1	9^{x4}
1	\frac{1}{9x^2+8}18x
1	\frac{3}{2x^{\frac23}}
1	\frac{\left(3\right)}{\left(x+5\right)^2}
1	(6x+2)e^{3x^2+2}
1	\frac{1\cdot(x+7)-(x+2)\cdot1}{(x+7)^2}
1	35x^5+7
1	(4x+5)e^{2x^2+5x}
1	\frac{xe^{x}}{x^2}
1	8x^3e^{x}+e^{x}\cdot2x^4
1	\frac12\cdot(5x^2+4)^{-\frac12}\cdot10x
1	\frac{x^2(x+7)-x^2}{xe^4}
1	((x+5)-(x+4))\cdot(x+5)^{-2}
1	\frac12\cdot(8x^2+4)^{-\frac12}\cdot16x
1	\frac{2e^{x}x^3-3x^2e^{x}2}{x^3}
1	2(x^2+9)\cdot2x
1	\frac{(4x^2\cos\left(x\right)-8x\operatorname{\mathrm{sen}}\left(x\right))}{x^4}
1	\frac{8}{(\cos\left(x)\right)^2}
1	\cos\left(x^{}\right)^2-\operatorname{\mathrm{sen}}\left(x\right)^2
1	25\cdot x^4
1	\cos\left(3x+6\right)3
1	\frac{1}{2\sqrt{3x^2+4}}3\cdot2x
1	3(4x^3\operatorname{\mathrm{sen}}\left(x\right)+\cos\left(x\right)x^3)
1	\frac{(x+3)3x^2-x^3}{(x+3)^2}
1	\frac{(-16\operatorname{\mathrm{sen}}\left(4\ln\left(x\right)\right))}{x}
1	\sqrt{x}+\frac{5}{2\cdot\sqrt{x}}
1	e^{6x+5}\cdot6
1	(4x^3)\cdot x
1	2x\operatorname{\mathrm{sen}}\left(x\right)-x^2\cos\left(x\right)
1	8\left(2x+8\right)^3
1	\frac{3x\left(x+4\right)-x^3}{\left(x+4\right)^2}
1	-\frac{2}{x^{}}
1	\frac{\left(2x\left(x+8\right)-x^2\right)}{\left(x+8\right)^2}
1	-\frac{6}{x^2}\cdot\ln\left(x\right)+\frac{6}{x}\cdot\frac{1}{x}
1	-\frac{(x)-(2)(1)}{(x)^2}
1	\frac{1}{x}2
1	x^3e^{7x}(4+7x)
1	6x\cdot e^{x}+e^{x}\cdot3x^2
1	5(2x\cdot\ln\left(x\right)+x)
1	\frac{2}{(x+6)^{2}}
1	\frac{(7\cos\left(x\right)x^2-14\operatorname{\mathrm{sen}}\left(x\right)x)}{x^4}
1	\frac{1}{(x+7)}-\frac{(x+4)}{(x+7)^2}
1	8x(2\ln(x)+1)
1	8x^2+5
1	\frac{4}{x}\cdot x^{-3}-12\ln\left(x\right)x^{-4}
1	(2x\cdot e^{x})+(e^{x}\cdot x^2)
1	6x-4x
1	2(\cos\left(x\right)-3\operatorname{\mathrm{sen}}\left(x\right))
1	3\left(3x^2\right)\operatorname{\mathrm{sen}}\left(x\right)+3x^3\cos\left(x\right)
1	(\frac{(\frac{2}{x}\cdot x^3)}{x^{3^2}}-\frac{(2\ln\left(x\right))\cdot3x^2)}{x^{3^2}})
1	5e^{x}x^{-1}-5e^{x}x^{-2}
1	\frac{(9x\cos\left(x\right)-9\operatorname{\mathrm{sen}}\left(x\right))}{x^2}
1	\frac{e^{x}\cdot x^3-(3x^2\cdot e^{x})}{x^6}
1	\frac{x+7-\left(x+1\right)}{\left(x+7\right)^2}
1	\frac{2x(x+5)-(x^2)}{(x+5)^2}
1	7^{x}(\ln\left(7\right))
1	-\frac{16}{x^3}e^{x}+\frac{8e^{x}}{x^2}
1	4\operatorname{\mathrm{sen}}\left(x\right)-2\operatorname{\mathrm{sen}}\left(x\right)
1	\frac{(5e^{x}x^3-15x^2e^{x})}{x^6}
1	\frac{3\left(x\cos(x)-3\sin(x)\right)}{x^{4}}
1	3\cdot4\left(3x+4\right)^3
1	\frac{x-\ln\left(x\right)x^2}{x^4}
1	\frac{2x\cdot(x+2)-(x^2)\cdot1}{(x+2)^2}
1	-8\operatorname{\mathrm{sen}}\left(8x+9\right)
1	-\frac{2}{x^2+18x+81}
1	2x\cdot e^{x}+x^2\cdot e^{x}\cdot1
1	6\cdot3\operatorname{\mathrm{sen}}^2\left(x\right)\cos\left(x\right)
1	5\cos(5x+3)
1	\frac{2}{x^2+16x+64}
1	\frac{7\cos\left(x\right)\cdot x^3-(7\operatorname{\mathrm{sen}}\left(x\right))\cdot(3x^2)}{(x^3)^2}
1	\frac{3x}{x}
1	^{}0\cdot\frac{1}{2\sqrt{x}}+3\cdot\sqrt{x}
1	\frac{6\cos\left(x\right)x^2-6\operatorname{\mathrm{sen}}\left(x\right)\cdot2x}{x^4}
1	\cos x
1	\frac{6x}{3x^{2}+4}
1	\frac{\cos\left(x\right)}{x}-\frac{\operatorname{\mathrm{sen}}\left(x\right)}{x}
1	2\cdot\frac{9x}{9x^2+5}
1	\frac{8-16\ln\left(x\right)}{x3}
1	\frac{1}{(2\sqrt{2x^2+2}}
1	\frac{1}{(3x^2+5)}\cdot6x
1	x^{-4}-\frac{3\ln\left(x\right)}{x^4}
1	3x^2\cdot e^{4x}+x^3\cdot4\cdot e^{4x}
1	-2\cdot x^{-3}\cdot e^{x}+\frac{e^{x}}{x^2}
1	-5\operatorname{\mathrm{sen}}\left(5x+6\right)
1	28x^{3+9}
1	e^{x}\left(\operatorname{\mathrm{sen}}\left(x\right)+\cos\left(x\right)\right.)
1	\frac{(3x^2(x+7)-x^3)}{(x+7)}
1	16\operatorname{\mathrm{sen}}^3\left(x\right)\cdot4\cos\left(x\right)
1	2x\ln\left(x\right)+\frac{2x}{x}
1	\frac{1}{(6x+7)}\cdot6
1	\frac{6\left(x\cos(x)-2\sin(x)\right)}{x^{3}}
1	\frac{7e^{x}}{x^6}(x^3-3x^2)
1	5xe^{x}+e^{x}
1	4\cdot3\cdot x^2+e^{x}
1	5(2\operatorname{\mathrm{sen}}\left(x\right))\cos\left(x\right)
1	\frac{3e^{x}}{x^3}-3\frac{3e^{x}}{x^4}
1	6e^x\cos(x)-6e^x\sen(x)
1	\frac{9e^{x}x^3-27x^2e^{x}}{(x^3)^2}
1	9x^{\placeholder{}}
1	2e^{x}\operatorname{\mathrm{sen}}\left(x\right)+2e^{x\cos\left(x\right)}
1	1+\ln\left(6x+6\right)\cdot6
1	\frac{5e^{x}\cdot x^3-5e^{x}\cdot3x^2}{x^6}
1	a^{x}\cdot\ln\left(a\right)
1	4X+x
1	\frac{2e^{x}\cdot x^3-2e^{x}\cdot3x^2}{(x^3)^2}
1	\frac{3x^2\left(x´5\right)-x^3}{\left(x+5\right)^2}
1	\frac{4x\cos(x)-4\sin(x)}{x^{2}}
1	15x^4+18x^3
1	\frac{\placeholder{}}{2(\sqrt{5x^2+2)10x}}
1	\frac{x\cdot(x+6)}{(x+6)^2}-\frac{(x+6)\cdot x}{(x+6)^2}
1	\frac{9}{2x\sqrt{x}}
1	\frac{1}{6x+7}6
1	8e^{x}x^2(3+x)
1	-\frac{15}{x}\cos\left(5\ln\left(x\right)\right)
1	3(8x+4)^28
1	\frac{2}{(x+1)^2}
1	\frac{10x}{\sqrt{5x^2+5}}
1	-\frac{6\ln\left(x\right)-6}{x^2}
1	x\cdot(x+5)+(x+6)\cdot x
1	4x\ln\left(x\right)
1	\frac{2\cos\left(x\right)\cdot x^2-2\operatorname{\mathrm{sen}}\left(x\right)2x}{x^4}
1	\frac{4x^3e^{x}-12x^2e^{x}}{(x^3)^2}
1	x+2x\cdot\ln\left(x\right)
1	30\operatorname{sen}^{4}(x)\cos(x)
1	\frac{2x^{3} + 3x^{2}}{(x+2)^{2}}
1	2(x^3+8)\cdot3x
1	8x\sin(x)+4x^{2}\cos(x)
1	-4\cdot\operatorname{\mathrm{sen}}\left(4x+9\right)
1	4\cos\left(x\right)\cdot5e^{4\operatorname{\mathrm{sen}}\left(x\right)}
1	5e^{x}\left(\operatorname{\mathrm{sen}}\left(x\right)-\cos\left(x\right)\right)
1	\frac{1}{(\cos\left(x)^{}\right)^2}
1	3x^2\cdot
1	\frac{(3x^2\cos\left(3x\right)-2x\operatorname{\mathrm{sen}}\left(3x\right))}{x^4}
1	e^{x}+18x^2
1	2x\operatorname{\mathrm{sen}}\left(x\right)+x^2(-\cos\left(x\right))
1	\frac{6x}{2\sqrt{3x^2+9}}
1	12x^3\ln\left(x\right)+4^2
1	2(e^{x}\cdot\cos\left(x\right)+-e^{x}\cdot\operatorname{\mathrm{sen}}\left(x\right))
1	\frac{1}{2(2x^2+9)^{\frac12}}\cdot4x
1	\frac{8x}{\sqrt{8x^2+3}}
1	3(3\ln^2\left(x)\right)\cdot\frac{1}{x}
1	3x^2e^{3x}+x^3e^{3x}3
1	\frac{1}{x\ln\left.(10\right)}
1	\frac{7}{2\sqrt{\left(x\right)}}
1	\frac{(e^{x}x^3-3x^2e^{x})}{x^6}
1	5e^{x}(\frac{1}{x^2}-\frac{2}{x^3})
1	-32x^327x^2
1	\frac{(\frac{7}{x}x^3-7\ln\left(x\right)3x^2)}{x^6}
1	\frac{e^{x}\cdot x^3-e^{x}\cdot x^2}{x^{3^2}}
1	\frac23x^{\frac12}
1	\left(x+5\right)^{-1}-\left(x+8\right)\left(x+5\right)^{-2}
1	\frac{\left(2x\cdot\left(x+6\right)-x^2\right)}{\left(x+6\right)^2}
1	\frac{5}{(x+2)^2}
1	8x^{3}\sin(x)+2x^{4}\cos(x)
1	-\frac{\operatorname{3\mathrm{sen}}\left(3\ln\left(x\right)\right)3}{x}
1	\frac{((1)\cdot(x+4)-((x+5)\cdot(1))}{(x+5)^2}
1	\frac{7e^{x}x^3-7e^{x}(3x^2)}{x^6}
1	\frac{16x}{x}+\frac{8x^2}{x}
1	21x^2-7x
1	\frac12\cdot(x^2+1)^{-\frac12}\cdot2x
1	3x^3\ln\left(x\right)+\frac{x^4}{x}
1	\frac{(9x-9\ln\left(x\right)2x)}{x^4}
1	32x^3-21x^2+0
1	8x\cdot e^{4x^2+3x}
1	0.\ln\left(x\right)\cdot\frac{1}{x}
1	\frac{(6e^{x}x^3-6e^{x}3x^2)}{x^6}
1	\frac{x+4-\left(x+9\right)}{\left(x+4\right)^2}
1	16x\sin(x) + 8x^{2}\cos(x)
1	\frac{x+2-x-7}{(x+2)^2}
1	4\cos\left(x\right)2e^{4\operatorname{\mathrm{sen}}\left(x\right)}
1	27x^27
1	-\operatorname{\mathrm{sen}}\left(\right)
1	\frac{1}{5\sqrt{x^4}}
1	\frac{4(x-\ln\left(x\right)x2^{})}{x^4}
1	\frac{2}{\cos\left(x^{}\right)^2}
1	\frac{\frac{8x^3}{x}-8\ln\left(x\right)3x^2}{x^6}
1	 \frac{1}{\left(x+5\right)^2} 
1	\frac{x+4-x-7}{\left(x+4\right)^2}
1	\frac{5\cos\left(5x\right)x^3-\operatorname{\mathrm{3sen}}\left(5x\right)x^2}{x^6}
1	\frac{2x(x+3)-x^2)}{(x+3)^2}
1	20x+3
1	\frac{\left(x+6\right)-\left(x+1\right)}{\left(x+6\right)^2}
1	\frac{\left(4\right)}{\left(x+8\right)^2}
1	6x^{2}-16x
1	\frac{1}{x}\cdot\ln\left(2\right)
1	4e^x(\cos(x) - \sin(x))
1	\frac{3e^{x}x^3-9x^2e^{)}}{x^6}
1	0\cdot\frac12\cdot x+9\cdot\sqrt{x}
1	\frac{5\sqrt{x}}{2\cdot x}
1	\frac{\frac{9}{x}\cdot x^3-9\ln\left(x\right)\cdot3x^2)}{x^6}
1	\frac{2x\left(x+5\right)-x^2}{\left(x+5\right)^{"}}
1	e^{2x^2+4x}\left(2\left(2x\right)+4\right)
1	8x^3\cdot e^{x}
1	7^{}e^{x}\cos\left(x\right)-7e^{x}\operatorname{\mathrm{sen}}\left(x\right)
1	\frac{7e^{x}\cdot x^2-7e^{x}2x}{x^4}
1	20\cos\left(x\right)\operatorname{\mathrm{sen}}\left(x\right)^3
1	\frac{(7\operatorname{\mathrm{sen}}\left(x\right)x^2-14x\cos\left(x\right))}{x^4}
1	21x^2\operatorname{\mathrm{sen}}\left(x\right)+7x^3\operatorname{\mathrm{sen}}\left(x\right)
1	\frac{(1)\cdot(x+4)-(1)\cdot(x+2)}{(x+4)^2}
1	-\frac{2}{(x+2)^2}
1	\frac{6}{x^2+14x+49}
1	\frac12(9x^2+4)^{-\frac12}\cdot18x
1	\frac{6x^2-3\ln\left(x\right)3x^2}{x^6}
1	\frac{(\frac{4}{x}x^3-4\ln\left(x\right)3x^2)}{9x^8}
1	-\frac{4}{x}\operatorname{\mathrm{sen}}\left(2\ln\left(x\right)\right)
1	\frac{1}{x+1}-\frac{x+7}{(x+1)^2}
1	36x^3\operatorname{\mathrm{sen}}\left(x\right)+6x^4\cos\left(x\right)
1	\frac12(6x^2+5)^{\frac{1}{-2}}\cdot12x
1	5(e^{x}\operatorname{\mathrm{sen}}\left(x\right)+\cos\left(x\right)e^{x})
1	\frac{5(2x)}{2\sqrt{5x^2+2}}
1	7x^4\cos(x)+28x^3\operatorname{sen}(x)
1	\frac{3\cdot\left(\left(e^{x}\cdot x^3\right)-\left(e^{x}\cdot3x^2\right)\right)}{x^6}
1	\frac{e^{x}}{x^2}+e^{x}\cdot(-2x^{-3)}
1	35x^4^{}
1	\frac{6x}{\sqrt{6x^2+4}}
1	8x^3(\ln\left(x\right))+2x^4(\frac{1}{x})
1	\frac{2\cdot\cos\left(2x\right)\cdot x-\operatorname{\mathrm{sen}}\left(2x\right)}{x^2}
1	\frac{7e^{x}\left(x-1\right)}{x^{2}}
1	2(x^3+7)3x^2
1	\frac{(x+9-x-2)}{(x+9)^2}
1	4x^3\cdot e^{x}+x^4\cdot e^{x}\cdot1
1	(8x+9)\cdot e^{4x^2+9x}
1	4\cdot3x^2-7\cdot2x
1	\frac{x^2 + 8x}{(x+4)^2}
1	\frac{-(x+1)+(x+6)}{(x+6)^2}
1	\frac{5\cos\left(x\right)-5\operatorname{\mathrm{sen}}\left(x\right)3x^2}{x^6}
1	\frac{3x^2(x+7)-x^31}{(x+7)^2}
1	4(4x^3e^{x}+x^4e^{x})
1	2e^{x}\,\operatorname{\mathrm{sen}}\left(x\right)+2e^{x}\cos(x)
1	\frac{5}{(x+7)^2}^{}
1	21x\cdot x-14x
1	\frac{x\cdot(2x^{}+4-x)^{}}{(x+2)^2}
1	\frac{\frac{4}{x}-4\ln\left(x\right)x}{x^2}
1	\frac{5}{(5x+4)}
1	\frac{6\cos\left(6x\right)\cdot x-\operatorname{\mathrm{sen}}\left(6x\right)}{x^2}
1	\frac{(9\operatorname{\mathrm{sen}}\left(x\right)-9x\cos\left(x\right))}{x^2}
1	\frac{1(x+1)-1(x+3)}{(x+1)^2}
1	\frac{\left(\frac{7}{x}\cdot x^3-7\ln\left(x\right)3x^2\right)}{x^6}
1	e^{x}(7\cdot\operatorname{\mathrm{sen}}\left(x\right)+7\cdot\cos\left(x\right))
1	\frac{4}{\sqrt2}
1	((2x(x+8)-x^2)(x+8)^{-2}
1	\left(3x^2\ln\left(x\right)\right)\cdot\left(x^2\right)
1	\frac{2x^2}{x^2+4x+4}
1	\cos\left(9x+7\right)
1	\frac{\cos\left(6x\right)\cdot6\cdot x^3-\operatorname{\mathrm{sen}}\left(6x\right)\cdot3x^2}{3x^2}
1	3(e^{x}x^{-3}-3e^{x}x^{-4})
1	4\cdot8x^3+9
1	9xe^{x}(2+x)
1	\frac{1}{x+3}-\frac{x+7}{(x+3)^2}
1	\frac{e^{x}9}{x^3}-\frac{27e^{x}}{x^4}
1	\frac{4x\cos(x)-12\sin(x)}{x^4}
1	5(8x+5)^48
1	e^{x}\cdot\frac{(x-3)}{x^4}
1	\frac{\left(x+7\right)-\left(x+3\right)}{\left(x+7\right)^2}
1	16(4x+9)^3
1	8\cdot\cos\left(8x+1\right)
1	36\operatorname{\mathrm{sen}}\left(x\right)\operatorname{\mathrm{sen}}\left(x\right)\operatorname{\mathrm{sen}}\left(x\right)\cos\left(x\right)
1	28x^36
1	\frac{2x^2}{x+5}-\frac{x^3}{(x+5)^2}
1	\frac{x+6-(x+9)}{(x+6)^2}
1	7(4x^3)\ln\left(x\right)+\frac{7x^4}{x}
1	2-2x^{}+e^{x}
1	e^{3x+1}\ln\left(e^1\right)
1	35\left(7x+7\right)^4
1	\frac{6x}{\sqrt{6x^{2}+7}}
1	15\operatorname{\mathrm{sen}}^4\left(x\right)\cos\left(x\right)
1	\frac{3\left(x-2x\ln\left(x\right)\right)}{x^4}
1	\frac{5x - 10x\ln(x)}{x^4}
1	\frac{3x^2\left(x+2\right)-x^3}{x+2)^2}
1	\frac{\frac{5}{x}\cdot x^3+5\ln\left(x\right)\cdot x^2}{(x^3)^2}
1	\frac{x^{2x}\cdot(x+2)-x^2}{(x+2)^2}
1	\frac{x\cos(x)-2\sin(x)}{x^{3}}
1	\frac{\operatorname{\mathrm{sen}}\left(3\ln\left(x\right)\right)3}{x}
1	\frac{(2\cdot\cos\left(x\right)\cdot x^2)-(\operatorname{\mathrm{sen}}\left(2x\right)\cdot2x)}{x^4}
1	-4\operatorname{\mathrm{sen}}\left(4\ln\left(x\right)\right)-\cdot\frac{4}{x}
1	4x2+4
1	13x^{3+e^{x}}
1	12x\cdot\ln\left(x\right)+6x^2\cdot\frac{1}{X}
1	\frac{(\frac{9}{x^{}}-27\ln\left(x\right)x^2)}{x^6}
1	\frac{3\cos\left(3x\right)\cdot x^3-\operatorname{\mathrm{sen}}\left(3x)\right)\cdot3x^2}{3x^2}
1	\frac{3x^2(x+8)-x^3}{x^6}
1	7-\operatorname{\mathrm{sen}}\left(x\right)
1	\frac12\cdot(9x^2+4)^{-\frac12}\cdot(18x)
1	\frac{3x}{2}\frac{\cdot1}{\sqrt{x}}
1	3x\ln\left(x\right)
1	4e^{x}(e^{x)}
1	-3\cdot\frac{1}{2\sqrt{x}}
1	-\operatorname{\mathrm{sen}}\left(7x+2\right)7
1	\frac{9}{\cos^{}\left(x\right)}
1	18\ln\left(x\right)^2\cdot\frac{6}{x}
1	6\cdot4x^3\cdot\ln\left(x\right)+\frac{6x}{x}^4
1	3(2x\operatorname{\mathrm{sen}}\left(x\right)+x^2\cos\left(x\right))
1	\frac{10x1}{x}
1	11x+9
1	4\cdot2\cos\left(x\right)
1	15x^2+e^{z}
1	\frac{9}{\cos\placeholder{}^2\left(x^{}\right)}
1	12\cos(x)\,e^{3\operatorname{sen}(x)}
1	\frac{6}{(2\sqrt{x})}
1	8\cdot e^{8x+4}
1	-\frac{2x}{(x+8)^2}
1	\frac{2}{\left(x+8\right)^{2}}
1	\frac{x^2+16x^{}}{(x+8)^2}
1	7\left(\frac{-\cos^2\left(x\right)-\operatorname{\mathrm{sen}}^2\left(x\right)}{\cos^2\left(x\right)}\right)
1	\frac{1}{x+9}-\frac{(x+4)}{(x+9)^2}
1	x^5
1	e^{x}\cdot(4x^2+8x)
1	\frac{2}{x^2+12x+36}
1	2x(\frac{1}{2\sqrt{x^2+7}}
1	\frac{1}{16}
1	4^{x}(\ln\left(4\right))
1	-28x^3+6x^2
1	8\cdot\left(\left(e^{x}\cdot sen\left(x\right)\right)+\left(e^{x}\cdot\cos\left(x\right)\right)\right.
1	\frac{\frac{5}{x}-5\ln\left(x\right)3x^2}{(x^3)^2}
1	2x\cdot e^{7x}+x^2e^{7x}\cdot7
1	6e^{x}x^{}(\frac{x^{}+3}{x^3^{^{}}})
1	2\left(\frac{\cos\left(x\right)x^2-\operatorname{\mathrm{sen}}\left(x\right)2x}{x^4}\right)
1	\frac{(3\cos\left(x\right)\cdot x^2)}{x^4}-\frac{(3\operatorname{\mathrm{sen}}\left(x\right)\cdot2x)}{x^4}
1	-\operatorname{\mathrm{sen}}\left(\placeholder{}\right)
1	\frac{(3e^{x}x^2-6e^{x}x)^{}}{x^4}
1	(x\ln\left(5\right))^{^{-1}}
1	\dfrac{1}{\cos^{2}(x)}
1	\frac{9(x\cos(x) - \sin(x))}{x^{2}}
1	-20x^{-3}
1	\frac{5}{(x+9)}
1	\frac{\left(\frac{5}{x}\cdot x)-\left(5\ln x\cdot1\right)\right)}{x^2}
1	\frac{(3\cdot\operatorname{\mathrm{\cos\left(x\right)}})\cdot x^3-(\operatorname{3\cdot\mathrm{sen}}\left(x\right))\cdot3x^2}{x^6}
1	-4\operatorname{\mathrm{sen}}\left(4x-2\right)
1	xe^{3x}(2+3x)
1	-\frac{3\operatorname{\mathrm{9sen}}\left(3\ln\left(x\right)\right)}{x}
1	\frac{\frac{5}{x}x^3-5\ln\left(x\right)\cdot3x^2}{x^6}
1	3x^2e^{3x}+x^3e^{3x}(3)
1	\frac{5\cos\left(x\right)\cdot x^2-5\operatorname{\mathrm{sen}}\left(x\right)\cdot2x}{x^4}
1	\frac{1}{9x+6}9
1	\frac{3x}{\sqrt{3x^2+6}}
1	5x^4e^{x}+20x^3e^{x}
1	e^{^{x}}
1	(8\cdot4)x^3\cdot e^{x}+8x^4\cdot e^{x}
1	\operatorname{\mathrm{sen}}\left(8x+2\right)\cdot8
1	\frac{7(1-3\ln(x))}{x^{4}}
1	-2\operatorname{\mathrm{sen}}\left(2x+4\right)
1	8\left(x+1\right)e^{4x^2+8x}
1	\frac{2x(x+5)-x^2x}{(x+5)^2}
1	e^{x}\operatorname{\mathrm{sen}}\left(x\right)\cdot-1
1	8(x^2+9)^3x
1	4e^{x}(\operatorname{\mathrm{sen}}\left(x+\cos\left(x\right)\right)
1	2x^{3}e^{2x}\left(x+2\right)
1	\frac{x^2+6x-x^2+7}{\left(x+6\right)^2}
1	12x^{2}\left(x^{3}+7\right)^{3}
1	\frac{\frac{3}{x}\cdot x^3-3\ln\left(x\right)\cdot3x^2}{x^6}
1	24x^3-21x^2^{}
1	\frac{(\cos\left(x\right)x-\operatorname{\mathrm{sen}}\left(x\right))}{\operatorname{\mathrm{sen}^2}\left(x\right)}
1	\frac{3x^2\cdot(x+8)-(x^3)(1)}{(x+8)^2}
1	3\cdot1^3+e^{x}
1	\frac{6\left(\cos\left(x\right)x^3-3x^2\operatorname{\mathrm{sen}}\left(x\right)\right)}{x^6}
1	\frac{3\cdot3\ln\left(x\right)^2}{x}
1	\frac{5x\cos(x)-15\sin(x)}{x^4}
1	e^7
1	\frac{(1-\ln\left(x\right)x^{})}{x^4}
1	16x^3-8x^2+0
1	4x\ln\left(x\right)+\frac{1}{x}2x^2
1	\frac{\left(x+2\right)\cdot\left(x+8\right)}{\left(x+2\right)^2}
1	27x^2\cdot e^{x}+e^{x}\cdot9x^3
1	\frac{4}{x^4}+4\ln\left(x\right)\cdot(-3x^{-4})
1	\frac{5e^{x}\cdot x-5e^{x}\cdot1)}{x^2}
1	x^3e^{x}(20+5x)
1	9x^2-14\times
1	5e^{4\operatorname{\mathrm{sen}}x}4\cos x
1	9e^x\cos(x)-9e^x\sen(x)
1	\frac{5\cos\left(5x\right)}{x^3}-3\frac{\operatorname{\mathrm{sen}}\left(5x\right)}{x^4}
1	21x^2+7x^3e^{x}
1	-\operatorname{\mathrm{sen}}\left(6x+4\right)6
1	5e^{\left(4\operatorname{\mathrm{sen}}\left(x\right)\right)}4\cos\left(x\right)
1	\frac{e^{x}x^2-2\cdot x\cdot e^{x}}{x^4}
1	\operatorname{\mathrm{sen}}\left(3\ln\left(x\right)\right)\cdot\frac{3}{x}
1	4x^3e^{3x}+3x^4e^{3x}x
1	\frac{x-\ln\left(x\right)x2}{x^4}
1	\frac{(e^{x}\cdot x^2)-(e^{x}\cdot2x)}{(x^2)^2}
1	-\frac{1}{x^2}\cdot8
1	\frac{3\cos\left(x)x^3-3\operatorname{\mathrm{sen}}\left(x\right)3x^2\right.}{x^6}
1	5\cdot3x^2\cdot\operatorname{\mathrm{sen}}\left(x\right)+5x^3\cos\left(x\right)
1	3(3x+5)^23
1	\frac{3x}{x+3}-\frac{x^3}{\left(x+3\right)^3}
1	\frac{9\left(2\ln\left(x\right)\right)}{x}
1	\frac{1}{x+1}-\frac{x+9}{\left(x+1\right)^2.}
1	\frac{5x\cos(x) - 5\operatorname{sen}(x)}{x^2}
1	3(5\operatorname{\mathrm{sen}}\left(x\right)^4)\cos\left(x\right)
1	\frac{\frac{3}{x}\cdot x-3\ln\left(x\right)\cdot1}{x^2}
1	2x^3\cos(x)+6x^2\operatorname{sen}(x)
1	\frac{2x^2e^{x}+4xe^{x}^{}}{x^4}
1	5x+2
1	-2\left(\operatorname{\mathrm{sen}}\left(x\right)-\cos\left(x\right)\right)
1	35\cos\left(x\right)\operatorname{\mathrm{sen}}\left(x\right)^4
1	\frac{2x\left(x+8\right)-x^2}{(x+8)^2}
1	24x^{2}\cdot\ln\left(x\right)+8x^{3}\cdot\frac{1}{x}
1	7e^x(\sin(x)+\cos(x))
1	\frac{16x^3\operatorname{sen}(x) + 4x^4\cos(x)}{}
1	8e^{x}\cos\left(x\right)-8e^{x}+\operatorname{\mathrm{sen}}\left(x\right)
1	\frac{(6x^3\cos\left(x\right)-18x^2\operatorname{\mathrm{sen}}\left(x\right))}{x^6}
1	\frac{1}{\ln3\left(x\right)}
1	20x3+2
1	\frac{x+3-\left(x+6\right)}{\left(x+6\right)^2}
1	\frac{x^3\frac{7}{x}-3x^2\cdot7\ln\left(x\right)}{\placeholder{}}
1	12x^2-3x
1	\frac{x\cdot(x+5)}{(x+6)^2}-\frac{(x+6)\cdot x}{(x+6)^2}
1	\frac{4e^{x}}{x^2}-\frac{8e^{x}}{x^2}
1	sda
1	\frac{9\left(1 - 2\ln(x)\right)}{x^{3}}
1	6e^x\sen(x) + 6e^x\cos(x)
1	\frac{(x+6)-(x+5)}{x^2+12x+36}
1	\frac{(\frac{4}{x}x^3-4\ln\left(x\right)3x^2)}{(x^3)^2}
1	12x^2\operatorname{\mathrm{sen}}\left(x\right)+3x^4\cos\left(x\right)
1	3x^2\left(x+6\right)^{-1}-x^3\left(x+6\right)^{-2}
1	6\cdot3x^2\cdot\ln\left(x\right)+6x^2
1	\frac{3 - 6\ln(x)}{x^3}
1	-36x^3+6x^2
1	\frac{x-\ln\left(x\right)x}{x^4}
1	3x^2e^{4x}+x^3e^{4x}
1	\frac{x^2+x8}{(x+4)^2}
1	e^{3x+8}\cdot\left(3\right)
1	4e^{x}\cdot(x^{-3}-3x^{-4})
1	\frac{9}{x^3}+9\ln\left(x\right)\cdot\frac{-2}{x}
1	9e^{2x+9}
1	4\cdot\left(\ln\left(x\right)\right)^3\cdot\frac{1}{x}
1	5\cos(x)-5\sen(x)
1	8x^3\sin(x)+2x^4\cos(x)
1	-(x+9)^{-2}\cdot x+5+\frac{1}{x+9}
1	6x^{2}\left(x^{3}+2\right)
1	\frac{1}{-}
1	\frac{3\cos\left(3x\right)\cdot x^2-\operatorname{\mathrm{sen}}\left(3x\right)\cdot2x}{x^4}
1	15x^4-16x
1	4\cos\left(x\right)x^{-3}-12\operatorname{\mathrm{sen}}\left(x\right)x^{4-4}
1	8\cos\left(8x+7\right)
1	30x^4-2x^3
1	\frac133
1	e^{x}(cos⁡(x)-sen⁡(x))
1	3x^{2+0}
1	6x^2+0
1	-2\sen(x)
1	x^2(3\ln\left(x+1\right))
1	4x^3\cdot\ln\left(x\right)+4x^4\cdot\frac{1}{x}
1	e^{5x^2+5x}(5(2x)+5)
1	\frac{\left(2x\cdot x+2-x^2\right)}{\left(x+2\right)^2}
1	\left(8x+7\right)e^{4x^{2}+7x}
1	\frac{3x^3(x+7)-x^3}{(x+7)^2}
1	\frac{1}{x}\log_{10}e
1	\frac{1-7}{(x+1)^2}
1	\frac{4\cos\left(x\right)\cdot x^3-4\operatorname{\mathrm{sen}}\left(x\right)3x^2}{x^6}
1	\frac{3\cos\left(x\right)-3\operatorname{\mathrm{sen}}\left(x\right)}{x^2}
1	\frac{(3x^2\cdot(x+4)-x^3+1)}{x^2+8x+16}
1	3x^2e^{2x}+2e^3e^{2x}
1	\displaystyle 1
1	(5e^{x}x-5e^{x})\cdot x^{-2}
1	9\operatorname{\mathrm{(}\mathrm{sen}}\left(x\right))^2\cdot\cos\left(x\right)
1	\frac{2x^3-x^2+14x}{x^2+14x+49}
1	\cos\left(7x\right)\cdot\frac{7}{x^2}-\frac{2\operatorname{\mathrm{sen}}\left(7x\right)}{x^3}
1	\frac{4\cos\left(x\right)x^3-4\operatorname{\mathrm{sen}}\left(x\right)\cdot3x^2}{x^6}
1	\frac{1}{10log\left(x\right)}
1	\frac{(7e^{x}\cdot x-7e^{x}\cdot1)}{x^2}
1	\frac{(\frac{4}{x}x^2-4\ln\left(x\right)2x)}{(x^2)^2}
1	6(e^{x}\cdot\cos\left(x\right)-e^{x}\cdot\operatorname{\mathrm{sen}}\left(x\right)
1	9\ln x
1	\frac{5x}{x^2}
1	\frac{(3x^2\cdot(x+1))-x^3\cdot1}{1}
1	\frac{4x}{2x^2+7}
1	8(4\operatorname{\mathrm{sen}}\left(x\right)^3)\cos\left(x\right)
1	\frac{x+3-\left(x+8\right)}{\left(x+3\right)^2}
1	6\cdot\cos\left(x\right)+4\cdot-\operatorname{\mathrm{sen}}\left(x\right)
1	\frac{\left(7x^3e^{x}-7e^{x}3x^2\right)}{x^3}
1	4x^3\ln\left(x\right)+x^{3^{\placeholder{}}}
1	e^{5x^2+3x}\cdot(10x+3\ln\left(\placeholder{}\right)
1	6(x^2+6)^2
1	2x^2e^{2x}
1	-\frac{5\ln\left(x\right)}{x^2}
1	\frac{1}{x}\cdot\ln\left(10\right)
1	\frac{3\cos\left(3x\right)}{x^3}-\frac{3\operatorname{\mathrm{sen}}\left(3x\right)}{x^2}
1	-\operatorname{2\mathrm{sen}}\left(2x+7\right)
1	\frac{1}{x}\ln\frac{x}{3}
1	\frac{1}{8x+6}8
1	\frac{x\cos(x)-3\operatorname{sen}(x)}{x^4}
1	-2\operatorname{\mathrm{sen}}\left(2\ln x\right)\cdot\frac{2}{x}
1	9x(x\cos(x) + 2\sin(x))
1	\frac{\frac{6}{x^2}-6\ln\left(x\right)}{x^2}
1	\frac{5\cdot((\frac{1}{x}\cdot x^2)-(\ln\left(x\right)\cdot2x))}{x^4}
1	\frac{12}{x}\ln\left(x\right)^3
1	12(x^3+8)^3x^2
1	e^{4sen\left(x\right)}\cdot\left(4\cos\left(x\right)\right)
1	\frac{(9x\cos\left(9x\right)-\operatorname{\mathrm{sen}}\left(9x\right))}{x^2}
1	e^{x}\left(18x+9x^2\right)
1	\frac{5\cos\left(x\right)x^2-10\operatorname{\mathrm{sen}}\left(x\right)x^{}}{x^4}
1	\frac{3x\cos(3x)-3\operatorname{sen}(3x)}{x^{4}}
1	5\left(5x+3\right)^45
1	1x+1
1	\frac{8}{4\sqrt{x}}
1	\frac{12x^3}{3x^4}
1	\frac{5\cdot\cos\left(5x\right)\cdot x^2-\operatorname{\mathrm{sen}}\left(5x\right)\cdot2x}{x^4}
1	\frac{x+3-\left(x+5\right)}{\left(x+3\right)^2}
1	7e^{x}\cdot\operatorname{\cos\left(x\right)}+7e^{x}\cdot\operatorname{\mathrm{sen}}\left(x\right)
1	\frac{1\cdot(x+4)-(x+7)\cdot1}{(x+4)^2}
1	e^{5x^2+9x}\cdot10x+9
1	(2x+6)(e^{x^2+6x})
1	2\cos\left(x\right)-\operatorname{\mathrm{6}\mathrm{sen}}\left(x\right)
1	-3\operatorname{\mathrm{sen}}\left(\operatorname{\mathrm{sen}}\left(\placeholder{}\right)\right)
1	2\left(x^2+1\right)2x
1	7(3x^2e^{x}+x^3e^{x})
1	20x^{3}\sin(x) + 5x^{4}\cos(x)
1	\frac{9e^{x}(x-2)}{x^3}
1	7x^4-8x^3
1	-(x+7)^{-2}
1	40x^4-6x+0
1	\frac{(5e^{x}x^2-10xe^{x})}{x^4}
1	\frac{1}{2x^2+3}\cdot4x
1	\frac{1}{(4x+7)}(4)
1	8(\frac{1}{x})
1	8x^3e^{x}+e^{x}2x^4
1	6x^2(3\ln\left(x\right)+1)
1	\frac{5\cdot2x}{5x^2+8}
1	10xxxx-16x
1	\frac{2}{2\sqrt{x^2+1}}
1	\frac{\cos\left(2x\right)2x^3-3x^2\operatorname{\mathrm{sen}}\left(2x\right)}{x^6}
1	\frac{\cos\left(4x\right)4x^2-2\operatorname{\mathrm{sen}}4\left(x\right)x}{x^4}
1	\frac{5}{(x+9)^2}^{}
1	3\left(9x+8\right)^2\cdot9
1	\frac{2x^2e^{x}+4x^2e^{x}^{}}{x^4}
1	8e^{x}\left(\sin(x) + \cos(x)\right)
1	\frac{8(2x)}{8x^2+3}
1	\frac12\cdot(x^2+8)^{-\frac12}\cdot2x
1	2x\cdot e^{3x}+x^2e^{3x}\cdot3
1	\frac{1}{\ln\left(5\right)}\cdot\frac{1}{x}
1	\frac{x(x+5)-x^2}{(x+5)^2}
1	\frac{8(x\cos(x)-\operatorname{sen}(x))}{x^2}
1	\frac{9x\cos\left(x\right)-27\operatorname{\mathrm{sen}}\left(x\right)}{x^4}
1	-\frac{2\ln\left(x\right)-2}{x^2}
1	7x^4e^{x}+28x^3e^{x}
1	6\operatorname{x^2\mathrm{sen}}\left(x\right)+2x^3\cos\left(x\right)
1	\frac{(5xe^{x}-5e^{x})}{x^2}
1	e^{2x}(2x^3+3x^2)
1	\frac{\left(3x^2\left(x+2\right)-x^3\right)}{\left(x+2\right)^2}
1	\frac{d}{dx}\left[\frac{x+8}{x+3}\right] = -\frac{5}{(x+3)^2}
1	8x^{3}\cos(x) + 24x^{2}\sin(x)
1	\frac{6(2\ln\left(x\right))}{x}
1	\frac{x\cdot9-1\cdot0}{x^2}
1	32x^3\ln\left(x\right)+8x^4
1	2(9x+7)9
1	\frac{7\left(2x\right)}{2\sqrt{7x^2+2}}
1	7x(2\sen(x)+x\cos(x))
1	e^{x}\cdot x^{-1}-e^{x}\cdot x^{-2}
1	\frac{1}{x+3}-\frac{(x+1)}{(x+3)^2}
1	5\cos(x)-4\sen(x)
1	e^{7x+5}7
1	4e^{x}x^2(3+x)
1	\frac{3\cos\left(x\right)+3\operatorname{\mathrm{sen}}\left(x\right)x}{x^2}
1	4\cdot(9x+1)^3\cdot9
1	\frac{5x^2e^{x}-10xe^{x}}{x^{4^{\placeholder{}}}}
1	2x(\frac{1}{2\sqrt{2^2+7}}
1	10x^{}\cdot e^{x}+5x^2\cdot e^{x}
1	\frac99
1	21x^2\cdot\ln\left(x\right)+7xe^3\cdot\frac{1}{x}
1	-\frac32\frac{1}{\sqrt{x}}
1	7(e^{x}\cdot\cos\left(x\right)-e^{x}\operatorname{\mathrm{sen}}\left(x\right))
1	\frac{(\frac{4}{x}x-4\ln\left(x\right))}{x^2}
1	\frac{3x^2(x+5)^2-x^3}{(x+5)^2}
1	28(7x+4)^3
1	\frac{0\cdot x-4\cdot1}{x^2}
1	\frac{1}{4x^2+6}(8x)
1	\frac{7\cos\left(7x\right)x^2+2x\operatorname{\mathrm{sen}}\left(7x\right)}{x^4}
1	12x^2\ln\left(x\right)+\frac{4x^31}{x}
1	\frac{5}{x^2+12x+36}
1	\frac{8\cos\left(8x\right)x^2-\operatorname{\mathrm{sen}}\left(8x\right)x}{x^4}
1	5^{x}\cdot Ln\left(5^{}\right)
1	\frac92\frac{1}{\sqrt{x}}
1	9x^2e^{x}+9x^2
1	\frac{5x^2-5\ln\left(x\right)3x^2}{(x^3)^2}
1	2x(x\cos(x) + 2\sin(x))
1	\ln\left(2\right)\cdot x
1	\frac{(x^3+5x+5)}{(x+5)^2}
1	\frac{(3x^2\cdot x+9)-(x^3)}{(x+9)^2}
1	e^{4x+5}
1	\left(10x+8\right)e^{5x^{2}+8x}
1	\frac{1}{2\ln x}
1	5(8x+1)^48
1	-\operatorname{\mathrm{sen}}\left(8x+1\right)8
1	2\cdot(x^2+3)^1\cdot2x
1	12x^3\cdot e^{x}+3e^{x}x^4
1	6\left(\frac{x^2-\ln\left(x\right)3^{}x^2}{x^6}\right)
1	\ln\left(3\right)x
1	3x^{}
1	27x^{^2}
1	x^2e^{x}(3+x)
1	\frac{(6x^3\cos\left(x\right)-18x^2\operatorname{\mathrm{sen}}\left(x\right))}{x^5}
1	4\cdot e^{x}\cdot\cos\left(x\right)+4\cdot e^{x}\cdot-\operatorname{\mathrm{sen}}\left(x\right)
1	6(x^2+8)^2x
1	\frac{(3\cos\left(x\right)x^3-9\operatorname{\mathrm{sen}}\left(x\right)x^2)}{x^6}
1	(5x^2e^{x})+(10xe^{x})
1	-\frac{7e^{x}+7e^{x}1}{x^2}
1	20\cos(x)\,e^{4\operatorname{sen}(x)}
1	8(4x^3\ln\left(x\right)+x^3)
1	\frac{x+4-x+2}{(x+4)^2}
1	\frac{3(\ln\left(x\right))^2}{x}
1	\frac{7}{x}+3
1	7\cdot\frac{(\frac{1}{x}x-\ln\left(x)\cdot1\right)}{x^2}
1	(x^2+3x)e^{x^2+3x}(2x+3)
1	6x^2e^{x}+12xe^{x}
1	30-28x^3
1	28x^3-12x^2+4
1	\frac{\frac{8}{x}\cdot x^3-8\ln\left(x\right)\cdot3x^2}{(x^3)^2}
1	\frac{28}{x}
1	-3\cdot\frac{1}{x^4}\cdot e^{x}+\frac{e^{x}}{x^3}
1	\frac{3x}{2\sqrt{3x^2+2}}
1	6\cos\left(6x+9\right)
1	4x^3\operatorname{\mathrm{sen}}\left(x\right)\cos\left(x\right)
1	\frac{3x^2(x+3)-x^3(x+3)}{(x+3)^2}
1	-\frac{4}{\times^2}
1	\frac{(x+4)-(x+8)^{}}{(x+4)^2}
1	3\sec^2\left(x\right)
1	\frac{1}{(x+1)^2}
1	5^{x}ln\left(5^{}\right)
1	\frac{-1}{(x+7)^{2}}
1	\frac{7x^2}{x}
1	\frac{e^{x}2x-e^{x}x^2}{x^4}
1	\left(4x+7\right)^4\ln\left(4x+7\right)
1	-28x^3+24x^2
1	40x^4+x
1	3\left(\operatorname{\mathrm{sen}}\left(x\right)\right)^2\cdot\cos\left(x\right)
1	2\cdot\left(6x+4\right)\cdot6
1	15x^2e^{x}+5^{}x^3e^{x}
1	\frac{(4e^{x}\cdot3x^2)-(x^3\cdot4e^{x})}{x^6}
1	-\frac{\operatorname{\mathrm{sen}}\left(3\ln\left(x\right)\right)\cdot x}{x}
1	\frac{8}{\tan\left(x\right)}
1	\frac{9e^{x}\cdot x^2-9e^{x}\cdot2x}{x4}
1	e^{x}\cdot\left(-3\right)\cdot x^{-4}+e^{x}\cdot x^{-3}
1	\frac{-5x}{x^2}
1	c1
1	\frac{7(1-\ln\left(x)\right)}{x^2}
1	\frac{(\cos\left(3x\right)6x^2-2\operatorname{\mathrm{sen}}\left(3x\right)x)}{x^4}
1	6\ln\left(x\right)\cdot\ln\left(x\right)\cdot\frac{1}{x}
1	\frac{9e^{x}(x)-9e^{x}}{(x)^2}
1	4\cos\left(x\right)x^{-3}-12\operatorname{\mathrm{sen}}\left(x\right)x^{-4}
1	14x^2+2
1	\frac{5}{x}\ln\left(\frac{5}{x}\right)
1	\frac{(x+7-x-1)}{(x+7)^2}
1	4(\cos\left(x\right)\operatorname{-\mathrm{sen}}\left(x\right))
1	\frac{\left(1+0\right)\cdot\left(x+2\right)-\left(x+1\right)\left(1+0\right)}{\left(x+2\right)^2}
1	6^{}x^2\cdot\ln\left(x\right)+2x^2
1	3x^2\cdot(x+9)^{-1}+x^3\cdot(-1)\cdot(x+9)^{-2}\cdot1
1	15x^{4+6}
1	4xe^{x}+e^{x}2x^2
1	\frac{x\ln\left(x\right)-\ln\left(x\right)}{x^2}
1	\frac{(6x^2-2\ln\left(x\right)x^2)}{x^6}
1	\frac{9\left(1-2\ln(x)\right)}{x^{3}}
1	4x^3+7
1	\frac{7\cdot((\frac{1}{x}\cdot x)-(\ln\left(x\right)))}{x^2}
1	\frac{7\cos\left(x\right)x^3-\operatorname{\mathrm{sen}}\left(7x\right)3x^2}{x^6}
1	6e^{x}\cdot\cos\left(x\right)-6e^{x}\cdot\operatorname{\mathrm{sen}}\left(x\right)
1	\frac{\frac{7}{x}\cdot x^3-7\ln\left(x\right)\cdot3x^2}{x^{6}}
1	\frac{(\frac{6e^{x}}{x^2}-\frac{12e^{x}}{x^3})}{x^4}
1	\frac{8\left(2x\right)}{2\sqrt{8x^2+5}}
1	3e^{x}\cos\left(x\right)+3e^{x}(-\operatorname{\mathrm{sen}}\left(x)\right)
1	\frac{6(e^{x}\cdot x^3-e^{x}\cdot3\cdot x^2)}{x^6}
1	x6^{x}
1	\frac{\left(x+2\right)\cdot-\left(x+8\right)}{\left(x+2\right)^2}
1	\frac{(\frac{8}{x}x^2-8\ln\left(x\right)2x)}{x^2}
1	2(8x+2)8
1	\frac12\cdot(9x^2+2)^{-\frac12}\cdot18x
1	\frac{(\frac{4}{x}\cdot x^2-4\ln\left(x\right)\cdot2x)}{x^4}
1	\frac{\frac{7x^2}{x}-7\ln\left(x\right)2x}{x^4}
1	2xe^{8x}+x^2e^{8x}8
1	2e^x(\sin(x)+\cos(x))
1	\frac{1\cdot(x+3)-(x+6)\cdot1}{(x+3)^2}
1	\frac{9x}{\sqrt{9x^2+6}}
1	12x^2\sin(x)+4x^3\cos(x)
1	\frac{8}{x}x^{-1}-8\ln\left(x\right)x^{-2}
1	\frac{(3\cos\left(x\right)x^3-6x^2\operatorname{\mathrm{sen}}\left(x\right))}{x^6}
1	8x^3\cdot\operatorname{\mathrm{sen}}\left(x\right)+2x^4\cdot-\operatorname{\mathrm{sen}}\left(x\right)
1	(\cos\left(6x+2)\right.)\cdot(-6)
1	\frac{(2\operatorname{\mathrm{sen}}\left(x\right)x^3-6x^2\operatorname{\mathrm{sen}}\left(x\right))}{x^6}
1	45\operatorname{\cos}\left(x\right)^4
1	24x^3-27x^2+0
1	\ln\left(6\right)6^{)}
1	\frac{-d\cdot d}{dx^2}\cdot x+\frac{d}{\differentialD x}\cdot1
1	\frac{3\left(2x\right)}{2\sqrt{3x^2+1}}
1	\frac{(7x^3\cos\left(x\right)-21x^2\operatorname{\mathrm{sen}}\left(x\right))}{x^6}
1	\frac{9(\frac{1}{x}\cdot x^3-\ln\left(x\right)\cdot3x^2)}{x^6}
1	10x-15x^2
1	2\left(4x^3\operatorname{\mathrm{sen}}\left(x\right)+x^4\cos\left(x\right)\right)
1	\frac{5x\cos(5x)-\sin(5x)}{x^{2}}
1	\frac{6\left(\left(e^{x}\cdot x\right)-\left(e^{x}\right)\right)}{x^2}
1	\frac{\frac{1}{x}\cdot x^{2}-\ln\left(x\right)\cdot2x}{x^{4}}
1	9\cdot3x^{}\cdot e^{x}+9x^2\cdot e^{x}
1	\frac{8\ln^{3}(x)}{x}
1	6(3\operatorname{\mathrm{sen}}^2\left(x\right)\cos\left(x\right))
1	\frac{x^34e^{x}-4e^{x}3x^2}{x^6}
1	\frac{3\cos\left(x\right)\cdot x^2-3\operatorname{\mathrm{sen}}\left(x\right)2x}{x^4}
1	(1\cdot(x+8)-(x+6)\cdot1)\cdot(x+8)^{-2}
1	\frac{7(x\cos(x)-2\operatorname{sen}(x))}{x^3}
1	15x^2\ln\left(x\right)+\frac{1}{x}5x^3
1	8e^{4\operatorname{\mathrm{sen}}\left(\right.x)}\cos\left(x\right)
1	\frac{2x\cdot(x+8)-x^2}{(x+8x)^2}
1	\frac{9\cos\left(x\right)\cdot x^2-9\operatorname{\mathrm{sen}}\left(x\right)\cdot2x}{x^4}
1	\frac{\left(x+6\right)-\left(x+5\right)}{\left(x+5\right)^2}
1	6x^2(x\cos(x) + 3\sin(x))
1	\frac{1}{\frac12\sqrt{x}}
1	2xe^{x}+x^2\cdot e^{x}
1	-\frac{(2)(1)}{(x)^2}
1	45x^4-24x^3
1	\frac{(9\cos\left(x\right)x^2-18x\operatorname{\mathrm{sen}}\left(x\right))}{x^4}
1	\frac{(9\cdot3x^2)}{x}
1	\frac{(2x-4\ln\left(x\right)x)}{x^4}
1	5\cdot e^{5\cdot\operatorname{\mathrm{sen}}\left(x\right)}\cdot\cos\left(x\right)
1	\frac{3e^{x}}{x^2}+\frac{3e^{x}}{2x^3}
1	\frac{3x\cos(x) - 6\sin(x)}{x^{3}}
1	18+7
1	\frac{\cos\left(6x\right)6}{x^3}-\frac{\operatorname{\mathrm{sen}}\left(6x\right)3}{x^2}
1	20x+2
1	8\cdot3\cos\left(x\right)^2
1	\frac{4\cos\left(x\right)x-\operatorname{\mathrm{sen}}\left(x\right)}{x^2}
1	28x^{3}\sin(x)+7x^{4}\cos(x)
1	\frac{4\operatorname{\mathrm{\cos\left(x\right)}}\cdot x^3-4\operatorname{\mathrm{sen}}\left(x\right)\cdot3x^2}{(x^3)^2}
1	\frac{2\cos\left(x\right)}{x^3}-\frac{4\operatorname{\mathrm{sen}}\left(x\right)}{x^4}
1	\frac{2x(x+1)+x^2}{(x+1)^2}
1	\frac{\operatorname{\cos}\left.(2x\right)2x^3-\operatorname{\mathrm{sen}}\left(2x\right)3x^2}{x^6}
1	\frac{7x-7\ln\left(x\right)3x^2}{x^6}
1	\frac{7}{x\ln\left(7\right)}
1	nx^{5-1}
1	\frac{(2e^{x}x^2-2e^{x}2x)}{(x^2)^2}
1	\frac{2e^{x}x^3-2e^{x}x^23}{x^6}
1	\frac{4x^2(1-3\ln\left(x\right))}{x^6}
1	4x^3+12x
1	2x\cdot\left(x+1\right)-x^2\cdot1
1	\frac{2\operatorname{\mathrm{sen}}\left(x\right)}{x}
1	14\operatorname{\mathrm{sen}}\left(x\right)\cdot\cos\left(x\right)
1	\frac{x}{\sqrt{x^2+9}}
1	\ln\left(x\right).2+\frac{2}{x}
1	4x^2(3\cdot\ln\left(x\right)+1)
1	(6x+8)\cdot e^{3x^2+8x}
1	6e^{x^{}}x^{-2}-12e^{x}x^{-3}
1	\frac{2x^3-24x^2}{(x+8)^2}
1	8(\frac{1-\ln\left(x\right)2}{x^3})
1	(2x\cdot\frac{(x+8)-x^2\cdot1)}{x^2+64}
1	9e^{x}\operatorname{-\mathrm{sen}}\left(x\right)+9e^{x}\cos\left(x\right)
1	\frac{(x^2-\ln\left(x\right)2x^2)}{x^6}
1	\frac{(x-5\cdot1)}{x^2}
1	\frac{(8\cos\left(x\right)x^3-\operatorname{\mathrm{24}\mathrm{sen}}\left(x\right)x^2)}{x^6}
1	(8e^{x})\cdot(\cos\left(x\right))+(8e^{x})\cdot\operatorname{(-\mathrm{sen}}\left(x))\right.
1	\frac{2\cos\left(2x\right)x^3-3\operatorname{\mathrm{sen}}\left(2x\right)x^2}{x^6}
1	\frac{e^{x}}{x^6}(5x^3-15x^2)
1	\frac{7\cdot(1-\ln\left(x)\right)}{x^2}
1	2x\cdot(x+7)^{-1}+x^2\cdot(-(x+7)^{-2})
1	36xe^3e^{x}+9x^4e^{x}
1	\frac{1}{6\cos^2\left(x\right)}
1	8\left(4\operatorname{\mathrm{sen}}^3\left(x\right)\right)\cos\left(x\right)
1	14x^6+8
1	e^{3x^2+7x}(3(2x)+7)
1	5\cdot e^{5x+8}
1	\frac{1 - 3\ln(x)}{x^{4}}
1	\frac{9x\cdot\cos\left(9x\right)-\operatorname{\mathrm{sen}}\left(9x\right)}{x^2}
1	16\cdot\operatorname{\mathrm{sen}}\left(x\right)
1	\frac{\left(2x^3+24^2\right)}{\left(x+8\right)^2}
1	\frac{9}{x}\cdot x^{-2}-9\ln\left(x\right)\cdot2(x)^{-3}
1	6\cos(x) - 6\sin(x)
1	\frac{5(2x)}{2\sqrt{5x^2+1}}
1	9x^2\cdot e^{x}+18x\cdot e^{x}
1	\operatorname{-\mathrm{sen}}\left(8x+2\right)\cdot8
1	\frac{1}{7\ln}
1	\frac{8\cdot\frac{1}{x}\cdot1-8\cdot\ln\left(x\right)\cdot1}{x^2}
1	18x^2\ln x+6x^3\cdot\frac{1}{x}
1	(4x^3+7x^4)e^{7x}
1	\frac{6\cdot((\frac{1}{x}\cdot x^3)-(\ln\left(x\right)\cdot3x^2))}{x^6}
1	2x^{2-1}
1	9x^{2}\sin(x) + 3x^{3}\cos(x)
1	\frac{7}{(7x+2)}
1	\frac{16\left(\ln\left(x\right)\right)^3}{x}
1	\frac{2(1-2\ln(x))}{x^3}
1	5\cdot\ln\left(5\right)
1	-\frac{5x}{x^2}
1	6x\left(x^{2}+5\right)^{2}
1	\frac{(12\ln\left(x)\right.^2)}{x}
1	5(2x+7)^42
1	\frac{(x+1)^{}-(x+3)}{(x+1)^2}
1	\frac{5e^{x}(x^2-x)}{x^4}
1	\frac{\left(x+5\right)-\left(x+3\right)}{\left(x+5\right)^2}
1	8e^{x}(\operatorname{-\mathrm{sen}}\left(x\right)+\cos\left(x\right))
1	21x^3+6
1	\dfrac{x\cos(x)-\sin(x)}{x^{2}}
1	\frac{7x\cos(7x)-2\operatorname{sen}(7x)}{x^{3}}
1	\frac{6-8}{(x+6)^2}
1	5x^2e^{x}(x+3)
1	7(2x\cdot e^{x}+x^2\cdot e^{x})
1	33x^3-24x^2
1	\frac{x+8-\left(x+9\right)}{\left(x+8\right)^2}
1	(\frac{(3\cdot\operatorname{\cos\left(x\right)})\cdot x^3-3\operatorname{\mathrm{sen}}\left(x\right)\cdot3x^2)}{x^6}
1	\frac{3x}{(x+4)^2}
1	\frac{(5x^3\cos\left(x\right)-3x^2\operatorname{\mathrm{sen}}\left(5x\right))}{x^6}
1	\frac{2x(x+3)-x^2}{x^4}
1	\frac{6}{2\cdot\sqrt{x}}
1	\frac{9}{x^{\frac12}}
1	6\cdot\frac{1}{\cos\left(x\right)^2}
1	\frac{5e^{x}x^35e^{x3x^2}}{x^6}
1	\frac{2x\left(x+4)-x^2\right.}{\left(x+4\right)^2}
1	\frac{(e^{x}x^3+3e^{x}x^{-4})}{x^6}
1	8x^3\ln x+2x^3
1	4\cdot\frac{1}{x^4}\cdot4\cdot x^3
1	 \frac{1}{\cos^2\left(x\right)} 
1	4(9x+7)^3\cdot9
1	\frac{3x^2(x+9)-x^3)}{(x+9)^2}
1	(6\cdot5x^4+2)
1	5x(x\cos(x) + 2\sin(x))
1	\frac{3}{x^2+10x+25}
1	2\cdot e^{3\cdot\operatorname{\mathrm{sen}}\left(x\right)}\cdot3\cos\left(x\right)
1	\frac{e^{x}(x^2-3)}{x^5}
1	\frac{\frac{6}{x}x^2-6\ln\left(x\right)2x}{x^{54}}
1	8e^x\sen(x) + 8e^x\cos(x)
1	-\operatorname{\mathrm{sen}}\left(9x+9\right)\cdot9
1	3\ln\left(x\right)^2x^{-3}
1	2+e^{x}
1	e^{x}\left(\cos(x)-\sin(x)\right)
1	\frac{x+6-\left(x+7\right)}{\left(x+6\right)^2}
1	20x^3\cdot e^{x}
1	\frac{5x^2-5\ln\left(x\right)\cdot x^2\cdot3}{x^6}
1	\frac{(2\cos\left(x\right)x^3-2\operatorname{\mathrm{sen}}\left(x\right)3x^2)}{(x^3)^2}
1	8e^{x}\cdot\operatorname{\mathrm{sen}}\left(x\right)+8e^{x}\cdot(-\operatorname{\mathrm{sen}}\left(x\right))
1	15x^2+
1	3x^2\ln\left(x\right)+x^2^{}
1	5^{x}\cdot1\cdot\ln\left(5\right)
1	7x^3e^{7x}+3x^2e^{7x}
1	\left(6x+5\right)e^{3x^2+5x}
1	\frac{(2x\cos\left(2x\right)-\operatorname{\mathrm{sen}}\left(2x\right))}{x^2}
1	16x^3\cdot\ln\left(x\right)+4xe^4\cdot\frac{1}{x}
1	x^2e^{5x}(3+5x)
1	12x^3\ln\left(x\right)+4x^2
1	\frac{\frac{8}{x}\cdot x^2-8\ln\left(x\right)\cdot2x}{(x^2)^2}
1	9e^x\sen(x) + 9e^x\cos(x)
1	10x^4-27x^3
1	\frac{3x^2\cdot(x+1)-x^3\cdot1}{(x+1)^2}
1	\frac{5e^{x}\cdot x^3-15e^{x}x^2}{(x^3)^2}
1	\frac{(0\cdot e^{x}+3\cdot e^{x})\cdot x^2-3e^{x}\cdot2x}{x^4}
1	\frac{(7\cos\left(x)-7\operatorname{\mathrm{sen}}\left(x\right)\right.)}{x^2}
1	\frac{9-18\ln(x)}{x^3}
1	\frac92x^{\frac32}
1	\frac{5x\cos(x) - 10\sin(x)}{x^{3}}
1	\frac{16x}{2(8x^2+9)}
1	4\left(x^3+1\right)^3\cdot3x^2
1	6x^{2}\left(x^{3}+5\right)
1	\frac{3x^2\cdot(x+7)-x^3\cdot1}{(x+7)^2}
1	30\left(6x+1\right)^{4}
1	\frac{(2x^3+x^2)}{(x+1)^2}
1	\frac{1}{x}6
1	5e^{x}\cdot\cos\left(x\right)-5e^{x}\cdot\operatorname{\mathrm{sen}}\left(x\right)
1	3e^{X}
1	32x^3\cdot\ln\left(x\right)+8x^3
1	5e^{\left(5x+5\right)}
1	\frac{12x}{2\sqrt{(6x^2+5)}}
1	3x^2\left(x+7\right)^{-1}-x^3\left(x+7\right)^{-2}
1	\frac{5x-5\ln\left(x\right)}{x^4}
1	9x^2\left(x^3+5\right)^2
1	\frac{\left(7e^{x}x^3-7e^{x}3x^2\right)}{x^2}
1	5\cos(x) - 3\operatorname{sen}(x)
1	\frac{5(x\cos(x)-3\sen(x))}{x^{4}}
1	\ln\left(3\right)3x
1	\frac{(3x^2\cdot x-x^3)}{(x+8)\cdot2}
1	\frac{x+1-x-7}{(x+1)^2}
1	\frac{\left(9\cos\left(x\right)x^2-9\operatorname{\mathrm{sen}}\left(x\right)\cdot2x\right)}{x^4}
1	\frac{(5\cos\left(5x\right))\cdot x^3-\operatorname{\mathrm{sen}}\left(5x\right)\cdot3x}{x^6}^2
1	\frac{(x+8)-(x+2)^{}}{(x+8)^2}
1	\frac{(x+9-x+6)}{(x+9)^2}
1	2\left(4x^3e^{x}+x^4e^{x}\right)
1	4e^{x}\operatorname{\mathrm{sen}}\left(x\right)-4e^{x}\operatorname{\mathrm{sen}}\left(x\right)
1	2x\ln\left(x\right)+\frac{xx}{x}
1	\frac{3x^2}{(x+2)}-\frac{x^3}{(x+2)^2}
1	\frac{1}{8x^2+4}\cdot16x
1	3(x^3+5)^2(3x^2)
1	2.17
1	\frac{(2x^3+15x^2)}{x^2+10x+25^2}
1	\frac{7e^{x}\cdot x^3-21e^{x}\cdot x^2}{x^3}
1	\frac{(e^{x}\cdot x^2-2x\cdot e^{x})}{x^4}
1	e^{3\operatorname{\mathrm{sen}}\left(x\right)}\cdot3\cdot\cos\left(x\right)
1	\frac{(\frac{1}{x}\cdot x)}{x^2}-\frac{\ln\left(x\right)}{x^2}
1	\frac{2\cos\left(x\right)}{x}-\frac{\operatorname{2\mathrm{sen}}\left(x\right)}{x^2}
1	\frac{1}{3x^2+1}\cdot6x
1	\frac{2(1-3\ln(x))}{x^4}
1	0-12x^2
1	\frac{\frac{7x^3}{x}-7\ln\left(x\right)3x^2}{x^6}
1	\frac{9}{x^4}-3\frac{9\ln\left(x\right)}{x^4}
1	\frac{7x^2-21x^2\ln\left(x\right)}{(x^3)^2}
1	3\cos(x)\,e^{3\operatorname{sen}(x)}
1	4\cos\left(4x+8\right)
1	4e^{4sen\left(x\right)}\cdot\cos\left(x\right)
1	\frac{\left(x+4\right)-\left(x+6\right)}{\left(x+4\right)^2}
1	\frac{7x}{2\sqrt{7x^2+6}}
1	e^{x}\cdot x^{-2}-e^{x}\cdot x^{^{-3}}\cdot\left(2\right)
1	\tan\left(x\right)
1	\frac{18x}{(9x^2+3)}
1	8x^3-31x^2
1	0+3\cdot\frac{1}{2\sqrt{x}}
1	6\cos\left(x\right)+2-\operatorname{\mathrm{sen}}\left(x\right)
1	7e^{x-1}x
1	\frac{3}{\left(x+8\right)^2}
1	3xx
1	\frac{8\cos\left(8x\right)x^2-\operatorname{\mathrm{2x}\mathrm{sen}}\left(8x\right)}{x^4}
1	8(\frac{\cos\left(x\right)\cdot\cos\left(x\right)-\operatorname{\mathrm{sen}}\left(x\right)\cdot(-\operatorname{\mathrm{sen}}\left(x\right))}{\cos\left(x\right)^2})
1	\frac{18x}{2\sqrt{9x^2+3}}
1	27\operatorname{\mathrm{sen}}^2\left(x\right)\cos\left(x\right)
1	2x\left(x+8\right)^{-1}-x^2\left(x+8\right)^{-2}
1	\frac{1+\frac{-\ln\left(x\right)}{x^2}}{x^2}
1	\frac{8\left(x\cos(x) - 2\sin(x)\right)}{x^{3}}
1	24\operatorname{\mathrm{sen}}\left(x\right)^{}\cos\left(x\right)^{}
1	9e^{x}(\frac{x-1}{x^2})
1	7(4\operatorname{\mathrm{sen}}\left(x\right)^3)\cos\left(x\right)
1	\frac{x+6-x-7}{(x+6)^2}
1	\frac{x^2(2x+9)}{(x+3)^3}
1	5\sin^{4}(x)\cos(x)
1	\frac{18x}{9x^{2}+8}
1	2e^x\sen(x)+2e^x\cos(x)
1	3(x^2+4)^2\cdot(2x)
1	4x^3\cdot e^{x}+x4\cdot e^{x}
1	\frac{6x}{(3x^2+9)}
1	\frac{12x}{(6x^2+4)}
1	-6\cdot\frac{1}{x^2}
1	\frac{\cos\left(7x\right)\cdot7\cdot x-\operatorname{\mathrm{sen}}\left(7x\right)}{x^2}
1	\left(4\cdot2x+9\right)e^{4x^2+9x}
1	9\left(5^{}x^4+1\right)
1	\frac{6\cos\left(6x\right)}{x}-\frac{\operatorname{\mathrm{sen}}\left(6x\right)}{x^2}
1	3x\cdot e\cdot x
1	\frac{27\sin^{2}(x)\cos(x)}{1}
1	9x^2-16x+0
1	\frac{7\cos\left(7x\right)2x-\operatorname{\mathrm{sen}}\left(7x\right)x^2}{x^4}
1	2(1+(\tan\left(x\right))^2)
1	6(x^2+1)^2x
1	\frac{x^2+8x}{x^2+8x+16}
1	4e^{x}\operatorname{\mathrm{sen}}\left(x\right)\cdot4e^{x}\cos\left(x\right)
1	6\cos\left(x\right)-5\cos\left(x\right)
1	(x+7)^{-1}-(x+5)\cdot(x+7)^{-2}
1	5\cdot\frac{1}{\cos\left(x\right)^2}
1	\frac{2x(x+4)+x^2}{(x+4)^2}
1	10\cdot x+2
1	6(\frac{x-(\ln\left(x\right)2x)}{x^4})
1	3x^2e^{x}(3-x)
1	\frac{-2}{\left(x+9\right)^2}
1	\frac{8\left(3\ln\left(x\right)^2\right)}{x}
1	\frac{\frac{1}{x^2}-15\ln\left(x\right)x^2}{x^6}
1	\frac{7(x-\ln\left(x\right)2x)}{x^4}
1	\frac{5}{x}x^{-\frac12}
1	8\left(\frac{e^{x}x-e^{x}}{x^2}\right)
1	\frac{\frac{3}{x}x^3-3x^23\ln\left(x\right)}{x^6}
1	6\left(\frac{\cos\left(x\right)x-\operatorname{\mathrm{sen}}\left(x\right)}{x^2}\right)
1	\frac{1}{x+6}-\frac{x+5}{\left(x+6^2\right)^2}
1	\frac{(6x^2\cos\left(x\right)-12x\operatorname{\mathrm{sen}}\left(x\right))}{x^4}
1	7\cdot\frac{2x}{7x^2+6}
1	8.\left(2x+7\right)^3
1	\frac{\cos\left(5x\right)\cdot5\cdot x-\operatorname{\mathrm{sen}}\left(5x\right)}{x^2}
1	0\cdot\sqrt{x}+5\cdot\frac{1}{2\sqrt{x}}
1	\frac{(e^{x}x^3-3e^{x}x^2)}{x^6}
1	\frac{2(e^{x}x^3-e^{x}3x^2)}{x^6}
1	2(2x+6)^3
1	\frac{3x^2\left(x+3\right)-x^3}{\left(x+3\right)^2}^{}
1	\frac{(x^2+2x)}{\left(x+1\right)^2}
1	3x^3e^{5x}+x^4e^{5x}5
1	\frac{2}{\cos\left(x^2\right)}
1	32x^3+\ln\left(x\right)\cdot4x^{3x}
1	7\left(4x^3\operatorname{\mathrm{sen}}\left(x\right)+x^4\right.\cos\left(x\right)
1	2x2\left(x^2+4\right)
1	7\cdot3\operatorname{\mathrm{sen}}^2\left(x\right)\cos\left(x\right)
1	\frac{2.5}{\sqrt{x}}
1	\frac{(e^{x})(x)-(e^{x})(1)}{(x)^2}
1	\frac{x^28-24x^2\ln\left(x\right)}{x^6}
1	36x\left\lbrace^3\right\rbrace+7
1	2x\cdot\left(x+1\right)-x^2\cdot\left(1+0\right)
1	\frac{1}{x}7
1	2\cdot2x+5\cdot2
1	8x(x^2+6)^3
1	\frac{18x}{2\sqrt{9x^2+7}}
1	-6\operatorname{\mathrm{sen}}\left(6x+4\right)
1	\frac12(7x^2+6)^{-\frac12}14x
1	-e^{x}\cos\left(x\right)-e^{x}\operatorname{\mathrm{sen}}\left(x\right)
1	4^{x}e^4
1	10\cos\left(x\right)\cdot e^{5\operatorname{\mathrm{sen}}\left(x\right)}
1	-\frac{40\operatorname{\mathrm{sen}}\left(2\ln\left(x\right)\right)}{x}
1	\frac{1}{(x+5)}-\frac{(x+4)}{(x+5)^2}
1	\frac{9x}{\sqrt{9x^2+5}}
1	\frac42x^{\frac{-1}{2}}
1	3(x^2+1)^2(2x)
1	\frac{xe^{x}x^3-3x^2e^{x}}{x^5}
1	8\left(\frac{x-\ln\left(x\right)x}{x^4}\right)
1	2(x^3+6)(3x^2)
1	\frac{5x^2-15\ln\left(3\right)\cdot x^2}{(x^3)^2}
1	e^{4x}
1	-\operatorname{\mathrm{sen}}\left(3x+6\right)\cdot3
1	2\cos\left(x\right)+-3\operatorname{\mathrm{sen}}\left(x\right)
1	\frac{\frac{1}{x}x^2-2\ln\left(x\right)x}{x^4}
1	\frac{4x-8\ln\left(x\right)x^{}}{x^4}
1	e^{x^2+9x}\cdot2x+9
1	2x\cdot e^{3x}+3\cdot e^{3x}\cdot x^2
1	16\left(x+4\right)^3
1	6(e^{x}\ln\left(e^1\right)
1	\frac{(2x)\cdot(x+4)-(x^2)\cdot1}{(x+4)^2}
1	\frac{1}{x+2}-\frac{(x+1)}{(x+2)^2}
1	24(\ln\left(x\right))^2\cdot\frac{1}{x}
1	\frac{4x\cos(x) - 4\sin(x)}{x^2}
1	-\operatorname{\mathrm{sen}}\left(5\ln\left(x\right)\right)\frac{5}{x}
1	4(7x+3)^3\cdot7
1	\frac{1}{x}9\cdot2\ln\left(x\right)
1	\frac{9(2x)}{2\sqrt{9x^2+6}}
1	v
1	\frac{9-9\ln\left(x\right)}{x^{\placeholder{}}}
1	\frac{8}{x}(4\ln\left(x\right)^3)^{}
1	84x^2-18x
1	\frac{5x^2-5\ln\left(x\right)3x^2}{x^6}
1	12x^3\operatorname{\mathrm{sen}}\left(x\right)-3x^4\cos\left(x\right)
1	\frac{9xe^x - 9e^x}{x^2}
1	\frac{4\operatorname{\cos\left(x\right)}x^3-12\operatorname{\mathrm{sen}}\left(x\right)x^2}{x^6}
1	2\cdot\left(8x+8\right)\cdot8
1	\frac{2x^2-2\ln\left(x\right)\cdot3x^2}{x^6}
1	12x^3-27x^2
1	6\cos(x)-5\sin(x)
1	27x^2\operatorname{sen}(x) + 9x^3\cos(x)
1	\frac{5x}{x}
1	7\left(4x^3\operatorname{\mathrm{sen}}\left(x\right)+x^4\cos\left(X\right)\right)
1	\frac{4\cos\left(x\right)}{x^3}-\frac{16\operatorname{\mathrm{sen}}\left(x\right)}{x^4}
1	\dfrac{3x\cos(x)-3\sin(x)}{x^{2}}
1	4(\frac{(e^{x}x^2)}{x^4}-\frac{(e^{x}2x)}{x^4})
1	\frac{\left(3x^2\left(x+8\right)-x^3\right)}{\left(x+8\right)^2}
1	\cos\left(4x+2\right)4
1	7\cdot e^{7x+2}
1	\frac{6x-12\ln\left(x\right)}{x^2}
1	\frac{\left(7\right)}{\left(x+9\right)^2}
1	\frac12(9x^2+1)^{-\frac12}18x
1	20x3+9
1	\frac{6 - 18\ln(x)}{x^3}
1	\frac{6e^{x}(x-2)}{x^3}
1	(2x^2-6x^2\ln\left(x\right))\cdot x^{-6}
1	\frac{\frac{6}{x}\cdot x^{2}-6\ln\left(x\right)\cdot2x}{x^{4}}
1	4x^3e^{8x}+x^4e^{8x}
1	\ln\left(x\right).2+\frac11
1	12x^2\cdot\frac{1}{x}
1	18\operatorname{\mathrm{sen}}^2(x)\cos(x)
1	-2^{x^2}
1	\frac{-9}{(x+1)^2}
1	\operatorname{-\mathrm{5}\mathrm{sen}}\left(x\right)
1	\frac{1}{2x^2+7}\cdot4x
1	\frac{\left(2\cos\left(x\right)\cdot x-2\operatorname{\mathrm{sen}}\left(x\right)\right)}{x^2}
1	\frac{2(x-\ln\left(x\right)\cdot2x)}{(x^2)^2}
1	\frac{2\cdot\cos\left(x\right)\cdot x^3-2\cdot\operatorname{\mathrm{sen}}\left(x\right)\cdot3x^2}{x^6}
1	\frac{(x-3)}{x^2+16x+64}
1	2\cdot\frac12x
1	\frac{5}{x^3}-\frac{5\ln\left(x\right)}{x^3}
1	-\operatorname{6\cdot\mathrm{sen}}\left(x\right)
1	(12x+4)6
1	0\cdot e^{x}+7\cdot e^{x}
1	4x\cdot\ln\left(1\right)
1	e^{4x^2+2x}(2x+2)
1	\frac{10x}{5x^{2}+5}
1	\frac{5 - 15\ln(x)}{x^4}
1	\frac12\cdot(4x^2+3)^{-\frac12}\cdot(4x)
1	\frac{2x^3+24x^2}{x^2+16x+64}
1	e^{7x+3}^{}\cdot7
1	4e^{\operatorname{\mathrm{sen}}\left(x\right)4}\cos\left(x\right)
1	e^{2x^2+7x}\cdot(4x+7)
1	e^{x}+20^3
1	(1\cdot(x+7)-(x+4)\cdot1)\cdot(x+7)^{-2}
1	32x^{3^{\placeholder{}}}+7
1	e^{x}(\operatorname{\mathrm{sen}}\left(x\right)-\cos\left(x\right))
1	\frac{2}{x^2+6x+9}
1	(\frac12(x^2+8)^{-\frac12})\cdot2x
1	\frac{(x+6)+(x+4)}{(x+6)^2}
1	\frac{5\cdot((\frac{1}{x}\cdot x^2)-(\ln\left(x\right)\cdot2x)}{x^4}
1	\frac{-6\cos\left(x\right)}{x^4}
1	\frac{(4e^{x}x^3-4e^{x}x^23)}{x^6}
1	\frac{3\operatorname{\mathrm{sen}}\left(x\right)^{2)}\cos\left(x\right)}{x}
1	\frac{x-7\cdot1}{x^2}
1	27x^2e^{x}+e^{x}9x^3
1	5e^{x}(x-1)
1	\frac{1}{x^{-2}}+\frac{3}{x}
1	-\frac{6\operatorname{\mathrm{sen}}\left(\right.\left(3\ln\left(x\right)\right)}{x}
1	\frac{\cos\left(x\right)x^3-3x\operatorname{\mathrm{sen}}\left(x\right)}{x^6}
1	9\left(2x\ln\left(x\right)+x\right)
1	\frac{(x-\ln\left(x\right)\cdot2x)}{x^4}
1	\frac{5}{\left(\cos x\right)^2^{}}
1	(\frac{2x\cdot(x+9)-x^2)}{(x+9)^2}
1	45x+7
1	-2\operatorname{\mathrm{sen}}\left(x\right)+3\cos\left(x\right)
1	\frac{9(x-\ln\left(x\right)x2)}{x^4}
1	\frac{8}{x^2+2x+1}
1	\frac{(\cos\left(x\right)x^3-3\operatorname{\mathrm{sen}}\left(x\right)x^2)}{x^6}
1	20
1	-36x^3+24x^2
1	\frac{(x+-x-2)}{(x+8)^2}
1	\left(x+4\right)^{-1}-\left(x+3\right)\left(x+4\right)^{-2}
1	2e^{2\operatorname{\mathrm{sen}}\left(x\right)}(2\cos\left(x\right))
1	\frac{(\frac{7}{x}\cdot x^2)-(7\ln\left(x\right)2x)}{(x^2)^2}
1	\frac{\left(\left(8e^{x})\left(3x^2\right)\right)-\left(8e^{x})\left(x^3\right)\right)\right)}{\left(x^3\right)^2}
1	4e^{x}\cos\left(x\right)+4e^{x}-\operatorname{\mathrm{sen}}\left(x\right)
1	\frac{8e^{x}x^3-8e^{x}\cdot3x^2}{x^6}
1	\frac{3(\cos\left(x\right)x^3-3\operatorname{\mathrm{sen}}\left(x\right)x^2)}{x^6}
1	\frac{(2x+9)}{(x+1)^2}
1	\frac{d}{dx}[\sin(7x+2)] = 7\cos(7x+2)
1	2(x^3+5)3x^2
1	\frac{9e^{x}x^2-2x9e^{x}}{x^4}
1	2\cdot x^{\frac{-1}{2}}
1	-\frac{3}{\left(x+1\right)^2}
1	24x^{2}\sin(x)+8x^{3}\cos(x)
1	\frac{4}{4\sqrt{x}}
1	(6x^2+2x^31)e^{x}
1	\frac{3.5}{\sqrt{x}}
1	\frac{\left(3x^2\cdot\left(x+8\right)\right)-\left(x^3\right)}{\left(x+8\right)^2}
1	\frac{7e^{x}(x-3)}{x^{4}}
1	\frac{(6e^{x}x^2-6e^{x}2x)}{(x^2)^2}
1	-\operatorname{\mathrm{sen}}\left(5x+1\right)5
1	\frac32\left(x^{\left(-\frac12\right)}\right)
1	4\cdot e^{x}(2x+x^2)
1	\dfrac{8(1-2\ln(x))}{x^{3}}
1	4(x^3+1)^3\cdot3x^2
1	\frac{2x^3 + 18x^2}{(x+6)^2}
1	4e^{\placeholder{}^2}
1	4(3x^2e^{x}+x^3e^{x})
1	\frac{2x^3\cos\left(2x\right)-3x^2\operatorname{\mathrm{sen}}\left(2x\right)}{x^6}
1	\frac{1(x+4)-(x+5)}{(x+4)^2}
1	\frac{9x}{\sqrt{3\left(3x^2+1\right)}}
1	6x\ln(x) + 3x
1	\frac{-12\ln\left(x\right)+6x}{x^4}
1	\frac{4\cdot x^{-1}\cdot x^3-4\ln\left(x\right)\cdot3x^2}{x^6}
1	\frac{1}{x^6}(\frac{1}{x}\cdot x^3-(\ln\left(x\right)\cdot3x^2))
1	\frac{x^39e^{x}-3x^29e^{x}}{(x^3)^2}
1	\frac{4\ln^3\left(x\right)}{x}
1	\frac{6x^3\cos\left(6x\right)-\operatorname{\mathrm{3x}^2\mathrm{sen}}\left(6x\right)}{x^6}
1	\frac{10}{5}\ln\left(x\right)
1	-\frac32\cdot x^{-\frac12}
1	\frac{6e^x x^2 - 12e^x x}{x^4}
1	00
1	\ln\left(3\right)3^{\ln\left(\placeholder{}\right)}
1	2\operatorname{\mathrm{sen}}\left(x\right)
1	\frac{2x^3+3x}{(x+1)^2}
1	-8\operatorname{\mathrm{sen}}\left(2\ln\left(x\right)\right)\cdot x^{-1}
1	4\cos(x)-6\sin(x)
1	0\sqrt{x}+\frac{4}{2\sqrt{x}}
1	5e^{5\operatorname{\mathrm{sen}}\left(x\right)}\cdot5\cos\left(x\right)
1	-\frac{2e^{x}}{x^3}
1	\frac{4x^2\cos(x)-8x\sin(x)}{x^4}
1	8x\cdot\operatorname{\mathrm{sen}}\left(x\right)+4x^2\cdot\cos\left(x\right)
1	\frac{5x\cos(x)-15\sen(x)}{x^4}
1	9\left(2x\cdot e^{x}+x^2\cdot e^{x}\right)
1	\frac{\cos\left(x\right)x^3-\operatorname{\mathrm{sen}}\left(x\right)\cdot3x^2}{x^6}
1	\frac{1}{2\sqrt{6x^2+9}}\cdot12x
1	6\operatorname{\mathrm{sen}}\left(x\right)-2\cos\left(x\right)
1	6(x^2+9)^2\cdot x
1	\frac{9x}{\sqrt{9x^{2}+3}}
1	21x^{2}\sin(x) + 7x^{3}\cos(x)
1	\frac{2x(6+x)-x^2}{(x+6)^2}
1	e^{x}\cdot7x^3+21x^2\cdot e^{x}
1	-\frac{2}{x^2+81}
1	e^x\cos(x) - e^x\operatorname{sen}(x)
1	\frac{(2e^{x}x^3-2e^{x}3x^2)}{x^5}
1	9e^{x}\left(\sin(x) + \cos(x)\right)
1	4\cdot3\operatorname{\mathrm{sen}}\left(x\right)^2\cos\left(x\right)
1	\frac{(3x^2(x+)-x^3)}{(x+1)^2}
1	27x2\cdot\ln\left(x\right)+9x^2
1	\frac{\frac{5}{x}\cdot x^3+5\ln\left(x\right)\cdot x^2}{x^{3^2}}
1	\frac{\left(e^{x}\cdot x-e^{x}\right)}{x^2}
1	\frac{\left(\frac{5}{x}\cdot x-5\ln x\cdot1\right)}{1^2}
1	-7\operatorname{\mathrm{sen}}\left(7x+5\right)
1	\frac{x\left(2\left(x+8\right)-x\right)}{\left(x+8\right)^2}
1	18x.e^{x}+9x^2e^{x}
1	-\operatorname{\mathrm{sen}}\left(9x+1\right)\cdot9
1	\left(10x+5\right)\cdot e^{5x^2+5x}
1	\frac{1}{x^{12}}
1	-8\operatorname{\mathrm{sen}}\left(8x+6\right)
1	e^{7x+8}
1	\frac12(6x^2+4)\cdot12x
1	-\operatorname{\mathrm{sen}}\left(x\right)7
1	\cos\left(2x+4\right)\cdot2
1	\frac{14x}{2\sqrt{7x^2+2}}
1	2xx
1	16x^3\operatorname{\mathrm{sen}}\left(x\right)+\cos\left(x\right)4x^4
1	4e^{4\operatorname{\mathrm{sen}}\left(x\right)}(4\ln\left(4e\right)\cos\left(x\right))
1	16\sin^{3}(x)\cos(x)
1	7\ln\left(7x+9\right)
1	6e^{x}\operatorname{\mathrm{sen}}\left(x\right)+\cos\left(x\right)6e^{x}
1	9e^{x}\cdot\operatorname{\mathrm{sen}}\left(x\right)+9e^{x}\cos\left(x\right)
1	\frac{\frac{7}{x}\cdot x-7\ln\left(x\right)\cdot1}{(x)^2}
1	3e^x(\cos(x) - \sin(x))
1	5\left(3x^2e^{x}+x^3e^{x}\right)
1	9\cos\left(x\right)-\operatorname{\mathrm{sen}}\left(x\right)
1	8e^{x}\cdot\cos\left(x\right)-8e^{x}\operatorname{\mathrm{sen}}\left(x\right)
1	8(2x\operatorname{\mathrm{sen}}\left(x\right)+x^2\cos\left(x)\right)
1	9xe^{x}
1	\left(10x+5\right)e^{5x^2+5x}
1	x^3\cos\left(x\right)-3x^2\operatorname{\mathrm{sen}}\left(x\right)
1	\frac{e^{x}}{x^2}-\frac{e^{x}2x}{x^3}
1	9e^{x}\cos\left(+\right)-\operatorname{\mathrm{sen}}\left(x\right)9e^{x}
1	-8x^3+9x^2
1	\frac{x+1-\left(x+6\right)}{\left(x+1\right)^2}
1	3\cdot9\ln\left(x\right)^2\cdot\frac{1}{x}
1	\cos\left(x\right)\operatorname{\mathrm{sen}}\left(x\right)
1	\frac{1}{6\sqrt{x}}\cdot1
1	\frac{e^{x}(1-x)}{x^2}
1	\frac{2e^{x}\cdot x^3-2e^{x}(3x^2)}{(x^3)^2}
1	\frac{8 - 24\ln(x)}{x^4}
1	6x^2\ln\left(x\right)+2x^3\cdot\frac{1}{x}
1	\left(4x\cdot2\right)e^{4x^2+2x}
1	24x^2e^{x}+8e^{x}
1	6x+e^{x}^{\placeholder{}}
1	x^2e^{3x}(2+3x^{})
1	16x^3\cdot e^{x}+e^{x}\cdot4x^4
1	4+6
1	3e^{x}(\frac{1}{x^3}-\frac{3}{x^4})
1	-(\frac{1}{x^2})
1	16x^3+xe^{x}
1	\frac12(9x^2+2)^{-\frac12}\cdot18x
1	8x+1
1	3x^3\cdot\frac{1}{x}+9x^2\ln\left(x\right)
1	\frac{\left(2x^3+9x^2\right)}{\left(x+3\right)^2}
1	\frac{14x}{7x^2+(}
1	\frac{\left(8e^{x}x^2-16e^{x}x\right)}{x^4}
1	4x\cdot\ln\left.(x\right)+2x^2\cdot\frac{1}{x}
1	10^{x}\cdot1\cdot\ln\left(10\right)
1	6x2+3
1	\frac{7e^{x}}{x^3}-\frac{7e^{x}}{x^4}
1	\frac{3e^{x}\cdot x^3-3e^{x}2x^3}{x^6}
1	\frac{\left(6x\cos\left(6x\right)-\operatorname{\mathrm{sen}}\left(6x\right)\right)}{x^2}
1	25x^4-8x+0
1	(8x+7)\cdot e^{4x^2+7x}
1	\frac{x^2(3x(x+3)-x)}{x^2+6x+9}
1	\frac{(\frac{2}{x}\cdot x^3)-((2\ln\left(x\right))\cdot3x^2)}{(x^3)^2}
1	e^{8x}(4x^3+8x^4)
1	\frac{8xe^{x} - 8e^{x}}{x^{2}}
1	15x^3+9
1	7x\cdot\ln\left(7\right)
1	35
1	21x^2e^{x}+7xe^{x}e^{x}
1	12e^{3\operatorname{\mathrm{sen}}\left(x\right)3\cos\left(x\right)}
1	3\cos(x) - 3\sin(x)
1	\cos\left(6x+2\right)6
1	\frac{8\ln(x)}{x}
1	12x^3e^{x}+6x^4e^{x}
1	-3\left(x^{-2}\right)
1	\frac{10x}{5x^2+2}
1	\operatorname{\mathrm{sen}}\left(x\right)+3\cos\left(x\right)
1	6\cdot\frac12\cdot x^{-\frac12}
1	2(4x+6)\cdot4
1	\frac{3x^2\cdot(x+8)-x^3\cdot(x+8)}{(x+8)^2}
1	\frac{e^{x}x^3-e^{x}(3x^2)}{x^6}
1	4\cdot-\cdot\operatorname{\mathrm{sen}}\left(x\right)
1	6\ln\left(x\right)+3x
1	(-\operatorname{\mathrm{sen}}\left(9x+5\right))\cdot(9)
1	8\cdot3\operatorname{\mathrm{sen}}\left(x\right)^2\cdot\cos\left(x\right)
1	\frac{x+3-\left(x+6\right)}{\left(x+3\right)^2}
1	2x^2e^{x}+2x^3e^{x}
1	\frac{5\cos\left(x\right)x^2-5\operatorname{\mathrm{sen}}\left(x\right)2x}{(x^2)^2}
1	36x^3-18x+0
1	3\cdot5\cdot\cos\left(x\right)\cdot e^{5\cdot\operatorname{\mathrm{sen}}\left(x\right)}
1	\frac{8x^3e^{x}+24x^2e^{x}}{x^6}
1	0\cdot e^{x}+3\cdot e^{x}
1	8x^{3}\cdot\ln\left(x\right)+2x^{4}\cdot\frac{1}{x}
1	\frac{8\left(x\cos(x)-3\sin(x)\right)}{x^{4}}
1	\frac{10}{(x+7)^2}
1	\frac{-4}{x^2+10x+25}
1	``
1	\frac{\left(\left(6\ln x)\cdot\left(2x\right)\right)-\left(\left(\frac{6}{x}\right)\cdot\left(x^2\right)\right)\right.}{\left(x^2\right)^2}
1	21x^2\ln x+7x^2
1	\frac{1-3}{(x+1)^2}
1	\frac{8x^3}{x}
1	6(\frac{\frac{1}{x}\cdot x-\ln\left(x\right)\cdot1}{x^2})
1	x^2+8
1	-\operatorname{\mathrm{sen}}\left(9x+7\right)9
1	-\operatorname{\mathrm{9}\mathrm{sen}}\left(x\right)
1	(12x^3\ln\left(x\right))+(3x^4+\frac{1}{x})
1	12(6x+7)
1	7(\frac{e^{x}x^3-e^{x}2x^2}{x^6})
1	e^{5x^2+x}\cdot10x
1	\frac{\left(x+4\right)-\left(x+7\right)}{\left(x+4\right)}
1	\frac{3e^{x}\left(x^3-3x^2\right)}{x^6}
1	-\frac{\operatorname{25\mathrm{sen}}\left(2\ln\left(x\right)\right)\cos\left(5\ln\left(x\right)\right)}{x}
1	\frac{-9e^{x}}{x^4}
1	(x\ln\left(6\right))^{-1}
1	\frac12\cdot(5x^2+9)^{-\frac12}\cdot10x
1	\frac{3e^{x}\left(x-2\right)}{x^{3}}
1	8x+7\cdot e^{4x^2+7x}
1	12\cdot x
1	\frac{\left(x+8\right)-\left(x+5\right)}{\left(x+8^2\right)}
1	\frac{7}{2\sqrt2}
1	\frac{x+1-x-7}{\left(x+1\right)^2}
1	(e^{x}\cdot2x-x^2e^{x})
1	\frac{7}{2\sqrt{\placeholder{}}}
1	\frac{2x^2(x+2)-x^3}{(x+2)^2}
1	\frac{(2x\cdot\left(x+7\right)-x^2)}{(x+7)^2}
1	\frac{4}{(x+6)^{2}}
1	-\frac{1}{(x+5)^2}
1	\frac{9x^2-18\ln\left(x\right)x^2}{x^6}
1	e^{2x^2+9x}\cdot(4x+9)
1	5e^x\sen(x) + 5e^x\cos(x)
1	-6\operatorname{\mathrm{sen}}\left(2\ln\left(x\right)\right)\cdot x^{-1}
1	3\cdot x^{3-1}+7
1	7(\frac{1-2\ln\left(x\right)}{x^4})
1	4\cdot\left(9x+1\right)^3\cdot9
1	\frac{9-7}{(x+9)^2}
1	\frac{8\cdot\left(\left(\frac{1}{x}\cdot x^3\right)-\left(\ln\left(x\right)\cdot3x^2\right)\right)}{x^6}
1	8\cdot\frac{e^{x}x^2-e^{x}2x}{x^4}
1	36x^3\cdot\ln\left(x\right)+9x^4\cdot x^{-1}
1	\frac{9e^{x}x^2(x^{}-3)}{x^6}
1	\frac{4\left(2x\right)}{2\sqrt{4x^2+9}}
1	4x^3\cdot e^{6x}\cdot x^4\cdot e^{6x}\cdot6
1	\frac{4e^{x}\cdot x^3-3x^2\cdot4e^{x}}{x^6}
1	\sqrt{6x}
1	\frac{2x^{3} + 3x^{2}}{(x+1)^{2}}
1	0+8\cdot e^{x}
1	\ln\left(x\right)3^{x}
1	\frac{4x^2\cos(x) - 8x\operatorname{sen}(x)}{x^4}
1	4(x^2+9)x
1	5x^2e^{5x}+2xe^{5x}
1	\frac{7 - 21\ln(x)}{x^4}
1	\frac{2x(x+8)-x^2.1)}{(x+8)^2}
1	2e^{2x^2+9x}(4x+9)
1	\frac{3}{\left(x+9\right)^2}
1	3e^{x}(\frac{1}{x^3}-\frac{3}{x^4}
1	-\operatorname{\mathrm{sen}}\left(5x+6\right)\cdot5
1	\frac{(6x^2-3\ln\left(x\right)x^2)}{x^6}
1	8210
1	9(2x\ln\left(x\right)+x)
1	27(9x+1)^2
1	-\frac{\left(x+6\right)-\left(x+7\right)}{\left(x+7\right)^2}
1	18\left(x+2\right)
1	7x^2(3\ln\left(x\right)+1)
1	12x^2\left(x^3+8\right)^3
1	\cos\left(x\right)^{-2}
1	\frac{\left(2x\cdot\left(x+9)-x^2\right.\right)}{\left(x+9\right)^2}
1	e^{5x^2+x}10x+1
1	\frac{5-10\ln(x)}{x^3}
1	\frac{-9\operatorname{\mathrm{sen}}\left(3\ln\left(x\right)\right)}{x}
1	6x+2\cdot e^{3x^2+2x}
1	2x\cdot e^{4x}+x^2\cdot(e^{4x}\cdot4)
1	32x^3\cdot\ln\left(x\right)+\frac{1}{x}
1	24\operatorname{\mathrm{sen}}\left(x\right)\cdot\cos\left(x\right)
1	\frac{(2x\cdot(x+6)-x^2\cdot1)}{(x+6)^2}
1	\frac{9x}{\sqrt{9x^2+9}}
1	\frac{(9-\ln\left(x\right)9)}{x^2}
1	\operatorname{\mathrm{sen}}\left(4\ln\left(x\right)\right)(\frac{4}{x})
1	\operatorname{\mathrm{sen}}\left(2x+8\right)2
1	14x\cdot\operatorname{\mathrm{sen}}\left(x\right)+7x^2\cdot\cos\left(x\right)
1	e^{x}\cdot(32x^3+8x^4)
1	2x\cdot e^{3x}+x^2\cdot3\cdot e^{3x}
1	9\operatorname{-\mathrm{sen}}\left(x\right)
1	\frac{(3-3\ln\left(x\right)1)}{x^2}
1	\frac{16x}{(8x^2+5)}
1	3(6x+3)^2
1	-\operatorname{8\cdot\mathrm{sen}}\left(8x+4\right)
1	e^{3x^2+7x}(3\cdot2x+7)
1	2)
1	5\cos\left(x\right)=5\operatorname{\mathrm{sen}}\left(x\right)
1	4x(2\ln\left(x\right)+1^{})
1	-20\operatorname{\mathrm{sen}}\left(4\ln\left(x\right)\right)x^{-1}
1	8xe^{\placeholder{}}
1	\frac{7}{2\sqrt{x}^{}}
1	-\frac{24\ln\left(x\right)-8}{x^4}
1	\frac{5x^2e^{x}-10xe^{x}}{x^2}
1	\frac{2x-x^2}{x^2+14x+49}
1	-7^{}x^{-2}
1	\frac{e^{x}(x^2)-(e^{x}2x)}{(x^2)^2}
1	15x^2e^{x}+5^3e^{x}
1	\frac{(7x-7)e^{x}}{x^2}
1	2(x^3+4)\cdot3x^2
1	15x^2\ln\left(x\right)+\frac{1}{x}
1	8e^{x}x^3+2e^{x}x^4
1	\frac{2\cos\left(x\right)x^3-6\operatorname{\mathrm{sen}\mathrm{\left(x\right)x}^2}}{x^6}
1	\dfrac{9e^{x}(x-1)}{x^{2}}
1	\frac12\cdot7x^{-\frac12}
1	18x\operatorname{\mathrm{sen}}\left(x\right)+9x^2\cos\left(X\right)
1	4e^{x}\cdot-\operatorname{\mathrm{sen}}\left(x\right)+4e^{x}\cos\left(x\right)
1	e^{2x^2+2x}\cdot(4x+2)
1	20\left(4x+5\right)^4
1	8x+12
1	5(7x+7)^4\cdot7
1	45\operatorname{\operatorname{\mathrm{sen}}}\left(x\right)^4\cdot\cos\left(x\right)
1	\ln\left(6\right)
1	\frac{5}{2\sqrt{\placeholder{}}x}
1	\frac{2x(x+2)-(x^2)}{(x+2)^2}
1	\frac{8\cdot x^{}-16\ln\left(x\right)x}{x^4}
1	\frac{x\cos(x)-\operatorname{\mathrm{sen}}\left(x\right)}{x^2}
1	32x^2\cdot\frac{1}{x}
1	6(x^2+2)^2x
1	e^{5x^2+9x}\left(5\cdot2x+9\right)
1	-\frac{1}{2\cdot\sqrt{x}}
1	4x\cdot\operatorname{\mathrm{sen}}\left(x\right)+2x^2\cos\left(x\right)
1	7(4x^3)\operatorname{\mathrm{sen}}\left(x\right)+7x^4\cos\left(x\right)
1	-\frac{3e^{x}}{x^2}
1	30x^{4}-6x
1	-4\operatorname{\mathrm{sen}}\left(5\ln\left(x)\right.\right)\cdot\frac{5}{x}
1	16(8x+5)^3
1	\frac{x}{\sqrt{x^{2}+8}}
1	2x1\cdot\ln\left(x\right)\cdot\frac{1}{x}
1	24x^2\ln\left(x\right)+8x^{2^{}}
1	\frac{6\left(2x\right)}{6x^2+8}
1	\frac{7x\left(1-2\ln\left(x\right)\right)}{x^4}
1	\frac{e^{x}x^3}{x^6}-\frac{e^{x}3x^2}{x^6}
1	\frac{1}{10}
1	\frac{(2x^3+6x^2)}{x^6}
1	\frac{-9}{x^{12}}
1	4e^{\placeholder{}}
1	\frac{(8x\ln\left(x\right)-4x)}{x^4}
1	e^{4x^2+8x}\left(4\left(2x\right)+8\right)
1	\frac{3x^2\cdot(x+4)-x^3}{(x+4)}
1	-3\cdot x^{-4}\cdot e^{x}+e^{x}\cdot x^{-3}
1	e^{3x^2+x}\left(6x+1\right)
1	\frac{(3\cos\left(x\right)-3\operatorname{\mathrm{sen}}\left(x\right))}{x^2}
1	\frac{5e^{x}\left(x^2-2x\right)}{x^4}
1	\frac{9\cos\left(9x\right)x^3-3\operatorname{\mathrm{sen}}\left(9x\right)x^2}{x^6}
1	4\cos\left(x\right)-4\operatorname{\mathrm{sen}}\left(X\right)
1	\frac{\cos\left(x\right)\cos\left(x\right)}{(\cos\left(x^{}\right))^2}+\frac{\operatorname{\mathrm{sen}}\left(x\right)\operatorname{\mathrm{sen}}\left(x\right)}{(\cos\left(x\right))^2}
1	8x\left(x\cos(x) + 2\sin(x)\right)
1	-\frac{12\sin(4\ln(x))}{x}
1	\frac{7(1-2\ln(x))}{x^3}
1	\frac{2x}{x+4}+x^2
1	\frac{3x^2\cdot(x+2)-x^3\cdot1}{(x+2)^2}
1	\frac{1}{6\sqrt{x^{}}}
1	5xe^{x}(x+2)
1	\left(4x+5\right)\cdot e^{2x^2+5x}
1	3x^2e^{6x}+x^3e^{6x}
1	6x^4\cdot\frac{1}{x}+24x^3\cdot\ln x
1	\frac{9}{(9x+9)}
1	\frac{1}{9x^2+1}18x
1	\ln\left(4x\right)\cdot4x
1	10x4
1	\frac{3\cos\left(x\right)}{x}+\frac{3\operatorname{\mathrm{sen}}\left(x\right)}{-x^2}
1	16x^3-8x+0
1	4(8x+2)^3\cdot8
1	-2e^{x}\operatorname{\mathrm{sen}}x+2e^{x}\cos x
1	\frac{x+9-x+5}{(x+9)^2}
1	6\cos\left(x\right)-\operatorname{\mathrm{3}\mathrm{sen}}\left(x\right)
1	4(x^2+7)
1	\frac{6x^3e^{x}-18x^2e^{x}}{(x^3)^2}
1	4(9x+2)^39
1	6e^{x}(\frac{x^{}+3}{x^{-4}})
1	8e^{x}\cos\left(x\right)-8e^{x\operatorname{\mathrm{sen}}\left(x\right)}
1	\frac{(3x^3e^{x}-9x^2e^{x})}{x^6}
1	2e^{x}\cos\left(x\right)+2e^{x}(-\operatorname{\mathrm{sen}}\left(x\right))x
1	e^{x}x(2+x)
1	\frac{5}{\left(x+7\right)^{2}}
1	\frac{\left(\frac{6}{x}x-6\ln\left(x\right)\right)}{}
1	\frac{1(x+6)-(x+9)1}{(x+6)^2}
1	\frac{2}{2x+2}
1	16x\ln\left(x\right)(\frac{8x^2}{x})
1	\frac{8\cdot((\frac{1}{x}\cdot x^2)-(\ln\left(x\right)\cdot2x))}{x^4}
1	9\left(2\operatorname{\mathrm{sen}}\left(x\right)\right)\cos\left(x\right)
1	\frac{(x^2+12x)}{(x+6^{)^2}}
1	\frac{9e^{x}-9xe^{x}}{x^2}
1	e^{6x+8}\cdot6
1	7^{x}x\ln\left(7\right)
1	6e^{x}(\operatorname{\mathrm{sen}}\left(x\right)-\cos\left(x\right))
1	e^{x}(2x+x^2)
1	24x^3\cdot e^{x}+6x^4e^{x}
1	21x^{2}\cdot e^{x}+7x^{3}\cdot e^{x}
1	4xe^{2x}
1	\frac{\frac{x^2}{x}-\ln\left(x\right)2x^{}}{x^4}
1	\frac{6\cos\left(x\right)\cdot x^3-6\operatorname{\mathrm{sen}}\left(x\right)\cdot3x^2}{x^3}
1	\frac{8\cos\left(8x\right)-\operatorname{x\mathrm{sen}}\left(8x\right)}{x^2}
1	3e^{x^{\placeholder{}}}
1	\frac{4\cdot\left(\left(e^{x}\cdot x^3\right)-\left(e^{x}\cdot3x^2\right)\right)}{x^6}
1	30\operatorname{\mathrm{sen}^4}\left(x\right)\cdot\cos\left(x\right)
1	\frac{e^{x}}{x^2}+e^{x}\cdot(-2x^{-3})
1	\left(\left(4x+7\right)^4\ln\left(4x+7\right)\right)
1	\frac{(\frac{1}{x})x-\ln\left(x\right)}{x^2}
1	4-\operatorname{\mathrm{sen}}\left(x\right)
1	27x^2e^{x}+9x^{3e}e^{x}
1	-x^{-\frac32^{\placeholder{}}}
1	2x\cdot\left(x+1\right)-x^2\cdot2
1	9e^{9x}
1	\frac{\left(\left(8e^{x}\cdot3x^2\right)-\left(8e^{x}\cdot x^3\right)\right)}{\left(x^3\right)^2}
1	24(8x+2)^2
1	\frac{2x(x+1)-(x^2)(1)}{(x+1)^2}
1	\frac{6e^{x}}{x^3}+\frac{6e^{x}}{2x^2}
1	6e^{x}\cdot x^2-12x^{-3}\cdot e^{x}
1	-\frac{\sqrt2}{2}
1	12x+e^1
1	\frac{6\left(2x\right)}{6x^2+4}
1	1\left(x+6\right)^{-1}-\left(x+1\right)\left(x+6\right)^{-2}
1	75---
1	\frac{5x\cos(x) - 15\sin(x)}{x^{4}}
1	\frac12\sqrt{x}
1	1-\frac{\ln\left(x\right)}{x^2}
1	\frac{(9\cdot\frac{1}{x}\cdot x^3-9\ln\left(x\right)\cdot3x^2)}{(x^3)^2}
1	\frac{-9x^2\ln\left(x\right)+3x^2}{x^6}
1	\frac{3(x\cos(x) - 3\sin(x))}{x^4}
1	9x^{^2}-10x
1	\frac{4\cdot x^{-1}\cdot x^3-4\ln\left(x\right)\cdot x^3}{x^6}
1	\frac{-15\operatorname{\mathrm{sen}}\left(5\ln\left(x\right)\right)}{x}
1	\frac{-18x}{2\sqrt{(9x^2+2)}}
1	\frac{9\cos\left(9x\right)x^{}-\operatorname{2\mathrm{sen}}\left(9x\right)}{x^3}
1	\frac12(9x^2+1)^{\frac{-1}{2}}18x
1	\frac{\left(e^{x}x-e^{x}\right)}{x^2}
1	32x^3\ln x+8x^4\cdot\frac{1}{x}
1	x^3e^{9x}(4+9x)
1	\frac{(6e^{x}x^3-18x^2e^{x})}{x^6}
1	4(\frac{e^{x}\cdot x^3-e^{x}\cdot3x^2}{x^6})
1	11x^2-4x
1	\frac{(8\cos\left(x\right)x+8\operatorname{\mathrm{sen}}\left(x\right))}{x^2}
1	2x^{3}\cos(x) + 6x^{2}\sin(x)
1	\frac{9\cdot\left(1-\ln\left(x\right)\right)}{x^{2}}
1	-\operatorname{9\mathrm{sen}}\left(9x+8\right)
1	2\cdot x\cdot e^{x}\cdot1
1	\frac{8(\cos\left(x\right)x^3-3x^2\operatorname{\mathrm{sen}}\left(x\right))}{x^6}
1	\frac{(8\cos\left(x\right)x^3+24x^2\operatorname{\mathrm{sen}}\left(x\right))}{x^6}
1	28x^3\cdot e^{x}+7x^4
1	\dfrac{2x^{2}(x+6)}{(x+4)^{2}}
1	\frac{4\left(\cos\left(x\right)x-\operatorname{\mathrm{sen}}\left(x\right)\right)}{x^2}
1	\frac{-3\operatorname{\mathrm{sen}}\left(3\ln\left(x\right)\right.}{x}
1	45x^4\ln\left(x\right)+9x^3
1	-\frac{7}{(x+1)}
1	\frac{\frac{5}{x}\cdot x^3-\ln\left(x\right)\cdot3x^2}{x^{3^{^2}}}
1	45(9x+6)^4
1	e^{x}\operatorname{\mathrm{sen}}\left(x\right)\cdot-1+e^{x}\cos\left(x\right)
1	2e^{x}\sin(x)+2^{x}\cos(x)
1	3x^2\cdot e^{4x}+x^3\cdot e^{4x}\cdot(4)
1	\frac{6 - 18\ln(x)}{x^4}
1	3\cdot3x^2-9\cdot2x
1	\frac{(-\cos\left(x\right)x-\operatorname{\mathrm{sen}}\left(x\right))}{(\operatorname{x\mathrm{}^{}})^2}
1	\frac{2x^{3}+18x^{2}}{(x+6)^{2}}
1	4\cdot-\operatorname{\mathrm{sen}}\left(5\ln\left(x\right)\right)\cdot\frac{5}{x}
1	\frac{2x\cos(x)-4\,\operatorname{\mathrm{sen}}\left(x\right)}{x^3}
1	2\cdot((3x^2\cdot e^{x})+(2x^3\cdot e^{x}))
1	\frac{6e^{x}\cdot x^2-6e^{x}2x}{x^4}
1	\frac{8\cdot((e^{x}\cdot x^2)-(e^{x}\cdot2x)}{x^4}
1	9\cdot5\operatorname{\cos}\left(x\right)^4
1	e^{x}.\left(8x^{3}+2x^{4}\right)
1	\frac{(2x^2-6\ln\left(x\right)x^2)}{x^6}
1	\frac12x^{-\frac32}^{}
1	e^{3x^2+7x}3\cdot2x+7
1	\frac{6\cdot((\frac{1}{x}\cdot x)-(\ln\left(x\right))}{x^2}
1	-\operatorname{\mathrm{sen}}\left(2x+5\right)2
1	5x^2\cos(x)+10x\operatorname{sen}(x)
1	8e^{x}+e^{x}
1	\frac{2\cdot x\cdot\left(x+4\right)-x^2}{\left(x+4\right)^1}
1	\frac{3x^2}{(x+8)}-\frac{x^3}{(x+8)^2}
1	-\frac52\cdot\frac{1}{x^{\frac32}}
1	24x^2\cdot\ln\left(x\right)+8x^2
1	\frac{e^{x}\cdot^{}x^2-e^{x}\cdot2x}{x^4}
1	\frac{e^{x}}{x}+e^{x}\cdot(-x-2)
1	\frac{3x^2\cdot(x+9)-x^3}{(x-9)^2}
1	2e^{x}x+e^{x}x
1	(x+8)^{-2}
1	\frac{\frac{4}{x}\cdot x^2-8\ln\left(x\right)\cdot x}{x^4}
1	\left(6x+3\right)e^{3x^{2}+3x}
1	9e^{x}\operatorname{\mathrm{sen}}\left(x\right)+9e^{x}+\cos\left(x\right)
1	\frac{9\cos\left(x\right)x-9\operatorname{\mathrm{sen}}\left(x\right)\cdot2x}{x^2}
1	\frac{1}{(x\ln\left(5\right))}
1	2\cos\left(x\right)-3\cos\left(x\right)
1	6e^{x}\cdot\cos\left(x\right)-6e^{x}\operatorname{\mathrm{sen}}\left(X\right)
1	\frac{8\cos\left(x\right)x^3-\operatorname{\mathrm{sen}}\left(8x\right)3x^2}{x^6}
1	35\operatorname{\mathrm{sen}}^4\left(x\right)\cos\left(x\right)
1	1x+0
1	(\frac{3x^2(x+5)-x^3}{(x+5)^2})
1	9e^{x}(\cos\left(x\right)+\operatorname{\mathrm{sen}}\left(x\right))
1	15x^4-12x^3+0
1	24x^2\cdot\ln\left(x\right)+\frac{1}{x}\cdot8x^3
1	\dfrac{x(x+14)}{(x+7)^2}
1	4x^3\operatorname{\mathrm{sen}}\left(x\right)-x^4\cos\left(x\right)
1	3(\ln\left(x)\right)^2\cdot\frac{1}{x}
1	\frac{5e^{x}(x-2)}{x^{3}}
1	3\cdot0-0\cdot x
1	\frac34x^{-\frac12}
1	5\left(5x+9\right)^4\cdot5
1	16x^3+e^{x}^{}
1	\frac{x+8-\left(x+3\right)}{\left(x+8^{}\right)^2}
1	12x^2\,\operatorname{\mathrm{sen}}\left(x\right)+4x^3\cos(x)
1	(x+1)\cdot(-(x+3)^{-2})+(x+3)\cdot(-(x+1)^{-2})
1	\frac{1}{x}\cdot5
1	4\cdot(2x+2)
1	10x4+2
1	2\cos\left(x)+5\operatorname{\mathrm{sen}}\left(x\right)\right.
1	\frac{6e^{x}x^2-2x6e^{x}}{x^4}
1	\frac{(3x^2)\cdot(x+6)-(x^3)\cdot1}{(x+6)}
1	6\cos\left(x\right)^424\operatorname{\mathrm{sen}}\left(x\right)^3
1	\frac{6}{3x^2+7}
1	-2xe^{-3}
1	\frac12(7x^2+7)14x
1	\frac{7}{x^1}
1	\frac{x^2\left(1-3\ln\left(x\right)\right)}{x^6}
1	18x.e^{x}+9x^2.e^{x}
1	\frac{1}{x^{2}}
1	\frac{(x+6)-(x-2)}{(x+6)^2}
1	\frac{9\cos\left(9x\right)x-\operatorname{\mathrm{sen}}\left(9x\right)}{x}
1	2\cdot2x+9
1	e^{6x+7}\ln\left(e^1\right)
1	\frac{9e^{x}x-9e^{x})}{x^2}
1	\frac{4}{x^{}}
1	\frac{(x+4-x-3)}{(x+4)^2}
1	\frac{2}{2^2}
1	24\operatorname{\mathrm{sen}}\left(x\right)\operatorname{\mathrm{sen}}\left(x\right)\operatorname{\mathrm{sen}}\left(x\right)\cos\left(x\right)
1	\frac{2x}{\sqrt{2x^{2}+4}}
1	\frac{1}{\sqrt{\frac{3x}{2}}}
1	9x^2(x^3+3)^2
1	7e^{2x}
1	\frac{15x}{5x^2+8}
1	\frac{x4e^{x}-4e^{x}}{x^2}
1	\frac{1}{x+8}-\frac{\left(x+4\right)}{\left(x+8\right)^2}
1	\frac{3x^2(x+4)-x^3}{(x+4)^{\placeholder{}^2}}
1	\frac{(x+9)-(x+8)}{(x+9)}
1	\frac{x¨´}{3}
1	\frac{4-4\ln\left(x\right)x}{x^2}
1	9e^{x}cos(x)-9e^{x}\operatorname{\mathrm{sen}}\left(x\right)
1	2e^x(\operatorname{sen}(x)+\cos(x))
1	10\cos(x)e^{2\sin(x)}
1	\frac{(2\cos\left(2x\right)\cdot x^3-3x^2\cdot\operatorname{\mathrm{sen}}\left(2x\right))}{x^6}
1	5^{x}\cdot\ln\left(5\right)\cdot1
1	2\cdot\cos\left(2x+4\right)
1	\frac{\frac{1}{x}\cdot x^3-\ln\left(x\right)3x^2}{x^6}
1	-\frac{16\ln\left(x\right)+8}{x^3}
1	16\cdot(8x+8)
1	8\cdot8(\tan\left(x\right))^2
1	\frac{9}{2\sqrt2}
1	-\operatorname{\mathrm{sen}}\left(8x+9\right)8
1	6\cdot\cos\left(x\right)\cdot e^{2\operatorname{\mathrm{sen}}\left(x\right)}
1	8\cdot\left(e^{x}\cdot sen\left(x\right)+\left(e^{x}\cdot\cos\left(x\right)\right)\right)
1	(10x + 5)e^{5x^2 + 5x}
1	12x\,\operatorname{\mathrm{sen}}\left(x\right)+6x^2\cos(x)
1	\frac{1}{x+4}-\frac{(x+3)}{(x+4)^2}
1	e^{5x+4}5
1	(3x^2(x+3)-(x+3)3x^2)\cdot(x+3)^{-2}
1	\frac{1}{7x+1}7
1	3x^23(x^3+2)^2
1	3\left(x^3+4\right)^2
1	3(5x+2)^2\cdot5
1	\frac{x+8-(x+4)}{(x+8)^2}
1	6x+4\cdot6
1	-3x^{-\frac12}
1	8\frac{1}{2\sqrt{x}}
1	\frac{(7x^2-7\ln\left(x\right)3x^2)}{x^6}
1	\frac{0(x)-8(1)}{x^2}
1	\frac{3e^{x}\cdot x^{3}-3e^{x}\cdot3x^{2}}{x^{6}}
1	\frac{8e^{x}\operatorname{\mathrm{sen}}\left(x\right)-8e^{x}\cos\left(x\right)}{1}
1	4e^{4x+9}
1	\frac{12x}{2\sqrt{6x^2+3}}
1	\frac{(2x\cdot(x+6))-(x^2))}{(x+6)^2}
1	xe^{5x}(x+5x)
1	\frac{14x}{(7x^2+8)}
1	\frac{x+4-x-9}{(x+4)^2}
1	-\frac{15\,\operatorname{sen}\left(3\ln(x)\right)}{x}
1	\frac72(x)^{-\frac12}
1	\frac{1}{3\sqrt{x^2}}
1	\frac{e^{x}x^3-x^3e^{x}}{x^6}
1	2x8
1	6\ln\left(x\right)\cdot\frac{1}{x}
1	\frac{(x+7-x-6)}{(x+7)^2}
1	\frac{2\cos\left(x\right)x^3-2\operatorname{\mathrm{sen}}\left(x\right)3x^2}{(x^3)^2}
1	\frac{2xe^x - 6e^x}{x^4}
1	\frac{\left(\frac{6}{x}x-6\ln\left(x\right)\right)}{\times}
1	3x5
1	\frac{-\cdot9}{(x+1)^2}
1	18x^2\sin(x)+6x^3\cos(x)
1	\frac{(21x^2\ln\left(x\right))}{1}
1	\frac{x+6-x+5}{(x+6)^2}
1	3\cdot5\cdot\left(\operatorname{\mathrm{sen}}\left(x\right)\right)^4\cos\left(x\right)
1	e^{x}\cdot x^{-3}-e^{x}\cdot3x^{-2}
1	\frac{4x}{\sqrt{4x^2+3}}
1	\frac{8}{\cos\left(x\right)\cos\left(-\right)}
1	\frac{(-9\operatorname{\mathrm{sen}}\left(x\right)+9x\cos\left(x\right))}{x^2}
1	\frac{\frac{3}{x}\cdot x^3-3\cdot\ln\left(x\right)\cdot3x^2}{x^6}
1	9\left(-\operatorname{\mathrm{sen}}\left(x\right)\right)
1	8xe^{x}+6x^2e^{x}
1	\frac{1}{x}\ln\left(e^{\placeholder{}}\right)
1	\frac{2x^2-2\ln\left(x\right)x^3}{x^6}
1	e^{8x+6}\cdot8
1	\frac{7\cdot3\ln\left(x\right)^2}{x}
1	\frac{1}{x+6}-\frac{x+7}{(x+6)^2}
1	\frac{3x^{}-3\ln\left(x\right)}{x^2}
1	\frac{(6e^{x}x^3-18e^{x}x^2)}{x^6}
1	\frac{\cos\left(6x\right)\cdot6\cdot x^2-\operatorname{\mathrm{sen}}\left(6x\right)\cdot2x}{x^4}
1	\frac{\cos\left(3x\right)\cdot3\cdot x-\operatorname{\mathrm{sen}}\left(3x\right)\cdot1}{x^2}
1	\frac{4x-4\ln\left(x\right)2x}{x^4}
1	4x^3+3x
1	2\frac{1}{2\sqrt{x}}
1	0(\sqrt{x})+8(\frac12x^{-\frac12})
1	\frac{8\cos\left(x)x\right.-8\operatorname{\mathrm{sen}}\left(x\right)}{x^2}
1	\frac{3(2x)}{2\sqrt{3x^2+3}}
1	\frac{1}{(\cos\left(x\right)^{})^2}
1	4\cdot4x^3+6
1	20(5x+1)^{3^{\placeholder{}}}
1	\left(9x-18\ln\left(x\right)x\right)
1	-\operatorname{4\mathrm{sen}}\left(4x+6\right)
1	5^{x}\cdot ln\left(5\right)
1	4(6x+3)^3\cdot6
1	6x^{}
1	12x^2\ln(x)+4x^2
1	\frac{3-x}{x^2}
1	e^{5x^2+8x}\cdot\left(10x+8\right)
1	8x\sen(x)+4x^2\cos(x)
1	\frac{(e^{x}\cdot x)-(e^{x})}{x^2}
1	4(4x^3\operatorname{\mathrm{sen}}\left(x\right))+4x^4\cos\left(x\right)
1	-\frac{5}{(x+4)^{2}}
1	\frac12(4x^2+3)^{-\frac12}\cdot8x
1	\frac{9\ln\left(x\right)\ln\left(x\right)}{x}
1	\frac{1}{x+4}-\frac{x+9}{(x+4)^2}
1	9x^{9x+2}
1	9x^{-1}
1	\frac{\frac{1}{x}x^3-\ln\left(x\right)3x^2)}{x^6}
1	\frac{1}{x+2}-\frac{(x+8)}{(x+2)^2}
1	\frac{3-5}{(x+3)^2}
1	\frac{(x-7)}{49}
1	(5\cos\left(x\right)e^{5\operatorname{\mathrm{sen}}\left(x\right)})
1	8xe^{x}
1	\frac{x^{2} + 14x}{(x+7)^{2}}
1	\frac{\frac{5}{x}(x^3)-5\ln\left(x\right)(3x^2)}{(x^3)^2}
1	\frac{6\left(\operatorname{\mathrm{\cos}}\left(x\right)x^3-\operatorname{\mathrm{sen}\mathrm{\left(x\right)}}3x^2\right)}{x^6}
1	\frac{4x\ln\left(x\right)-\frac{2x^2}{x}}{x^4}
1	\frac{2x^2(x+7)-x^2}{(x+7)^2}
1	\frac{x2(x+9)-x^2}{(x+9)^2}
1	\frac{5\cdot\frac{1}{x}\cdot x^2-5\ln\left(x\right)\cdot2x}{2x^4}
1	3x^2e^{3x}+x^3e^{3x}\cdot3
1	8\cdot\left(\left(e^{x}\cdot sen\left(x\right)+\left(e^{x}\cdot\cos\left(x\right)\right)\right.\right.
1	\frac{e^{x}x^2-e^{x}2x}{x^{24}}
1	s
1	10x+e^{\placeholder{}}
1	\frac{x\cos(x) - \sin(x)}{x^2}
1	5\cos^2\left(x\right)
1	(3x^4\cdot e^{x}^{})+(12x^3\cdot e^{x})
1	-3(3x+7)
1	\frac{3x^2-x^3}{(x+6)^2}
1	24(8x+5)^2
1	\frac{2x}{\sqrt{2x^2+8}}
1	4\ln\left(x\right)^3\cdot(\frac{1}{x})
1	6x^2\operatorname{\mathrm{sen}}\left(x\right)2x^3\cos\left(x\right)
1	\frac{(3\cos\left(x\right)x^3-9x^2\cos\left(x\right))}{x^6}
1	\frac{10\ln(x)}{x}
1	\frac{3x^3}{x}+\ln\left(x\right)9x^2
1	\frac{4(\ln\left(x\right))^3}{x}
1	5e^{\operatorname{2\cdot\mathrm{sen}}\left(x\right)^{}}\cdot(2\cos\left(x)\right)
1	10^{x\ln\left(10\right)}
1	(x-2\ln\left(x\right)x)(x^{-4})
1	\frac{14x}{7x^{2}+2}
1	27x^2\sen(x)+9x^3\cos(x)
1	30x^4-32^3
1	\frac{3\cos\left(x\right)x^3-9x^2\operatorname{\mathrm{sen}}\left(x\right)}{(x^3)^2}
1	3x^2 e^{3x} + 3x^3 e^{3x}
1	\frac{8x^4+e^{x^2}^{}}{x^4}
1	\frac{2e^{x}\cdot x^2-4e^{x}\cdot x}{x^4}
1	2x^{2}(3\sin(x)+x\cos(x))
1	3\operatorname{\mathrm{sen}}\left(4\ln\left(x\right)\right)\cdot\frac{1}{x}
1	6x^2\sin(x)+2x^3\cos(x)
1	\frac{5e^{x}(x-1)}{x^2}
1	\frac{9\operatorname{\mathrm{\cos\left(x\right)}}x^3-27\operatorname{\mathrm{sen}}\left(x\right)x^2}{x^6}
1	\frac{(x+4-x+2)}{(x+4)^2}
1	32x^3-6x+0
1	\frac{x^{2}(2x+21)}{(x+7)^{2}}
1	(x+6-(x+3)\cdot\frac{1}{(x+6)^2}
1	\frac{\frac{6}{x}x^2-6\ln\left(x\right)2x}{x^2}
1	\sqrt{x}\cdot\frac12x
1	5e^1
1	\frac{2}{\sqrt{x^2}}
1	\frac{2x^2+18x-x^2}{(x+9)^2}
1	e^{x}\cdot\cos\left(x\right)-e^{x}\operatorname{\mathrm{sen}}\left(x\right)
1	\frac{3x\cos(3x)-\operatorname{sen}(3x)}{x^{2}}
1	4e^{x}(\cos(x)-\operatorname{\mathrm{sen}}\left(x\right))
1	\frac{(2e^{x}x^3-6x^2e^{x})}{x^6}
1	e^{6x+8}6
1	25x^4+7x^6
1	\frac{3}{(3x+8)}
1	\frac{3x^3\cdot27x^2-x^3}{x^2+18x+81}
1	\frac{1\cdot(x+1)-(x+2)\cdot1}{\left(x+1\right)^2}
1	\frac{6e^{x}}{3x^4}+\frac{6e^{x}}{x^3}
1	e^{5\operatorname{\mathrm{sen}}\left(x\right)}(5\cos\left(x\right))
1	\left(8x+7\right)\cdot e^{4x^2+7x}
1	3x^2e^{8x}+8x^3e^{x}
1	\frac{18x}{x}
1	36x^3\sin(x)+9x^4\cos(x)
1	\frac15\cdot5^{x}
1	3\left(2x+7\right)^22
1	\frac{\cos\left(x\right)\operatorname{\mathrm{sen}}\left(x\right)+\operatorname{\mathrm{sen}}\left(x\right)\cos\left(x\right.)}{\cos\left(x\right)^2}
1	\frac{3\cos\left(x\right)x^3-9x^2\operatorname{\mathrm{sen}}\left(x\right))}{x^6}
1	\operatorname{\mathrm{sen}}\left(5x+2\right)5
1	-\operatorname{\mathrm{sen}}\left(4\ln\left(x\right)\right)\cdot\frac{1}{4x}
1	\frac12(5x^2+7)^{\frac{-1}{2}}10x
1	e^{x}(\cos(x)-\sen(x))
1	\frac{24(\ln\left(x\right)^3)}{x}
1	669x
1	12x^4-15x^2
1	5(5x+9)^45
1	\frac{1}{\cos\left(x\right)}\placeholder{}^2
1	\frac{(4\operatorname{\mathrm{\cos\left(x\right)}}\cdot x^3)-(4\operatorname{\mathrm{sen}}\left(x\right)\cdot3x^2))}{(x^3)^2}
1	\frac{7\left(\left(e^{x}\cdot x^2\right)-\left(e^{x}\cdot2x\right)\right)}{x^4}
1	9\ln\left(x\right)+\frac{9}{x}
1	10x+1e^{x}
1	\frac{\ln\left(9x^2+6\right)}{x}\cdot18x
1	\frac32(x)^{-\frac12}
1	12x\cdot\ln\left(x\right)+\frac{3x^4}{x}
1	\frac{1}{x}4
1	6x^2-6x+0
1	6\cdot3x^2\operatorname{\mathrm{sen}}\left(x\right)+6x^3\cos\left(x\right)
1	45x^4-10x^{}
1	\dfrac{6e^{x}(x-3)}{x^{4}}
1	(x^2+7)^3x8
1	18\operatorname{\mathrm{sen}}\left(x\right)^2\cdot\cos\left(x\right)
1	3x\cdot\frac{(x+3)-x^3\cdot1}{x^2}
1	2\cdot(7x+6)\cdot7
1	\frac{3\left(1 - \ln(x)\right)}{x^{2}}
1	6e^{x}\operatorname{\mathrm{sen}}\left(x\right)+6e^{x}\cos\left(X\right)
1	\frac{3x^2(x+7)+x^2}{(x+7)^2}
1	-\operatorname{\mathrm{sen}}\left(x\right)5
1	ln\left(\cos\left(x\right)\right)
1	\frac{7(x^2-\ln\left(x\right)\cdot x^23)}{x^6}
1	(\frac{2x(x+2)-x^2)}{(x+2)^2}
1	\frac18x^{\frac78}
1	\frac{\cos\left(9x\right)x^3-3\operatorname{\mathrm{sen}}\left(9x\right)x^2}{x^6}
1	4e^x\sen(x) + 4e^x\cos(x)
1	x+c
1	-\frac{5}{5^2}
1	12\ln\left(x\right)\cdot\frac{4}{x}
1	e^{x}\cdot\ln\left(5\right)
1	\frac{1}{2\sqrt{4x^2+4}}8x
1	12\cdot x^2-4
1	-\frac{6\sin(3\ln(x))}{x}
1	x^22\ln\left(x\right)+x^2
1	e^{9x+2}\cdot9
1	\frac{x(x+8)}{(x+4)^{2}}
1	\frac{9}{(x+5)^2}
1	28x^3-8x^2
1	\frac{1}{x+5}-\frac{(x+2)}{(x+5)^2}
1	4\cdot(5x+4)^3\cdot5
1	5\cdot(\frac12x^{-\frac12})
1	\ln\left(2\right)+x
1	\frac{\frac{2}{x}\cdot x^2-4x\ln\left(x\right)}{x^4}
1	24x^3\operatorname{\mathrm{sen}}\left(x\right)+8x^4\cos\left(x\right)
1	\frac52^{}\cdot x^{-\frac12}
1	\frac{5-7}{(x+5)^2}
1	4x^{}
1	4^3e^{x}
1	\frac{8e^{x}x^2-8e^{x}2x}{x^24}
1	\frac{5}{2\sqrt1}
1	\frac{e^{x}}{x^3}+e^{x}\cdot(-3x^{-4})
1	\frac{5(1-2\ln(x))}{x^3}
1	\frac{(\frac{1}{x}\cdot x-\ln\left(x\right)\cdot1)}{x^2}
1	\frac{3(x\cos(x) - 2\sin(x))}{x^{3}}
1	-9\operatorname{\mathrm{sen}}\left(9x+3\right)
1	4(x^3+3)^3\cdot(2x^2)
1	2(7x+7)7
1	(\frac{x^{}-2}{x^3})7e^{x}
1	\frac{8x\cos(8x)-\operatorname{sen}(8x)}{x^{2}}
1	1\cdot\frac{(x+6)}{(x+6)^2}-1\cdot\frac{(x+5)}{(x+6)^2}
1	\frac{6\cdot1}{x}
1	22x^3-10x
1	12x^3-16x^2
1	\frac{(4x^2\cos\left(4x)-2x\right.\operatorname{\mathrm{sen}}\left(4x\right))}{x^4}
1	2\cos\left(x\right)-2\cdot\operatorname{\mathrm{sen}}\left(x)\right.
1	4x^3e^{6x}+x^46e^{6x^{\placeholder{}}}
1	25x+e^{x}
1	x^{\frac32}
1	(x+2)^{-1}+(x+8)\cdot(-(x+2)^{-2})
1	\cos\left(x\right)4\cdot2\operatorname{\mathrm{sen}}\left(x\right)
1	9x^2e^{9x}+2xe^{9x}
1	9\operatorname{\cdot\mathrm{sen}}\left(x\right)
1	30x^4-20x^3+0
1	18x^2-10x^2
1	2\cdot((3x^2\cdot e^{x})\cdot(2x^3\cdot e^{x})
1	\frac{2x\cos(x)-6\sin(x)}{x^4}
1	18\cdot\ln\left(x\right)^2\cdot\frac{1}{x}
1	\frac{5}{\placeholder{}}
1	-\operatorname{\mathrm{sen}}\left(6x+2\right)\cdot6
1	6\cos\left(x\right)e^{6\cos(x)e^{2\text{sen}(x)}}
1	\operatorname{x(2\mathrm{sen}}\left(x\right)+x^{}\cos\left(x\right))
1	2e^{x}\sin(x)+2e^{x}\cos(x)
1	\frac{1}{2\sqrt{2x^2+1}}2\cdot2x
1	\frac{-5}{(+3)^2}
1	e^{x}\operatorname{(\mathrm{sen}}\left(x\right)+\cos\left(x\right))
1	\frac{(3x^2e^{x}-6e^{x}x)}{x^4}
1	\frac{2x2}{2x^2+8}
1	\frac{\frac{6}{x}\cdot x^2-6\ln\left(x\right)\cdot2x}{(x^2)^2}
1	\frac{(8e^{x}\cdot x^2-8e^{x}\cdot2x)}{(x^2)^2}
1	4,5\cdot x^{-\frac12}
1	\frac{5x^3\cos\left(5x\right)-\operatorname{\mathrm{3x}^2\mathrm{sen}}\left(5x\right)}{x^6}
1	\frac{3(e^{x}x-e^{x}(}{x^2}
1	8xe^3+5
1	11x+e^{x}
1	4(x^2+4)^3\cdot(2x)
1	\frac{6\ln(x)}{x}
1	21x^{2}-8x
1	\frac{8}{2\sqrt{\left(x\right)}}
1	\frac{4x^3\cos(x) - 12x^2\operatorname{sen}(x)}{x^6}
1	-\operatorname{\mathrm{sen}}\left(X\right)
1	\frac{9(\cos\left(x\right)x^2-\cos\left(x\right)2x)}{x^4}
1	3e^{x}x\operatorname{\mathrm{sen}}\left(x\right)+3e^{x}\cos\left(x\right)
1	4(4x+6)^3\cdot(4)
1	6e^{x}(\operatorname{\mathrm{sen}}\left(x\right)+\cos(x))
1	\frac{(x+9)-(x+7)}{(x+9)}
1	\frac{2e^{x}(\sin(x)+\cos(x))}{1}
1	(8x+5)e^{4x^2+5-}
1	4-x^{4-1}+¨2
1	\frac{1 - \ln(x)}{x^2}
1	1\frac{\placeholder{}}{x}
1	\frac{7x\cos(7x)-3\sin(7x)}{x^{4}}
1	2x\left(x+5\right)^{-1}-x^2\left(x+5\right)^{-2}
1	40x+4
1	21x^2\operatorname{\mathrm{sen}}(x)+7x^3\cos\left(x\right)
1	8e^{x}(\frac{x-1}{x^2})
1	e^{4sen\left(x\right)}\left(4\cos\left(x\right)\right)
1	28x^2
1	\frac{4x}{4x^2+4}
1	-\frac12\cdot7
1	\frac{4\cos\left(4x\right)\cdot x^2-\operatorname{\mathrm{sen}}\left(4x\right)2x}{x^4}
1	3(x^3+9)^2x^23
1	\frac{8\cos\left(x\right)\cdot x^2-16\operatorname{\mathrm{sen}}\left(x\right)\cdot x}{x^4}
1	9\ln\left(x\right)^2x^{-1}
1	6(\frac{1}{x})
1	\frac{9x\cos(x)-18\sin(x)}{x^3}
1	\frac{5(x\cos(x) - 2\sin(x))}{x^3}
1	4x+e^{x^{\placeholder{}}}
1	3\cos\left(3x+8\right)
1	6\left(x^{}+1\right)e^{3x^2+6x}
1	36x^3e^{x}
1	\frac{1}{x+8}-\frac{x+}{(x+8)^2}
1	4s
1	\frac{x}{8}^{-1}
1	32x^{3-14x}
1	\frac52(x)
1	9\cdot2xe^{x}+e^{x}9x^2
1	\frac{}{}8e^{x}\cos(x)-8e^{x}\operatorname{\mathrm{sen}}(x)
1	\frac{x^22e^{x}-4e^{x}x}{x^4}
1	\frac{6(2x)}{6x^2+5}
1	8x-27x^2
1	\frac{e^{x}x^2-e^{x}2x}{e^{2x}}
1	e^{x}(\cos\left(x)-\operatorname{\mathrm{sen}}\left(x)\right)\right.
1	\dfrac{4}{(x+5)^{2}}
1	\frac{8x^2-16\ln\left(x\right)x^2}{x^6}
1	\frac{(0+3\cdot\frac{1}{x})\cdot x^2-3\cdot\ln\left(x\right)\cdot2x}{x^6}
1	18x^2+e^{\times}
1	\frac{\frac14x^2-8x\ln\left(x\right)}{x^4}
1	\frac{3x\cos(x) - 6\sin(x)}{x^4}
1	\frac{2x^2-2\ln\left(x\right)x^2\cdot3}{x^6}
1	\frac{x}{2}^{-\frac12}
1	\frac{5-3}{(x+5)^2}
1	\frac{4\cdot e^{x}\cdot x^3-4\cdot e^{x}\cdot3x^2}{x^6}
1	\frac{(\frac{6}{x})\cdot(2x)-(6\ln\left(x\right))\cdot(2x)}{x^4}
1	\frac{2x\left(x+6\right)-x^2\left(x+6\right)}{\left(x+6\right)^2}
1	e^{x}\cdot8x^4+e^{x}\cdot32x^3
1	\frac{20\ln\left(x\right)\ln\left(x\right)\ln\left(x\right)}{x}
1	\frac{3(e^{x}x^3-e^{x}3x^2)}{x^6}
1	4x^3\cdot e^{4x}+x^4\cdot e^{4x}\cdot4
1	6e^{x}(\cos(x)-\sen(x))
1	\frac{-9}{x^{x}}
1	e^{4x+6}x4
1	\frac{3x\cos(x) - 3\sin(x)}{x^2}
1	8e^{x}\operatorname{\cdot(\mathrm{sen}}\left(x\right)+\cos\left(x\right))
1	\dfrac{x\cos(x)-2\sin(x)}{x^{3}}
1	6\cos(x)-3\operatorname{sen}(x)
1	2(8x+2)^2
1	-\operatorname{\mathrm{sen}}\left(x\right)\cdot(9x+6)+\cos\left(9x+6\right)\cdot9
1	\frac{9\cdot4\ln\left(x\right)^3}{x}
1	\frac{8x}{(4x^2+3)}
1	\frac{2\cos\left(x\right)\cdot x^2-2\operatorname{\mathrm{sen}}\left(x\right)\cdot2x}{2x}
1	\frac{\frac{1}{x}x^3-3x\cdot\ln\left(x\right)}{x^6}
1	e^{x}(6x^2+2x^3)
1	\frac{0x-4}{x^2}
1	8e^x(\cos(x)-\sin(x))
1	\frac{3x^{2}\cdot\left(x+7\right)-x^{3}}{\left(x+7\right)^{2}}
1	(4x^3+7)e^{7x}
1	(6+3x)\cdot xe^{x}
1	\frac{e^{x}(2x-x^2)^{}}{x^4}
1	3x(x\cos(x) + 2\sin(x))
1	2xe^{4x}\left(1+2x\right)
1	9\cdot3x^2\cdot\ln\left(x\right)+\frac{9x^3}{x}
1	15x^3
1	9x^{2^{^{}}}+8
1	\frac{1}{2\ln\left(10\right)}
1	\frac{6}{2x}
1	\left(8x+6\right)e^{4x^{2}+6x}
1	7(\frac{x^2-\ln\left(x\right)2x^2}{x^9})
1	9x-2
1	\frac{\left(\left(4\ln x)\cdot\left(3x^2\right)\right)-\left(\left(\frac{4}{x}\right)\cdot\left(x^3\right)\right)\right)}{\left(x^3\right)^2}
1	e^{x}+5xe^{x}
1	e^{6x+5}\left(6\right)
1	2x^2\ln\left(x\right)+x^2
1	3x^{-0\cdot5}
1	\frac{(5x^2-5\ln\left(x\right)3x^2)}{x^6}
1	\frac{x^2-\ln\left(x\right)3x}{x^6}
1	5e^{x}\cos\left(x\right)-\operatorname{\mathrm{sen}}\left(x\right)5e^{x}
1	\left(x+1\right)^{-1}-\left(x+6\right)\left(x+1\right)^{-2}
1	9(x^3+3)^2x^2
1	\frac{3e^{x}\cdot x-3\cdot e^{x}}{x^2}
1	16^3e^{x}+4x^4e^{x}
1	\frac{\frac{4}{x}\cdot x-4\cdot\ln\left(x\right)}{x^2}
1	\frac{3x^2\cos\left(3x\right)-2x\operatorname{\mathrm{sen}}\left(3x\right)}{x^6}
1	16x^3-8x^{}+0
1	18x^2\ln\left(x\right)+9x^2
1	6e^{x}x^{-2}^{}(x-3)
1	\frac{2\cos\left(2x\right)-\operatorname{\mathrm{sen}}\left(2x\right)\cdot2x}{x^4}
1	9\cdot\frac12x^{-\frac12}
1	6x^{-2}
1	e^{8x+8}8
1	(x+7)\cdot(x+6)
1	3(3x^3\operatorname{\mathrm{sen}}\left(x\right)+x^4\cos\left(x\right))
1	2d
1	-\frac{20\operatorname{\mathrm{sen}}(5\ln(x))}{x}
1	\frac{9(1 - 2\ln(x))}{x^3}
1	12\left(x+1\right)^3
1	\frac{x3e^{x}-3e^{x}}{x^2}
1	\frac{x+8-\left(x+7\right)}{\left(x+8\right)^2}
1	10x^2\cdot\frac{1}{x}
1	\frac{4\cos\left(x\right)x-8\operatorname{\mathrm{sen}}\left(x\right)}{x^3}
1	35x+6
1	e^{5x}
1	-36x^{3+}6x^2
1	10^{x}\cdot\ln\left(\right)
1	24\operatorname{\mathrm{sen}^3}\left(x\right)^{}\cos\left(x\right)^{}
1	4\cos(x)-6\sen(x)
1	2xe^{2x}x^2e^{2x}
1	0\sqrt{x}+\frac{1}{(2\sqrt{x)}}5
1	\frac{\left(x+9\right)-\left(x+2\right)}{\left(x+9\right)^2}
1	8e^{x}\cos\left(x\right)-8\operatorname{\mathrm{sen}}\left(x\right)e^{x}
1	\frac{4-8\ln\left(x\right)}{x^3}
1	\frac{4x}{4x^2+2}
1	\frac{6x}{(3x^2+8)}
1	\frac{16x^3}{x}
1	2(4x+1)4
1	15\cdot e^{5\operatorname{\mathrm{sen}}\left(x\right)}\cdot\cos\left(x\right)
1	9x^2\cdot\ln\left(x\right)+3x^2
1	\frac{x^23(x+8)-x^3}{(x+8)^2}
1	8\cdot\left(\left(e^{x}\cdot sen\left(x\right)+\left(e^{x}\cdot\cos\left(x\right)\right)\right)\right.
1	2\cdot e^{x}\cdot\cos\left(x\right)+2\cdot e^{x}\cdot-\operatorname{\mathrm{sen}}\left(x\right)
1	25\cdot(5x+8)^4
1	(3(2x\operatorname{\mathrm{sen}}\left(x\right)+x^2\cos\left(x\right)))
1	28x^4e^{x}
1	\frac{1}{(x\ln\left(10\right)}
1	(e^{4x^2+5x})\cdot(8x+5)
1	5\cdot\left(7x+5\right)^4\cdot7
1	\frac52\cdot x^{\frac32}
1	\frac{2x\cos(2x)-3\sin(2x)}{x^{4}}
1	8\left(\left(e^{x}\cdot sen\left(x\right)\right)+\left(e^{x}\cdot\cos\left(x\right)\right)\right)
1	\frac{(4\operatorname{\mathrm{\cos\left(x\right)}}x^2-8\operatorname{\mathrm{sen}}\left(x\right)x)}{x^4}
1	\frac{7}{7\sqrt{x}}
1	\frac{(8e^{x}\cdot x^3-8e^{x}\cdot3x^2)}{x^6}
1	(8e^{x})\cdot(1+xe^{x})
1	3(1+(\tan\left(x\right))^2)
1	\ln\left(7x^2+5\right)\cdot14x
1	\frac{2x(4-8\ln\left(x\right))}{x^2}
1	\frac{9x\operatorname{\mathrm{sen}}\left(x\right)-27\cos\left(x\right)}{x^4}
1	\frac{x-2\ln\left(x\right)x}{x^4}
1	4x^2\operatorname{\mathrm{sen}}\left(x\right)+x^4\operatorname{\mathrm{sen}}\left(x\right)
1	20x^3\cdot5x^4\ln\left(x\right)
1	\dfrac{2e^{x}(x-2)}{x^{3}}
1	2\left(\frac{\cos\left(x\right)x-\operatorname{\mathrm{sen}}\left(x\right)}{x^2}\right)
1	\frac{6-6\ln\left(x\right)}{x^2x}
1	4x^3(4^{}\operatorname{\mathrm{sen}}\left(x\right)+x\cos\left(x\right))
1	\frac{-5e^{x}}{x^6}
1	5\left(4x+9\right)^44
1	\frac{7\cos\left(x\right)}{x^3}-\frac{7\operatorname{\mathrm{21}\mathrm{sen}}\left(x\right)}{x^4}
1	4\ln\frac{\left(x\right)^33}{x}
1	\frac{5(x\cdot e^{x}-e^{x})}{x^2}
1	-28x^3+18x^2
1	5\cos(x) - 4\sin(x)
1	\frac{\cos\left(6x\right)6x^2-2\operatorname{\mathrm{sen}}\left(6x\right)x}{x^4}
1	\frac{7\cos\left(x\right)x-14\operatorname{\mathrm{sen}}\left(x\right)x}{x^2}
1	\frac{(7x-7\ln\left(x\right)2x)}{x^4}
1	\frac{4\cos\left(3x\right)x^2-2\operatorname{\mathrm{sen}}\left(3x\right)x}{x^4}
1	12^{2+7}
1	4(x^3+1)^3(3x^2)
1	\frac{(8\cos\left(x\right)x^2-16\operatorname{\mathrm{sen}}\left(x\right)x)}{x^4}
1	-7x^{-2}x
1	\frac{e^{x}(x-2)}{x3}
1	3\cdot\frac{2\ln\left(x\right)}{x}
1	\frac52\cdot(x)
1	6(3x+8)
1	\frac{(5e^{x}\cdot x^3-15e^{x}x^2)}{x^6}
1	14x\cdot e^{x}+9x^2\cdot e^{x}
1	25
1	\frac{2x^2+4x-x^2}{x^2+4x+4}
1	\frac{27x^5\ln\left(x\right)}{x}
1	\frac{2\cdot\left(\left(\frac{1}{x}\cdot x^2\right)-\left(\ln\left(x\right)\cdot2x\right)\right)}{x^4}
1	3x^2(3x^2\ln\left(x\right)+1)
1	4\cdot-\operatorname{\mathrm{sen}}\left(3\ln\left(x\right)\right)\cdot\frac{3}{x}
1	3(-\frac{1}{x^2})
1	\left(x+4\right)^{-1}-\left(x+9\right)\left(x+4\right)^{-2}
1	\frac{7(x^23x^2\ln\left(x\right))}{x^6}
1	5x^4+2
1	24x^{3-6x}
1	6\cdot5\left(6x+3\right)^4
1	\frac{7-21\ln(x)}{x^{4}}
1	12x^4
1	\frac{9}{(x+1)^{2}}
1	30(\cos\left(x\right))^4
1	-\frac{2}{(x + 6)^2}
1	6x^{3^{}}+24x^2
1	8\cdot\left(\left(\left(e^{x}\cdot sen\left(x\right)\right)+\left(e^{x}\cdot\cos\left(x\right)\right)\right)\right)
1	10x\cdot\frac{1}{x}
1	\frac{1}{8x^2}
1	\frac{(x+6-x-8)}{(x+6)^2}
1	\frac{4x^5-12\ln\left(x\right)x^2}{x^6}
1	\frac{2x}{\sqrt{2x^2+9}}
1	12x^2e^{x}+e^{x}
1	\frac{8x}{\sqrt{8x^{2}+4}}
1	\frac{4e^{x}\cdot x^2-4e^{x}2x}{x^4}
1	\frac{(x^2+12x)}{x^2+12x+3}
1	\frac{-8}{2x^2}
1	\cos\left(x\right)\operatorname{2\mathrm{sen}}\left(x\right)
1	\frac{(e^{x}\cdot3x^2)-(e^{x}\cdot3x^2)}{x^6}
1	3\cdot3x+2
1	3x^2+2e^{x}+6x
1	8(x^2+1)^3x
1	8x^3-12x+0
1	\frac{e^{x}}{x^2}
1	30x^3+e^{x}
1	2(3e^{3\operatorname{\mathrm{sen}}\left(x\right)}\cos\left(x)\right)^{}
1	6x2-4x
1	5(3x+4)^4\cdot3
1	4(x^3+2)^3(3x^2)
1	\frac{6x^2-6\ln\left(x\right)\cdot2x}{x^5}
1	\frac{8(e^{x}x^3-3e^{x}x^2)}{x^6}
1	\frac{\cos\left(4x\right)4x^2-\operatorname{\mathrm{sen}}\left(4x\right)x2}{x^4}
1	\frac{1}{2x^{\frac32}}
1	3(4x^3\operatorname{\mathrm{sen}}\left(x\right)+\cos\left(x\right)x^4)
1	3\cos(x)-6\text{sen}(x)
1	\frac{x^23(x+1)-x^3}{(x+1)^2}
1	9(3x+1)^2
1	\frac{6\left(1-\ln\left(x\right)x\right)}{x^2}
1	9(2\operatorname{\mathrm{sen}}\left(x\right))\cos\left(x\right)
1	-\operatorname{\mathrm{5}\mathrm{sen}}\left(5x+8\right)
1	\frac{3e^{x}\left(x^3+3x^2\right)}{x^6}
1	\frac{4x^2e^{x}-8xe^{x}}{x^4}
1	\frac{3(x\cos(x)-\operatorname{\mathrm{sen}}(x))}{x^2}
1	5\cos\left(x\right)-2\operatorname{\mathrm{sen}}\left(\operatorname{\mathrm{sen}}\left(\placeholder{}\right)\right)
1	9e^{x}\cdot x^2-9e^{x}\cdot2x
1	e^{(3x^2+9x)}(6x+9)
1	6\cdot5(\operatorname{\mathrm{sen}}\left(x\right))^4\cdot\cos\left(x\right)
1	9x^2+e^2
1	9(x^3+4)^2x^2
1	10\cdot(5x+2)^4
1	14x\ln\left(x\right)+7^{}
1	\frac{\left(\left(\frac{8}{x}\right)\cdot\left(x^3\right)-\left(8\ln x\right)\cdot\left(3x^2\right)\right)}{\left(x\right)^3)^2}
1	\frac{x+9-x-4}{(x+9)^2}
1	-\frac{6\,\operatorname{sen}\left(2\ln(x)\right)}{x}
1	\frac{6\left(1-\ln x\right)}{x^2}
1	2e^{x}\cdot\cos\left(x\right)+2e^{x}\cdot\operatorname{-\mathrm{sen}}\left(x\right)
1	\frac{x+1-x+6}{x^2+2x+1}
1	4x^{3+5}
1	\frac{1}{9x+6}\cdot9
1	e^{4x+5}4
1	\frac{1}{7x^2+1}\cdot14x
1	8(2x\cdot e^{x}+x^2e^{x})
1	\frac{16x}{2\sqrt{8x^2+2}}
1	5e^{x}^{}\operatorname{\mathrm{sen}}\left(x\right)+5e^{x}\cos\left(x\right)
1	\frac{(2\operatorname{\mathrm{sen}}\left(2\ln\left(x\right)\right))}{x}
1	2\left(4x^3\ln x+x^3\right)
1	(4x^2+3)^{-\frac12}4x
1	\cos\left(2x+6\right)\cdot2
1	0e^{x}+6e^{x}
1	\frac{9e^{x}}{x^2}-\frac{9e^{x}}{x^3}
1	\frac{5x^3-15x^2}{x^5}
1	\frac{((2x\cdot x+6)-(x^2\cdot1))}{(x+6)^2}
1	3x^2e^{x}\cdot1
1	9\left(\frac{1-\ln\left(x\right)}{x^2}\right)
1	12x^3e^{x}+e^{x}3x^4
1	3e^{x}\left(\cos\left(x\right)+\operatorname{\mathrm{sen}}\left(x\right)\right)
1	-\frac{5}{x^2+8x+16}
1	\frac{(2x\cdot x+6)-(x^2\cdot1)}{(x+6)^2}
1	\frac{1}{(4x+6)}\cdot4
1	\frac{\frac{4}{x}x^2-8x\ln\left(x\right)}{x^4}
1	x^2e^{7x}(3+7x^{})
1	\frac{\left(3x^2\cdot\left(x+8\right)\right)-\left(x^3\cdot1\right)}{\left(x+8\right)^2}
1	(\frac{(x+3)}{(x+3)^2}-\frac{(x+6))}{(x+3)^2}
1	4(2x+9)^3(2)
1	\frac{1}{2\sqrt{x}}7
1	3\cdot4x^2-2\cdot3x
1	3(x^2+4)^2\cdot2x
1	\left(3\cdot2x+3\right)e^{3x^2+3x}
1	\frac{3x^2\cdot(x+3)-x^3}{(x+3)^2}\cdot1
1	35x^4-9
1	35x^4-36x^3
1	32x^3\operatorname{\mathrm{sen}}x+8x^4\cos x
1	(7\cdot5)x^4+8
1	\frac{3x^3\cdot18x^2-x^3}{x^2+18x+81}
1	9e^{x}\operatorname{\mathrm{sen}}\left(x\right)-9e^{x}\cos\left(x\right)
1	\frac{3x^{-0.5}}{2}
1	2x\cdot\ln\left(x\right)+x^2\cdot\frac{1}{\ln\left(x\right)}
1	25x^4-36^3+3
1	\frac{(\frac{7}{x}x^3-7\ln\left(x\right)x^3)}{x^6}
1	\frac{6x\cos(x) - 12\sin(x)}{x^3}
1	4x^3\cdot e^{5x}+x^4\cdot5e^{5x}
1	e^{2x+3}2
1	2e^{x}\cdot x^{-3}-2e^{x}\cdot-\frac{3}{x^2}
1	\frac{2\cdot4\ln\left(x\right)^3}{x}
1	\frac{(\frac{6}{x}x^3-6\ln\left(x\right)3x^2)}{(x^3)^2}
1	\frac{2\cos\left(2x\right)}{x^3}-3\frac{\operatorname{\mathrm{sen}}\left(2x\right)}{x^4}
1	\frac{x(x+12)}{(x+6)^2}
1	18x\cdot\ln\left(x\right)+\frac{1}{x}\cdot9x^2
1	\frac{x^3-3e^{x}x^2}{(x^3)^2}
1	e^{6x+7}
1	4\cdot x^3+e^{x}
1	\frac{5e^{x}\cdot x^3-3x^2\cdot5e^{x}}{x^6}
1	x^{^3}\ln\left(3\right)
1	\left(10x+9\right)e^{5x^{2}+9x}
1	5(\operatorname{\mathrm{sen}}\left(x\right))^4\cos\left(x\right)
1	e^{6x}\left(3x^2+6x^3\right)
1	\dfrac{4}{(x+8)^{2}}
1	\frac{\cos\left(3x\right)3\cdot x^3-\operatorname{\mathrm{sen}}\left(3x\right)\cdot3x^2}{x^6}
1	\frac{\cos\left(6x\right)\cdot6x-\operatorname{\mathrm{sen}}\left(6x\right)}{x^2}
1	\frac{(7\cos\left(x)x-7\operatorname{\mathrm{sen}}\left(x\right)\right.)}{x^2}
1	9x^2\left(x^3+1\right)^2
1	-\operatorname{\mathrm{sen}}\left(4\ln\left(x\right)\right)\cdot\frac{1}{x}
1	\frac{4\cos\left(x\right)\cdot x^3-4\operatorname{\mathrm{sen}}\left(x\right)\cdot3x^2}{x^{3^2}}
1	\frac{e^{x}(9x^2-18x)}{x^4}
1	10(2x+7)^4
1	7(\frac{\cos\left(x\right)x^2-\operatorname{\mathrm{sen}}\left(x\right)2x}{x^4})
1	-\frac{2\operatorname{\mathrm{sen}}\left(\ln\left(x\right)\right)}{x}
1	324(1x+1)^3
1	4e^{x}\operatorname{\mathrm{sen}}\left(x\right)+4e^{x}(\cos\left(x\right))
1	\frac{\left(\left(4\ln x\cdot3x^2\right)-\left(\frac{4}{x}\cdot x^3\right)\right)}{x^6}
1	4(3x^2\ln\left(x\right)+\frac{x^3}{x})
1	\frac{\cos\left(8x\right)\cdot x^3\cdot8-3x^2\cdot\operatorname{\mathrm{sen}}\left(8x\right)}{x^{3\cdot2}}
1	\frac{-1}{\sqrt2}
1	\frac{4x^2\cos\left(x\right)-8x\cos\left(x\right)}{x^4}
1	7e^{x}\cos\left(x\right)+7e^{x}(-\operatorname{\mathrm{sen}}\left(x)\right)
1	\frac16x^{-2^{}}
1	-7\operatorname{\mathrm{sen}}\left(7x+8\right)
1	(x+3)-(x-1)
1	8e^{x}(\cos\left(x\right)+\operatorname{\mathrm{sen}}\left(x\right))
1	\frac{\frac{2}{x}\cdot x^3-2\ln\left(x\right)3x^2}{x^6}
1	\frac{7e^{x}(x^2)-7e^{x}(2x)}{(x^2)^2}
1	\frac{x}{12}
1	\frac{(5x^3\cos\left(x\right)-15x^2\operatorname{\mathrm{sen}}\left(x\right))}{x^6}
1	5\cdot-x^{-2}
1	\frac{7\cos\left(x\right)}{x^3}-\frac{\operatorname{\mathrm{21}\mathrm{sen}}\left(x\right)}{x^4}
1	-5\cdot x^{-2}
1	\frac{(1)\cdot(x+5)-(x+7)\cdot1}{(x+5)^2}
1	\frac{5x^4}{x}\cdot20x^3\ln\left(x\right)
1	\frac{1}{x+6}-\frac{\left(x+2\right)}{\left(x+6\right)^2}
1	\frac{(x+7-x+3)}{(x+7)^2}
1	36\cdot x^3-6\cdot x^2
1	-\frac{2}{\left(x-3\right)^2}
1	\frac{9e^{x}x^3-3x^29e^{x}}{x^6}
1	\frac{-4}{(x+8)^2}
1	-12x
1	7\frac{\cos\left(7x\right)}{x^2}-\frac{2\operatorname{\mathrm{sen}}\left(7x\right)}{x^3}
1	35(7x+9)^4
1	\frac{5x^2-3x^25\ln\left(x\right)}{x^6}
1	4\cdot x^{-\frac12}
1	-\frac{4\cos\left(4\ln\left(x\right)\right)}{x}
1	\frac{\cos\left(x\right)\cdot x^2-\operatorname{\mathrm{sen}}\left(x\right)2x}{x^4}
1	4,5\cdot x^{-0,5}
1	6)
1	\frac{\frac{4}{x}\cdot x^2-4\ln\left(x\right)2x}{x^4}
1	4^{x}^{}\ln\left(4\right)
1	e^{3x^2+6x}(3(2x)+6)
1	\frac{1}{3\ln\left(3\right)}
1	\frac{(1-\ln\left(x^{}\right))}{x^2}
1	\frac{2\cos\left(x\right)x^3-6x^2\operatorname{\mathrm{sen}}\left(x\right)}{x^3}
1	-36x^3+21x^2
1	6\left(3x^2e^{x}+x^3e^{x}\right)
1	\frac{(3x^2(x+4)-x^3)}{(x+4)}
1	\frac{4xe^{x} - 4e^{x}}{x^{2}}
1	40x^{4^{\placeholder{}}}-6x
1	32x^3\ln\left(x\right)+8xe^3
1	28x^3\cdot\operatorname{\mathrm{sen}}\left(x\right)+7x^4\cdot\cos\left(X\right)
1	\frac{(6e^{x}x^2-12xe^{x})}{x^4}
1	14x^2
1	35\operatorname{\mathrm{sen}}\left(x\right)\cos\left(x\right)
1	18x^{2+e^{x}}
1	\dfrac{-2}{(x+7)^{2}}
1	\frac{5x\cos\left(x-5\operatorname{\mathrm{sen}}\left(x\right)\right.}{x^2}
1	\frac{-3}{(x+5)^{2}}
1	\frac{8(\cos\left(x\right)-\operatorname{\mathrm{sen}}\left(x\right))}{x}
1	\frac{6e^{x}(x^3-3x^2)}{x^6}
1	\frac{5\cos\left(x\right)}{x^3}-\frac{15\operatorname{\mathrm{sen}}\left(x\right)}{x^3}
1	\frac{24\cdot\ln\left(x\right)^3}{x}
1	\frac{7\cdot\cos\left(x\right)\cdot x^2-14\operatorname{\cdot\mathrm{sen}}\left(x)\cdot x\right.}{x^4}
1	\frac{7\sqrt{x}}{2x}
1	49x^3-6x
1	\frac{5x}{\sqrt{5x^2+4}}
1	4x(2\sen(x)+x\cos(x))
1	1\cdot\cos\left(x\right)+4\cdot-\operatorname{\mathrm{sen}}\left(x\right)
1	6e^x(\sin(x)+\cos(x))
1	12x^3\operatorname{sen}(x) + 3x^4\cos(x)
1	9\ln\left(x\right)\cdot\frac{1}{x}
1	4x^3+32x
1	4x^3\cdot e^{4x}+x^4\cdot4e^{4x}
1	\frac{1}{3x+7}3
1	3\left(7x+1\right)^27
1	4\cdot2xe^{x}+4x^2e^{x}
1	\frac{\cos\left(x\right)\cdot x^3-\operatorname{\mathrm{sen}}\left(x\right)\cdot3x^2}{x6}
1	5\cdot\operatorname{\mathrm{sen}}\left(x\right)^4\cdot\cos\left(x\right)
1	8\cos\left(8x+1\right)
1	\frac{1}{x}\cdot\log_{10}\left(e\right)
1	\frac12x\left\lbrace-\frac{^1}{2}\right\rbrace
1	12x\cdot\ln\left(x\right)+3x
1	\frac{7}{x}+6\ln\left(x\right)
1	10x^2\operatorname{\mathrm{sen}}\left(x\right)+5x^2\cos\left(x\right)
1	15x^2\cdot\operatorname{\mathrm{sen}}\left(x\right)+5x^3\cdot\cos\left(x\right)
1	\frac{5}{\left(x+7\right)^2}
1	\cos\left(2x+9\right)2
1	\frac{(x+7)3x^2-x^3}{(x+7)^2}
1	-9\operatorname{\mathrm{sen}}\left(9x+8\right)
1	\frac{\left(\frac{8}{x}.x-8\ln\left(x\right)\right)}{x^2}
1	\frac{3(x\cos(x)-3\operatorname{sen}(x))}{x^4}
1	\frac12\cdot9x^{-\frac12}
1	\frac{5\cos\left(5x\right)\cdot x^3-\operatorname{\mathrm{sen}}\left(5x\right)\cdot3x}{x^6}^2
1	21x^2\operatorname{\cdot\mathrm{sen}}\left(x\right)+7x^3\cdot\cos\left(x\right)
1	-9
1	8\cdot\frac{1}{x^2}
1	\frac{1}{8x^2+1}16x
1	2\left(x^2+3\right)2x
1	25\cos(x)\,e^{5\operatorname{sen}(x)}
1	7x^2+21x^2\ln\left(x\right)
1	2xe^{2x}+x^2e^{2x}2
1	\frac{5x\cos(5x)-2\sin(5x)}{x^{3}}
1	-\frac{14}{x^3}\ln\left(x\right)+\frac{7}{x^3}
1	\frac{6}{x^2}+6\ln\left(x\right)\cdot(-\frac{2}{x^2})
1	9e^{x}+e^{x}
1	8\cdot(e^{x}\operatorname{\mathrm{sen}}\left(x\right)+e^{x}\cos\left(x\right))
1	3(7x+4)^2\cdot7
1	\frac{1\cdot x+4-1\cdot x+2}{(x+4)^2}
1	4(3x+2)^33
1	\frac{1}{x+8}-\frac{(x+2)}{x^2}
1	6x-e^{x}
1	\frac{\left(x+4\right)-\left(x+8\right)}{\left(x+4\right)^2}
1	\cos\left(x\right)6
1	4\cdot4\cdot\left(\operatorname{\mathrm{sen}}\left(x\right)\right)^3\cos\left(x\right)
1	8x+9)e^{4x^2+9x}
1	\frac{(6x^3-18\ln\left(x\right)x^2)}{x^6}
1	\frac{(3\cdot\operatorname{\mathrm{\cos\left(x\right)}}\cdot x^3-\operatorname{3\cdot\mathrm{sen}}\left(x\right)\cdot3x^2)}{x^6}
1	\frac{3x^2\left(x+7\right)-x^3}{\left(x+7\right)^{"}}
1	\frac{(x+5)-\left(x+6\right)}{\left(x+5\right)^2}
1	7(\frac{1-\ln\left(x\right)2}{x^4})
1	\frac{4x}{2\sqrt{2x^2+1}}
1	36x^3-3x^{2^{\placeholder{}}}^{}
1	-\frac{4\,\operatorname{sen}\left(4\ln(x)\right)}{x}
1	20x^4e^{x}+5x^4e^{x}
1	e^{2x^2+5x}\left(4x+5\right)
1	\frac{7(e^{x}\cdot x^2-e^{x}\cdot2\cdot x)}{x^4}
1	e^{6x}(6x^4+4x^3)
1	\frac{-(2e^{x})}{x^{^3}}
1	\frac{\cos\left(7x\right)\cdot7\cdot x-(\operatorname{\mathrm{sen}}\left(7x\right))}{x^2}
1	\frac{8\cdot\left(\left(e^{x}\cdot x^3\right)-\left(e^{x}\cdot3x^2\right)\right)}{x^6}
1	\frac{7e^{x}\cdot x-7e^{x}}{x^{2}}
1	\frac{\left(1-\ln\left(x\right)\right)}{x^2}
1	\frac{1}{x}7\cdot3\ln\left(x\right)^2
1	7\cdot2\operatorname{\mathrm{sen}}\left(x\right)\cdot\cos\left(x\right)
1	4(-\operatorname{\mathrm{sen}}\left(3\ln\left(x\right)\right))\frac{3}{x}
1	12x^2\ln(x) + 4x^2
1	3\cdot5\cos\left(x\right)\cdot e^{5\operatorname{\mathrm{sen}}\left(x\right)}
1	\frac{2x+11}{(x+4)^2}
1	\frac{x+4-x-3}{(x+4)^2}
1	\cos\left(2x+8\right)2
1	6\cdot\left(-\frac{1}{x^2}\cdot e^{x}+e^{x}\cdot\frac{1}{x}\right)
1	\frac{4\cdot\cos\left(4x\right)\cdot x^2-\operatorname{\mathrm{sen}}\left(4x\right)\cdot2x}{x^4}
1	\frac{e^{5x+4}}{x}
1	\cos\left(x\right)3\cdot5\operatorname{\mathrm{sen}}^4\left(x\right)
1	\frac{1}{(10\ln\left(x\right)}
1	8\cdot5(8x+2)^4
1	\frac{2(2x)}{2\sqrt{2x^2+4}}
1	6e^{x}\cdot\frac{1}{x^2}-12e^{x}\cdot\frac{1}{x^3}
1	e^{x}\cos\left(x\right)+e^{x}\cdot\left(-\operatorname{\mathrm{sen}}\left(x\right)\right)
1	x\cdot4^{x-1}
1	-\operatorname{\mathrm{sen}}\left(5x+6\right)+\cos\left(5\right)
1	6e^{x}x^{-3}(1-3x^{-1})
1	\frac{(x+4)-(x-5)}{(x+5)^2}
1	\frac{(x+6)-\left(x+9\right)}{(x+6)^2}
1	\frac{(2\cos\left(2x\right)-3x^2\operatorname{\mathrm{sen}}\left(2x\right))}{x^6}
1	10x^{}\operatorname{\mathrm{sen}}\left(x\right)+5x^2\cos\left(x\right)
1	\left(6x+8\right)e^{3x^2+8x}
1	\frac{2e^{x}}{x^3}-2e^{x}\cdot-\frac{3}{x^4}
1	x^{\text{2}}
1	45\operatorname{\mathrm{sen}}^4\left(x\right)\cdot\cos\left(x)\right.
1	\frac{(0-x-5\cdot1)}{x^2}
1	\frac{(3x+4-x^21)}{(x+4)^2}
1	7\cdot4\cdot x^3e^{x}+7x^4\cdot e^{x}
1	\frac{(2x(x+8)x-x^2)}{(x+8)^2}
1	21x^2\cdot\ln\left(x\right)+\frac{1}{x}\cdot7x^3
1	\frac{18x}{2\sqrt{(9x^2+2)}}
1	4\cdot(7x+9)^3\cdot7
1	\frac{1}{x^2}\cos\left(3x\right)3-\frac{2\operatorname{\mathrm{sen}}\left(3x\right)}{x^3}
1	8+e^{x}
1	\frac{4x^2-12x^2\ln\left(x\right)}{xe^6}
1	4\left(\ln\left(x\right)\right)^3\cdot\frac{1}{x}
1	36(\operatorname{\mathrm{sen}}\left(x\right))^3\cos\left(x\right)
1	\frac{2x^{3^{}}+18x^2}{(x+6)^2}
1	8\cdot3x-4x
1	\frac{1}{(x+8)}-\frac{(x+7)}{(x+8)^2}
1	36x^3-9x^{2^{\placeholder{}}}^{}
1	\frac{x^2-3x^2\ln\left(x\right)}{(x^3)^2}
1	6e^{x}(\frac{x^{}+3}{x^{-7}})
1	(6x^2-6x
1	\frac{x-(\ln\left(x\right)2x)}{x^4}
1	\frac{(2e^{x}\cdot x-x)}{-x^2}
1	9+9\tan\left(x\right)
1	\frac{1}{\cos\left(x\right)^2\left.\right)}
1	e^{x^2+2x}\left(2x+2\right)
1	\frac{(3e^{x}x^3-\placeholder{}^{\placeholder{}}x^2e^{x})}{x^6}
1	\frac{d}{dx}\left[9e^{x}\cos(x)\right] = 9e^{x}(\cos(x)-\sin(x))
1	\frac{5(\cos\left(x\right)\cdot x-\operatorname{\mathrm{sen}}\left(x\right))}{x^2}
1	20x^3+e^x
1	18x\cos\left(x\right)+9x^2\operatorname{\mathrm{sen}}\left(x\right)
1	\ln\left(7x\right)+\ln\left(6\right)
1	\frac{4}{\left(x+5\right)^{2}}
1	\frac{6}{\left(x+7\right)^2}
1	(20x^3\cdot e^{x})+(5x^4\cdot e^{x)}
1	e^{4x^2+3x}\cdot(8x+3)
1	\frac{8(x\cos(x) - 3\sin(x))}{x^4}
1	-e^{x}
1	5\cos(x)e^{5\sin(x)}
1	\frac{(x+7)2x-x^2}{(x+7)^2}
1	24\operatorname{\mathrm{sen}}\left(x\right)\operatorname{\mathrm{sen}}\left(x\right)\cos\left(x\right)
1	27\operatorname{\mathrm{sen}}\left(x\right)\operatorname{\mathrm{sen}}\left(x\right)\cos\left(x\right)
1	5x^3(4\ln\left(x\right)+1)
1	10\operatorname{\mathrm{sen}^4}\left(x\right)
1	9x^2\operatorname{\mathrm{sen}}\left(x\right)+3x^2\cos\left(x\right)
1	6\left(4x^3\operatorname{\mathrm{sen}}\left(x\right)+x^4\cos\left(x\right)\right)
1	-\operatorname{\mathrm{sen}}\left(x\right)\cdot2
1	4e^{x}x\operatorname{\mathrm{sen}}\left(\placeholder{}\right)+4e^{x}\cos\left(x\right)
1	5e^{x}\operatorname{\mathrm{sen}}\left(x\right)+5^{}e^{x}\cdot\cos\left(x\right)
1	\frac{4}{(x+8)^{2}}
1	\frac{\frac14x^2-2x4\ln\left(x\right)}{x^4}
1	14x^2e^{x}+7x^3e^{x}
1	\frac{1}{(5x+7)}\cdot5
1	\frac{x\cdot(x+6)}{(x+6)^2}-\frac{(x+5)\cdot x}{(x+6)^2}
1	\frac{(2x(x+1-x^2)}{(x+1)^2}
1	10xe^{x}+e^{x}5x^2
1	9x^2+e^{x}^{}
1	-3\operatorname{\mathrm{sen}}\left(3x+7\right)
1	\frac{7}{-\sqrt{x}}
1	\frac{(x+7)}{(x+7)^2}-\frac{(x+2)}{(x+7)^2}
1	9e^{x}(\operatorname{\mathrm{sen}}\left(x\right))
1	-\frac{2x}{x^2}
1	2(6x+3)6
1	9x^2e^{x}+e^{x}18x
1	15x^4-16x^3
1	e^{4x^2+2x}\left(4\cdot2x+2\right)
1	\frac{9\cdot((\frac{1}{x}\cdot x)-(\ln\left(x))\right)}{x^2}
1	\frac{8(x\cos(x) - \sin(x))}{x^{2}}
1	\frac{(5x^2-15x^3\ln\left(x\right))}{x^6}
1	\frac{-8\operatorname{\mathrm{sen}}\left(\ln\left(x\right)\right)}{x}
1	28(7x+6)^3
1	\frac{5x}{(5x^2+9)}
1	\frac{1}{2\sqrt{6x^2+7}}(12x)
1	(2\cdot2x+1)e^{2x^2+x}
1	6\cos x-2\operatorname{\mathrm{sen}}x
1	\frac{\frac{4}{x}\cdot\ln\left(x\right)-4\ln\left(x\right)\cdot2x}{x^4}
1	\frac{28\ln(x)^3}{x}
1	\cos\left(5x+6\right)(5)
1	\frac{9}{\ln\left(9x+9\right)}
1	-\frac{9}{\sqrt{x}}
1	8\cdot3x^2-9\cdot2x+0
1	e^{3x^2+x}\cdot\left(6x+1\right)
1	e^{x}x(2+x^{})
1	\frac{8\operatorname{\mathrm{sen}}\left(8x\right)x-\operatorname{\mathrm{sen}}\left(8x\right)}{x^2}
1	e^{2x^2+6x}4x+6
1	9\cdot4x^3-6x^2
1	\frac{\left(x+3\right)-\left(x+5\right)}{\left(x+5\right)^2}
1	\frac{(x+9)-(x+4)}{(x+4)^2}
1	2(3x+5)3
1	\frac{(x+6)3x^2-x^3}{(x+6)^2}
1	\frac{32(\ln\left(x\right)^3)}{x}
1	\frac{5x^2e^x - 10xe^x}{x^4}
1	\frac{4(\frac{1}{x}x-\ln\left(x\right))}{x^2}
1	(6x^2\cdot e^{x})+(2x^3\cdot e^{x})
1	2\operatorname{sen}(x)\cos(x)
1	e^{4x^2+x}(4(2x)+1)
1	4(7x+6)^3\cdot7
1	20x^3\operatorname{\mathrm{sen}}\left(x\right)+3x^4\cos\left(x\right)
1	7\cdot\frac{\frac{1}{x}\cdot x^2-\ln\left(x\right)\cdot2x}{x^4}
1	e^{x}\cdot x^{-1}+e^{x}\cdot(-x^{-2})
1	3x^3(4\ln\left(x\right)+1)
1	\frac{7x^2-7\ln\left(x\right)x^23}{x^6}
1	x^{2}(3\ln(x)+1)
1	\frac{4}{\placeholder{}}
1	\frac{6x^2-3x^26\ln\left(x\right)}{x^6}
1	4\sec^2(x)
1	28x^3\ln\left(x\right)+(\frac{7x^4}{x})
1	\frac{\cos\left(x\right)\cdot2\cdot x^2-\operatorname{\mathrm{sen}}\left(2x\right)\cdot2x}{x^4}
1	9\cdot3(\ln\left(x\right)^2)\cdot\frac{1}{x}
1	\frac{7x-14\ln\left(x\right)\cdot x}{x^4}
1	8x^3+32x^3\ln\left(x\right)
1	\frac{8}{x}(\ln\left(x\right))^3
1	10xe^{x}+5x
1	\frac{7e^{x}\cdot x^2-14xe^{x}}{x^4}
1	5\ln\left(\frac{1}{x}\right)
1	3\cdot5x^2
1	\frac{(\cos\left(3x\right)3x^2-2\operatorname{\mathrm{sen}}\left(3x\right)x)}{x^4}
1	(45\operatorname{\mathrm{sen}}\left(x\right)^4)\cdot(\cos\left(x)\right)
1	3(\cos\left(x\right)x^3-3x^2\operatorname{\mathrm{sen}}\left(x\right))
1	9\cdot\frac{1}{\cos\left(x\right)^2}
1	\frac12\cdot x^{\frac34}
1	\frac{6}{x\sqrt{x}}
1	\frac{7xe^{x}-14e^{x}}{x^3}
1	4e^{x}\ln\left(e\right)
1	\frac{\left(x+1\right)-\left(x+2\right)}{x^2+4x+4}
1	\frac{3\cdot(\frac{1}{x}\cdot x-\ln\left(x\right))}{x^2}
1	3\tan\left(\tan\left(\placeholder{}\right)\right)
1	\frac{5\cos\left(x\right)\cdot x-5\operatorname{\mathrm{sen}}\left(x\right)\cdot1}{x^2}
1	5e^{x}\cdot\cos\left(x\right)-5e^{x}\operatorname{\mathrm{sen}}\left(x\right)
1	40(\operatorname{\mathrm{sen}}\left(x\right))^4\cdot\cos\left(x\right)
1	\frac{5 - 15\ln(x)}{x^{4}}
1	\frac{\cos\left(x\right)}{x^2}-\frac{\operatorname{\mathrm{sen}}\left(x\right)}{x^3^{}}
1	\frac{2(\cos\left(x\right)\cdot x^3-\operatorname{\mathrm{sen}}\left(x\right)\cdot3x^2)}{x^6}
1	x¨2
1	20x+8
1	12x^3\cdot7
1	\frac{1}{(x+3)}-\frac{(x+5)}{(x+3)^2}
1	\frac32\cdot\frac{-1}{x^2}
1	\frac{x^3\cos\left(x\right)}{x^6}-\frac{3x^2\operatorname{\mathrm{sen}}\left(xx^6\right)}{\placeholder{}}
1	8x^{3^{}}-18x
1	-25\cdot\frac{\operatorname{\mathrm{sen}}\left(5\cdot\ln\left(x\right)\right)}{x}
1	\frac{(x+2)(2x)-x^2}{(x+2)^2}
1	\frac{-7}{(x+8)^2}
1	\frac{e^{x}(5x^2-10x)}{x^4}
1	10x\cdot e^{x}+e^{x}\cdot5x^2
1	\frac{4x^2\cos\left(x\right)-4\operatorname{\mathrm{sen}}\left(x\right)2x}{x^4}
1	-7e^{x}\operatorname{\mathrm{sen}}\left(x\right)
1	4\cos\left(x\right)-5\operatorname{\mathrm{sen}}\left(x)\right.
1	\frac{\cos\left(7x\right)}{x^3}-\frac{3\operatorname{\mathrm{sen}}\left(7x\right)}{x^4}
1	\frac{1}{x+1}-\frac{(x+5)}{(x+1)^2}
1	\frac{7(\cos\left(x\right)x^3-x^2\operatorname{\mathrm{sen}}\left(x\right))}{x^6}
1	\frac{4\left(4\ln\left(x\right)^3\right)}{x}
1	\frac{4(x\cos(x)-2\sin(x))}{x^{3}}
1	\frac{1}{1+\sqrt{x}}
1	3x^4\cos\left(x\right)+12x^2\operatorname{\mathrm{sen}}\left(x\right)
1	3\cdot\left(\left(e^{x}\cdot\operatorname{\mathrm{sen}}\left(x\right)\right)+\left(e^{x}\cdot\cos\left(x\right)\right)\right)
1	\frac{16x}{\left(8x^2+2\right)}
1	2\cdot\left(x^3+9\right)\cdot3x^2
1	\frac{9x\cos(x) - 18\sin(x)}{x^3}
1	4(x^3+9)^3(3x^2)
1	15x^4+24x^3
1	6x\operatorname{\mathrm{sen}}\left(x\right)3x^2\cos\left(x\right)
1	3\cdot x^{\frac{-1}{2}}
1	\frac{2e^{x}\cdot x-2e^{x}\cdot1}{x^2}
1	\frac{(3x-6)e^{x}}{x^3}
1	8e^{x}\cos\left(x\right)+8e^{x}(-\operatorname{\mathrm{sen}}\left(x\right))
1	\frac{8e^{x}x^3-3x^28e^{x}}{x^6}
1	\frac{8e^{x}(x-3)}{x^4}
1	4x\left(x^{2}+4\right)
1	\frac{(8\cdot x-1\cdot0)}{x^2}
1	8\operatorname{\mathrm{sen}^3}\left(x\right)\cos\left(x\right)
1	6x(2\operatorname{\mathrm{sen}}\left(x\right)+x\cos\left(x\right))
1	e^{x\ln\left(2\right)}\cdot\ln\left(2\right)
1	\frac{1}{x}8\cdot4\ln\left(x\right)^3
1	9e^{x}\left(\operatorname{\mathrm{sen}}\left(x\right)+\cos\left(X\right)\right)
1	\frac{5\left(\left(\frac{1}{x}\cdot x^2\right)-\left(\ln\left(x\right)\cdot2x\right)\right)}{x^4}
1	16x-15x
1	\dfrac{x(x+10)}{(x+5)^{2}}
1	8x-e^{x}
1	\frac{4x}{2x^{2}+1}
1	\frac{e^{x}(x+1)}{x^2}
1	\frac{24}{x}\ln\left(x\right)^2
1	\frac{(7\cos\left(x\right)x^3-7\operatorname{\mathrm{sen}}\left(x\right)3x^2)}{x^6}
1	\frac{3-7}{(x+3)^2}
1	\frac{6x^2-18x^2\ln\left(x\right)}{(x^3)^2}
1	(8e^{x}x-8e^{x})x^2
1	36x^{3}\sin(x)+9x^{4}\cos(x)
1	12x^3\ln\left(x\right)+3x^4
1	1\cdot5
1	e^{x}\cdot x^{-2}+e^{x}(-2x^{-3})
1	\frac{1}{(4x^2+9)}8x
1	\left(4x+3\right)e^{2x^2+3x}
1	\cos\left(2x+5\right)\cdot2
1	\frac{(\frac{8}{x}x^2-16x\ln\left(x\right))}{x^4}
1	\frac12(x^2+2)^{-\frac12}\cdot2x
1	8\cdot3\cdot x^2e^{x}+8\cdot x^3\cdot e^{x}
1	\frac{1}{9x^2+2}\cdot18x
1	4\operatorname{\mathrm{sen}}\left(x\right)+5-\operatorname{\mathrm{sen}}\left(x\right)
1	\frac{5}{(5x+5)}
1	\frac{9}{(9x+7)}
1	e^9
1	e^{x}(\operatorname{\mathrm{sen}}\left(x+\cos\left(x\right)\right)
1	\frac{1}{x^6}(3x^2+9\ln\left(x\right)x^2)
1	\frac{3x^2\left(x+8\right)-x^3}{\left(x+8\right)^6}
1	\frac{8e^{x}\cdot x^3-8e^{x}\cdot3x^2}{(x)^6}
1	8x\left(x^{2}+4\right)^{3}
1	9x^2\ln\left(x\right)+\frac{3x^31}{x}
1	\frac{1}{7x+3}\cdot7
1	\frac{-3}{\left(x+5\right)^2}
1	5^{x}\ln\left(5x\right)
1	x5^{x-1}\cdot1
1	21x^2(\ln\left(x))+7x^2\right.(\frac{1}{x})
1	\frac{6\cdot2x}{6x^2+8}
1	(4\cos\left(x\right))-5\operatorname{\mathrm{sen}}\left(x)\right.
1	\frac{(2\cos\left(2x\right)x^3-\operatorname{\mathrm{sen}}\left(2x\right)3x^2)}{x^6}
1	\frac{\frac{7}{x}(x^3)-7\ln\left(x\right))(3x^2)}{(x^3)^2}
1	\frac{\left(x+2\right)-\left(x+5\right)}{\left(x+2\right)^2}
1	40x+2
1	16x3+4
1	4x^4\cdot e^{x}+x^4\cdot e^{x}
1	7\cdot5x^4-7\cdot4x^3
1	9x^4e^{9x}+4x^3e^{9x}
1	\frac{9}{x}+\ln\left(x\right)
1	\frac{\left(1-1\right)}{\left(x+9\right)^2}
1	\frac{x+4-\left(x+8\right)}{\left(x+4\right)^2}
1	4\left(6x+7\right)^3\cdot6
1	7x+7\ln\left(x\right)2x
1	2\cdot\left(x^2+8\right)\cdot2x
1	24x^3\ln\left(x\right)+\frac{1}{x}6x^4
1	e^{5x^2+2x}\left(5\left(2x\right)+2\right)
1	-3e^{x}\operatorname{\mathrm{sen}}\left(x\right)+3e^{x}\cos\left(x\right)
1	e^{x}\left(2x+x^2\right)
1	\frac{6\cos\left(6x\right)}{x^3}-\frac{3\operatorname{\mathrm{sen}}\left(6x\right)}{x^4}
1	\frac{(4\operatorname{\mathrm{\cos\left(x\right)}})\cdot x^3-(4\operatorname{\mathrm{sen}}\left(x\right))\cdot3x^2}{(x^3)^2}
1	\frac{e^{x}}{x}-x^{-2}\cdot e^{x}
1	3\cdot4x^3-8\cdot3x^2
1	8e^{x}\left(\cos(x) - \sin(x)\right)
1	24\ln\left(x\right)^2\cdot\frac{1}{x}
1	e^{x}+12x^2
1	12^{}\cdot x^3+e^{x}
1	\frac12(9x^2+4)^{\frac{-1}{2}}18x
1	-\frac{2}{x^2^{\placeholder{}}}
1	-36x^3+12x^2
1	\frac{(x3^{}+8)-1)}{(x+8)^2}
1	x+1
1	\frac{4\cos\left(x\right)}{x^2}-\frac{2\operatorname{\mathrm{sen}}\left(4x\right)}{x^3}
1	\frac{2x(x+9)^{}-x^2}{(x+9)^2}
1	\frac{1(x+9)-1(x+1)}{(x+9)^2}
1	\frac{x^{2}\left(2x+21\right)}{\left(x+7\right)^{2}}
1	\frac{\operatorname{-\mathrm{sen}}\left(5\ln\left(x\right)\right)5}{x}
1	e^{7x+2}(7)
1	\frac{7(1 - 2\ln(x))}{x^3}
1	21x-6x
1	3\frac{1}{x}
1	\frac{9\cdot((e^{x}\cdot x)-(e^{x}))}{x^2}
1	(0)
1	2(\frac{1}{2\sqrt{x}})
1	\frac{2x(x+7)-1(x^2)}{(x+7)^2}
1	36x^3+18x^2
1	\frac{x+8-\left(x+2\right)}{\left(x+8\right)^2}
1	\frac{1}{2\sqrt{x}}x1
1	6e^{x}\cdot(\cos\left(x)\right.-\operatorname{\mathrm{sen}}\left(x)\right)
1	\frac{3}{(x+6)^{2}}
1	-5xe^{-2}
1	6\ln\left(x\right)\cdot\frac{3}{x}
1	e^{3x^2+9x}\cdot(6x+9)
1	-32x^3+24x^2
1	(7x+1)^{-1}\cdot7
1	-4\operatorname{\mathrm{sen}}\left(2\ln\left(x\right)\right)\cdot\frac{1}{x}
1	\frac{5x^2e^{x}-10xe^{x}}{x^4}
1	-32x^3+15x^2
1	2x\cdot\frac{(x+4)-x^2}{(x+4)^2}
1	16\cdot\operatorname{\mathrm{sen}^3}\left(x\right)\cdot\cos\left(x\right)
1	\frac{1}{x+9}-\frac{(x+2)}{(x+9)^2}
1	28x^3+1
1	2\cdot((3x^2\cdot e^{x})\cdot(2x^3\cdot e^{x}))
1	\frac{\frac{4}{x}\cdot x-4\ln\left(x\right)}{x^{2}}
1	8x^2.e^{x}+16xe^{x}
1	\frac{9\cos\left(x\right)}{x^2}+9\operatorname{\mathrm{sen}}\left(x\right)(-2x^{-3})
1	(7\cdot4\ln\left(x\right)^3)\cdot\frac{1}{x}
1	\frac{8\left(1 - \ln(x)\right)}{x^{2}}
1	\frac{1}{x^2+7}2x
1	\left(x+9\right)^{-1}-\left(x+7\right)\left(x+9\right)^{-2}
1	\frac{(4e^{x}\cdot3x^2-4e^{x}\cdot x^3)}{x^6}
1	\dfrac{7x\cos(x)-14\sin(x)}{x^{3}}
1	32x^3-16x^2
1	\frac{(\frac{6x}{x}-6\ln\left(x\right))}{x^2}
1	3(\cos\left(x\right)-\operatorname{\mathrm{sen}}\left(x\right))
1	6x^2\cdot\frac{1}{x}+12x\ln\left(x\right)
1	2e^{x}(\sin(x) + \cos(x))
1	\frac{3x\cos(3x)-2\sin(3x)}{x^{3}}
1	3(2x+9)^2\cdot(2)
1	\frac{1}{x+3}
1	2x\cdot\frac{1}{x}\cdot1
1	\frac{8\cdot\ln\left(x\right)^3}{x}
1	8(\frac{(\frac{1}{x})(x^3)-(\ln\left(x\right))(3x^2)}{(x^3)^2})
1	\frac{(x+1-x-7)}{(x+1)^2}
1	e^x(\sin(x) + \cos(x))
1	4e^{x}\left(\cos\left(x\right)-\operatorname{\mathrm{s}\mathrm{en}}\left(x\right)\right)
1	\frac{12\ln\left(x\right)\ln\left(x\right)}{\placeholder{}}
1	\frac12(4x^2+4)^{-\frac12}(8x^{})
1	4(5x+9)^3\cdot5
1	\frac{2x-4x\ln\left(x)\right.}{x^4}
1	4x^3e^{x}+e^{x}x^3
1	((x+3)-(x+5))(x+3)^2
1	\frac{8e^{x}\cdot x-8e^{x}\cdot1}{x^2}
1	\frac{4(x\cos(x)-2\operatorname{sen}(x))}{x^3}
1	(3e^{x}\cdot\operatorname{\mathrm{sen}}\left(x\right))+(3e^{x}\cdot\cos\left(x\right))
1	x^{-}\frac12
1	24x^{3^{}}e^{x}
1	27x^2\cdot\ln\left(x\right)+9x^2
1	-\frac{1}{9x}
1	27x^2\ln\left(x\right)+\frac{(9x^3)}{x}
1	\frac{7x\cos\left(x\right)-14\operatorname{\mathrm{sen}}\left(x\right)}{x^3}
1	3e^{x}\cdot\cos\left(x\right)+3e^{x}\cdot-\operatorname{\mathrm{sen}}\left(x\right)
1	\frac{2}{\sqrt{\left(x\right)}}
1	\frac{3}{(x+1)^2}
1	\frac{1}{2\sqrt{x^{}}}
1	\frac{\left(-1\right)}{\left(x+4\right)^2}
1	8(3x^2e^{x}+x^3e^{x})
1	\frac{8e^{x}(x-1)}{x^{2}}
1	8e^{x}(1+\cos\left(x\right))
1	4x^3\cdot e^{5x}+x^4\cdot5\cdot e^{5x}
1	2xe^{7x}+x^27x^{7x}
1	\frac{6\cdot((\frac{1}{x}\cdot x^3)\cdot(\ln\left(x\right)\cdot3x^2))}{x^6}
1	9e^{x}\sin(x) + 9e^{x}\cos(x)
1	\frac{3x^3+9x^2-x^3}{(x+3)^2}
1	\frac{4(x\cos(x) - \sin(x))}{x^2}
1	\frac{(3\cos\left(x\right)x^3-9x^2\operatorname{\mathrm{sen}}\left(x\right))}{x^{6^{\placeholder{}}}}
1	\frac{1}{7e^{x}}
1	4x\cdot\ln\left.(x\right)+\frac{2}{x}
1	-\operatorname{\mathrm{sen}}\left(4\ln\left(x\right)\right)\frac{4}{x}
1	12x^2e^{x}+4x^2e^{x}
1	8(2x\ln\left(x\right)+x^{})
1	\frac{10x}{(5x^2+4)}
1	\frac{2e^{x}x^2-2e^{x}}{x^4}
1	\frac{(6e^{x}\cdot x^3-6e^{x}\cdot3x^2)}{x^6}
1	2\cos(x)-2\sen(x)
1	\frac{e^{x}\cdot x-e^{x}\cdot1}{(x)^2}
1	8(2x+8)^3
1	9\cdot4x^3-16x
1	\frac{2x^3+9x^2}{x^2+6x+9}
1	2e^{x}(2x+x^2)
1	10x\cdot\ln\left(x\right)+5x^2\cdot\frac{1}{x\cdot\ln\left(e\right)}
1	\frac{\cos\left(5x\right)x-\operatorname{\mathrm{sen}}\left(5x\right)}{x^2}
1	20\left(4x+9\right)^4
1	\frac{2x\left(x+5\right)-x^2}{\left(x+5\right)}
1	6\cos(x)e^{2\text{sen}(x)}
1	9\frac{1-2\ln\left(x\right)}{x^3}
1	8e^{x}(x^2+2x)
1	\dfrac{7x\cos(x)-21\sin(x)}{x^{4}}
1	3\cdot5x^2-3x\cdot2
1	\frac{2}{\left(x+8\right)^2}
1	\frac{1}{x+4}-\frac{(x+5)}{(x+4)^2}
1	4^{}e^{x}\operatorname{\mathrm{sen}}\left(x\right)+4e^{x}\cos\left(x\right)
1	12x^2+18x^2
1	\frac{1}{3x^2+4}6x
1	\frac{1}{x+6}-\frac{(x+3)}{(x+6)^2}
1	9\cdot4x^3+2
1	3x\cdot e^{x}
1	\frac{8x}{4x^2+}
1	\frac{1}{x\cdot6+3}\cdot6
1	-4\operatorname{\mathrm{sen}}\left(3\ln\left(x\right)\right)(\frac{3}{x})
1	x^{3}e^{5x}\left(4+5x\right)
1	\frac{e^{x}(x^3)-e^{x}(3x^2)}{(x^3)^2}
1	4x^3\cdot\ln\left(x\right)+\frac{1}{x}\cdot x^4
1	24x^2\cdot e^{x}
1	\frac13x^{-\frac23}
1	9\cdot\frac{1}{2\cdot\sqrt{x}}
1	((7x^2)-(21\ln\left(x\right)x^2))x^5
1	2\cdot\cos\left(2x+5\right)
1	8e^{x}\cos\left(x\right)+8e^{x}\cdot(-\operatorname{\mathrm{sen}}\left(x\right))
1	\frac{\frac{1}{x}x^3-\ln\left(x\right)3x}{x^6}
1	2(x^3+5)\cdot(3x^2)
1	\frac{3}{\cos\left(x\right)\cdot\cos\left(x\right)}
1	2ex
1	\frac{(4x^2e^{x}-8xe^{x})}{x^4}
1	12x^{2}\left(x^{3}+9\right)^{3}
1	40x^3-6x
1	\frac{1}{2x^2+8}\cdot4x
1	32\ln^3\left(x\right)\cdot\frac{1}{x}
1	\frac{\frac{1}{x}\cdot x+\ln\left(x\right)\cdot1}{x^2}
1	9x^2e^{x}+3x^3e^{x}^{}
1	\frac{2e^{x}(x-1)}{x^2}
1	\frac{4e^{x}x^3+4e^{x}3x^2}{x^6}
1	\frac{8(1-2\ln(x))}{x^{3}}
1	-\sen(x)
1	\frac{(2x^3-15x^2)}{x^2+10x+25}
1	e^{x}\cdot(24x^2+8x^3
1	\frac{7\cdot e^{x}\cdot x^3-21\cdot e^{x}\cdot x^2)}{x^6}
1	e^{x^2+3x}\cdot2x+3
1	5(3x^2e^{x}+x^3e^{x})
1	-\operatorname{\mathrm{sen}}\left(4\ln\left(x\right)\right)4(\frac{1}{x})
1	\frac{\cos\left(5x\right)5x^2-2x\operatorname{\mathrm{sen}}\left(5x\right)}{x^4}
1	\frac{1}{x+2}-\frac{x+4}{(x+2)^2}
1	\frac{2x\left(x+1\right)-x^2}{(x+1)^2}
1	\frac{\ln\left(10\right)}{x}
1	7+\frac{1}{x}+1
1	3x^4+3
1	\frac{\frac{1}{x}\cdot x^2-\ln\left(x\right)2x}{x^4}
1	-\frac{2x}{\placeholder{}}^{-2}
1	\frac{(x+2)-(x+7)}{x^2+4x+4}
1	\frac{7xe^{x}-e^{x}}{x^2}
1	\frac{9-27\ln(x)}{x^{4}}
1	3(x^3+8)^2\cdot(x^2)
1	\frac{1}{\sqrt{\frac32}x}
1	6x+12x\ln\left(x\right)
1	x\operatorname{(2\mathrm{sen}}\left(x\right)+x^{}\cos\left(x\right))
1	7\operatorname{\mathrm{sen}}(x)
1	36(\operatorname{\mathrm{sen}}\left(x\right))^2\cos\left(x\right)
1	\frac{3(\cos\left(x\right)x^3-2x\operatorname{\mathrm{sen}}\left(x\right))}{x^4}
1	-\frac{1}{(x+7)^{2}}
1	\frac{\cos\left(x\right)\cdot x-\operatorname{\mathrm{sen}}\left(x\right)\cdot2x}{x^4}
1	\frac{\left(x+9\right)-\left(x+5\right)}{\left(x+9\right)^2}
1	5e^{x}\operatorname{\mathrm{sen}}\left(x\right)\cdot-1+5e^{x}\operatorname{\mathrm{sen}}\left(x\right)
1	5x^{-2}
1	\frac{8x^3e^{x}+24x^3e^{x}}{x^6}
1	\frac{(x+8-x-9)}{(x+8)^2}
1	e^{x}(2x^2+4x)
1	\frac{8(2x)}{8x^2+2}
1	\frac{8x}{2\sqrt{4x^2+8}}
1	18x^2-4x+0
1	\frac{x^3-3x^2(x+6))}{(x+6)^2}
1	10(2x+8)^4
1	\left(2x+5\right)e^{x^{2}+5x}
1	26
1	\frac{3\cdot\left(\left(\frac{1}{x}\cdot x^3\right)-\left(\ln\left(x\right)\cdot3x^2\right)\right)}{x^6}
1	e^{x}\sen(x)+e^{x}\cos(x)
1	12\ln^2\left(x\right)\cdot\frac{1}{x}
1	45\operatorname{\mathrm{sen}}\left(x\right)^4
1	4x^{3}\cdot e^{x}+x^{4}\cdot e^{x}
1	9x^23
1	\frac{1}{x+2}+(x+3)(-(x+2)^{-2})
1	q
1	\frac{(e^{x}\cdot x^2)-(e^{x}\cdot2x)}{x^4}
1	\frac{8e^{x}\cdot x^{3}+8e^{x}\cdot3x^{2}}{x^{6}}
1	28x^3\operatorname{\mathrm{sen}}x+7x^4\cos x
1	e^{3x^2+8x}(6x+8)
1	6\cos\left(x\right)+6(-\operatorname{\mathrm{sen}}\left(x\right))
1	\frac{1}{3x^2+3}(6x)
1	\frac{8xe^x - 24e^x}{x^4}
1	(21x^2+x^3)\cdot e^{x}
1	\frac{6(\cos\left(x\right)\cdot x^2-\operatorname{\mathrm{sen}}\left(x\right)\cdot2x)}{x^4}
1	3\cos\left(x\right)-\operatorname{3\mathrm{sen}}\left(x\right)
1	7\ln x
1	4x^3e^{9x}+9x^469x
1	\frac{3\cos\left(x\right)}{x}-\frac{3\cos\left(x\right)}{x^2}
1	2\left(\frac{\frac{1}{x}\cdot x}{\placeholder{}}\right)
1	6(3x+7)
1	\frac{(9e^{x}\cdot x^2-9e^{x}\cdot2x)}{(x^2)^2}
1	e^{3x^2+8x}\cdot(6x+8)
1	\frac{\left(4\cos\left(4x\right)\cdot x^3-\operatorname{\mathrm{sen}}\left(4x\right)\cdot3x^2\right)}{x^6}
1	\frac{9 - 9\ln(x)}{x^2}
1	\frac{(6\cdot e^{x}\cdot x-6e^{x})}{x^2}
1	-\frac{6\,\operatorname{sen}\left(3\ln(x)\right)}{x}
1	e^{x}(7x^3+15x^2)
1	\frac{1}{20x(\sqrt{5x^2+2)}}
1	18x^2\operatorname{\mathrm{sen}}\left(x\right)+4x^3\cos\left(x\right)
1	6x(\frac{1}{x}
1	10+e^{x}
1	\frac{\left(6\cos\left(x\right)\cdot x-6\operatorname{\mathrm{sen}}\left(x)\right)\right)}{x^2}
1	\frac{1}{x}x-\ln x\left(1\right))
1	12x^3\cdot\frac{1}{x}
1	\frac{5(1-3\ln(x))}{x^4}
1	((x+7)-(x+6))\cdot(x+7)^{-2}
1	5\cdot\left(-\frac{1}{x^2}\cdot\ln\left(x\right)+\frac{1}{x^2}\right)
1	\frac{8}{2\sqrt2}
1	\frac{x^2 + 10x}{(x+2)^2}
1	5x\ln\left(5x)\right.
1	\frac{x+2-\left(x+7\right)\left(x+2\right)^2}{\placeholder{}}
1	\frac{5}{\cos\placeholder{}^2\left(x^{}\right)}
1	5e^{x}\cdot(3xx+5xxx)
1	-\frac{1}{x^2+8x+4}
1	4e^{x}\cos\left(x\right)+4e^{x}\cdot-\operatorname{\mathrm{sen}}\left(x\right)
1	6\cos\left(x\right)-\operatorname{2\mathrm{sen}}\left(x\right)
1	2x^3\ln\left(x\right)+8x^2
1	\frac{x\left(2x-4\ln\left(x\right)x\right)}{x^4}
1	\frac12x\text{\textasciicircum(-0,5)}
1	2\cdot e^{x}\operatorname{\cdot\mathrm{sen}}\left(x\right)+2\cdot e^{x}\cdot\cos\left(x\right)
1	\frac{1}{2\sqrt{x^2+1}}2x
1	\frac{4x^2\cos\left(4x)-2x\right.\operatorname{\mathrm{sen}}\left(4x\right)}{x^4}
1	0\cdot x^{\frac12}+4\cdot\frac12x^{-\frac12}
1	\frac{8}{\cos\left(x^{}\right)^2}
1	\frac{1}{x}2\ln\left(x\right)^2
1	4\cdot-1\cdot x^{-2}
1	\frac{1\cdot(x+7)-(x+1)\cdot1}{(x+7)^2}
1	9\left(\frac{e^{x}x-e^{x}}{x^2}\right)
1	15\cos\left(x\right)\operatorname{\mathrm{sen}}\left(x\right)^2
1	\frac{(1)(x+6)-(x+8)(1)}{(x+6)^2}
1	3\cos\left(x\right)-4\operatorname{\mathrm{sen}}\left(X\right)
1	\frac{7e^{x}\left(x^3-3x^2\right)}{x^6}
1	\frac{(8x\cos\left(x\right)-8\operatorname{\mathrm{sen}}\left(x\right))}{x^2}
1	3^2e^{x}+x^3e^{x}
1	3x^2\cdot\frac{(x+6)}{(x+6)^2}-\frac{x^3}{(x+6)^2}
1	\frac{1}{2\cdot\sqrt{8x^2+7}}\cdot16x
1	-\operatorname{\mathrm{sen}}\left(8x+7\right)8
1	4x^3\cdot e^{7x}+x^4\cdot7\cdot e^{7x}
1	-\operatorname{\mathrm{sen}}x
1	x\cdot x\cdot x\cdot x
1	6e^{x}(\frac{x^{}+3}{x^4})
1	\frac{(2x\cdot(x+7)-x^2\cdot1)}{(x+7)^2}
1	\frac{\left(7e^{x}x^2+14xe^{x}\right)}{x^4}
1	6x\cdot e^{x}+3x^2+e^{x}
1	9x^2(x^3 + 2)^2
1	8(-\operatorname{\mathrm{sen}}\left(8x+6\right))
1	e^{x}\cdot x^{-3}-\frac{3e^{x}}{x^2}
1	6\cdot\frac{1}{x^2}
1	\frac{(x+7)-(x+6)}{(x+7)\ln\left(\placeholder{}\right)}
1	4(x^2+3)x
1	7x^2\cdot e^{x}+14x\cdot e^{x}
1	5\operatorname{\mathrm{sen}}\left(x\right)-6\operatorname{\mathrm{sen}}\left(x\right)
1	\cos\left(4x+5\right)4
1	\frac{7\cos\left(x\right)x^2-14\operatorname{\mathrm{sen}}\left(x)x\right.}{x^4}
1	18\cdot\operatorname{\mathrm{sen}}\left(x\right)\cdot\cos\left(x\right)
1	(6x+9x)e^{3x^2+9x}
1	\frac{e^{x}x^3-3e^{x}x^2}{x^5}
1	16xe^{3+e^{x}}
1	36x^3\ln\left(x\right)+8x^3
1	\left(4e^{x}\cdot\cos\left(x\right)\right)+\left(4e^{x}\cdot-\operatorname{\mathrm{sen}}\left(x\right)\right)
1	\frac{3x^2(x+8)-x^3}{x^{^2}}
1	\frac{(x^2+18x)}{\left(x+9\right)^2}
1	e^{x}(6\cos\left(x\right)-6\operatorname{\mathrm{sen}}\left(x\right))
1	\frac{x+4-x+9}{(x+4)^2}
1	xe^{x}(2+x)
1	12x^3\operatorname{\mathrm{sen}}\left(x\right)+3x^4\cos\left(\placeholder{}\right)
1	40x^3+2
1	14x^3-4x+0
1	36\cdot\ln\left(x\right)^3\cdot\frac{9}{x}
1	4\cdot4x^3\ln\left(x\right)+4x^3
1	\frac{3x^2\cdot\left(x+9\right)-x^3}{\left(x+9\right)^{2}}
1	\frac{94\ln\left(x\right)^3}{x}
1	5\cdot(-\frac{1}{x^2})
1	\frac{1}{4x^2+8}\cdot(8x)
1	27(\operatorname{\mathrm{sen}}\left(x\right))^2\cos\left(x\right)
1	\dfrac{3(1-\ln(x))}{x^{2}}
1	\frac{1}{2\sqrt{6x^2+9}}12x
1	\frac{(x+9-x-6)}{(x+9)^2}
1	\frac{2(\frac{1}{x}x^2-\ln\left(x\right)2x)}{x^4}
1	(2x + 1)e^{x^2 + x}
1	16\cos\left(x\right)\cdot e^{4\operatorname{\mathrm{sen}}\left(x\right)}
1	5\cos\left(8x+2\right)
1	\frac{e^{x}x^2+2xe^{x}}{e^{2x}}
1	8(x^2+7)x
1	\frac{5}{x^4}-3\frac{5\ln\left(x\right)}{x^4}
1	9\cdot3\cdot\left(\ln\left(x\right)\right)^2\cdot\frac{1}{x}
1	\frac{3\left(2x\right)}{3x^2+5}
1	3x^2\cdot(x+8)^{-1}-x^3\cdot\left(x+8\right)^{-2}
1	-\operatorname{\mathrm{sen}}\left(2x+9\right)
1	-\frac{2}{\left(x+4\right)^2}
1	-6\operatorname{\mathrm{sen}}\left(6x+3\right)
1	\frac{5\left(x\cos(x)-\sin(x)\right)}{x^{2}}
1	9x4
1	10xe^{x}+5xe^{x}
1	2(3x+8)\cdot3
1	6e^{x}(\sin(x) + \cos(x))
1	e^{x}\cos\operatorname{\mathrm{sen}}\left(x\right)+e^{x}\cos\left(x\right)
1	\frac{\frac{1}{5x}x^3-10x^2\ln x}{x^6}
1	\frac{\left(x+4\right)-\left(x+9\right)}{\left(x+4\right)^2}
1	\frac{5(2x)}{5x^2+7}
1	9x-12x
1	\frac{2x\cdot(x+4)-x^2\cdot1}{(x+4)^2}
1	7(\operatorname{5\mathrm{sen}}^4\left(x\right))\cos\left(x\right)
1	\frac{\cos\left(x\right)x^2-\operatorname{\mathrm{sen}}\left(x\right)x2}{x^4}
1	12x^3\cdot e^{x}+3x^4e^{x}
1	12x^2(x^3+9)^3
1	\frac{1}{x}15\ln\left(x\right)^2
1	3+3\tan\left(x\right)^2
1	e^{x}\cos\left(x\right)+-e^{x}\operatorname{\mathrm{sen}}\left(x\right)
1	\frac{1-\ln\left(x\right))}{x^2}
1	20(5x+9)^3
1	\frac{8\cos\left(8x\right)x^3-\operatorname{\mathrm{sen}}\left(8x\right)3x^2}{(x^3^{})^2}
1	10x\cdot\ln\left(x\right)+\frac{5x^2}{x}
1	\frac12(2x^2+1)^{\frac{-1}{2}}4x
1	\frac{e^{x}\cdot x^3-e^{x}3x^2}{x^6}
1	6\cdot3x^2+e^{x}
1	6e^{x}x(2+x)
1	\frac{1}{3x+9}\cdot3
1	2(4x+2)4
1	\frac{\left(x+3\right)-\left(x+7\right)}{\left(x+3\right)^2}
1	\frac{3x^2\cdot(x+9)-x^3\cdot1}{(x+9)^2}
1	-\frac{6e^{x}}{x^2}+\frac{6e^{x}}{x}
1	\frac{8}{\cos\left(x\right)^2x}
1	2\sqrt{x^3}
1	\frac{9x\cos(x) - 9\sen(x)}{x^2}
1	\frac{-\operatorname{15\mathrm{sen}}\left(5\ln\left(x\right)\right)}{x}
1	8\operatorname{\mathrm{sen}}\left(x\right)\cdot-1
1	\frac{7e^{x}x^2-14xe^{x}}{x^4}
1	3\left(x^2+9\right)^22x
1	\frac{1}{x\sqrt2}
1	3e^x\sen(x) + 3e^x\cos(x)
1	\frac{2}{\left(x+3\right)^2}
1	\frac12\cdot(3x^2+8)^{-\frac12}\cdot6x
1	3x^2\ln\left(x\right)+x^3\frac{1}{x}
1	\frac{1}{(x\ln\left(5\right)}
1	\frac{8(1-\ln(x))}{x^2}
1	\frac{2e^{x}}{x^2}(x-1)
1	3e^{x}x^{-1}-3e^{x}x^{-2}
1	3(9x+4)^29
1	7(4\operatorname{5\mathrm{sen}}^4\left(x\right))\cos\left(x\right)
1	\frac{8x}{(4x^2+9)}
1	\cos\left(9x+7\right)9
1	7\cdot4x^3e^{x}+7x^4e^{x}
1	\frac{\left(x+5\right)-\left(x+9\right)}{\left(x+5\right)^2}
1	\frac{(8e^{x})\cdot(x^3)-(8e^{x})\cdot(3x^2)}{x^6}
1	\frac{3\cdot1-0\cdot x}{x^2}
1	2\frac{1}{x}
1	6xe^{x-1}
1	25x^4-28x^3
1	15x^3-18x
1	\frac{8x}{2\sqrt{4x^2+9}}
1	x^2(\frac{3x^3+3x^2-x^4}{(x+1)^2})
1	\frac{(x+6)-(x+8)}{(x+6)\ln\left(\placeholder{}\right)}
1	\frac{4(x\cos(x) - 3\sin(x))}{x^4}
1	45\operatorname{\mathrm{sen}}\left(x\right)^4)\cdot(\cos\left(x)\right)
1	\frac{(3e^{x}\cdot x-3e^{x}\cdot1)}{x^2}
1	6e^x\sen(x)+6e^x\cos(x)
1	\frac{9(2x)}{9x^2+6}
1	\frac{3(1 - 3\ln(x))}{x^4}
1	\frac{4(x\cos(x)-3\operatorname{sen}(x))}{x^4}
1	\frac{(5x\cos\left(5x\right)-\operatorname{\mathrm{sen}}\left(5x\right))}{x^2}
1	7e^{x}(4x^3+x^4)
1	21(7x+4)^2
1	4e^{x}(-\operatorname{\mathrm{sen}}\left(x\right))+4e^{x}\cos\left(x\right)
1	\frac{5x\cos\left(5x\right)-x\operatorname{\mathrm{sen}}\left(5x\right)}{x^2}
1	\sqrt{x}+\frac{5}{\sqrt{x}}
1	-e^{x}\operatorname{\mathrm{sen}}\left(x\right)+e^{x}+\operatorname{\cos}\left(x\right)
1	21x^2\cdot\ln\left(x\right)+9x^3\cdot\frac{1}{x}
1	\frac{2x}{(x^2+5)}
1	\frac{\frac{3}{x}x^3-10x^2\ln x}{x^6}
1	\frac{1}{x+3}-\frac{x+2}{(x+3)^{^2}}
1	2\cdot(\frac{1}{2\sqrt{x}})
1	\frac{x^2(x+8)-x^31}{(x+8)^2}
1	-\operatorname{\mathrm{sen}}\left(6x+6\right)6
1	\frac{(-9x)\cdot\cos\left(x\right)-9\operatorname{\mathrm{sen}}\left(x\right)}{x^2}
1	8x^{3-}21x^2+0
1	3\left(x^3+7\right)^2\cdot3x^2
1	\cos\left(x\right)4\operatorname{\mathrm{sen}}^3\left(x\right)
1	9e^{x}\cdot\cos\left(x\right)+9e^{x}\cdot-\operatorname{\mathrm{sen}}\left(x)\right.
1	6x^{}e^{x}+12xe^{x}
1	\frac{(7x^2-21x\ln\left(x\right))}{x^6}
1	6\cdot x\cdot(x^2+3)
1	\frac12(8x^2+5)^{\frac{-1}{2}}16x
1	\frac{-3}{\sqrt{x}}
1	\frac{(1\cdot x+4-x+9\cdot4)}{(x+4)^2}
1	\frac{7e^{x}x^2-7e^{x}2x}{(x^2)^2}
1	\frac{6x^{}-6\ln\left(x\right)\cdot2x}{x^{^4}}
1	3(\frac{1-\ln\left(x\right)}{x^2})
1	\frac{5x-10\ln\left(x\right)x}{x4}
1	3\cos(3x+1)
1	e^{4x+6}
1	e^{3x^2+4x}(3(2x)+4)
1	\frac{2\left(4\ln\left(x\right)^3\right)}{x}
1	21\cdot\operatorname{\mathrm{sen}}\left(x\right)^2\cdot\cos\left(x\right)
1	\frac{9\cos\left(9x\right)x^3-\operatorname{\mathrm{sen}}\left(9x\right)3x^2}{x^6}
1	25x+2
1	x^2(3\cdot\ln\left(x\right)+1)
1	7\cdot4x^3\cdot\operatorname{\mathrm{sen}}\left(x\right)+7\cdot x^4\cdot\cos\left(x\right)
1	\frac{1}{6\sqrt{x^2}}
1	8e^{x}(\operatorname{\mathrm{sen}}\left(x\right)-\cos\left(x\right))
1	\frac{4\cos\left(x4\right)x^2-\operatorname{\mathrm{sen}}\left(4x\right)2x}{x^4}
1	7\cdot2x\cdot\operatorname{\mathrm{sen}}\left(x\right)+7\cdot x^2\cdot\cos\left(x\right)
1	\frac{1}{8x^2+9}\cdot16x
1	(e^{5x+1})\cdot(5)
1	\frac{9\cos\left(x\right)x^2-\operatorname{\mathrm{sen}}\left(9x\right)2x}{x^4}
1	\frac{2x\left(x+3\right)-x^2\cdot1}{\left(x+3\right)^2}
1	\frac{(\frac{1}{x}x-\ln\left(x)1\right))}{x^2}
1	\frac{9\cos\left(x\right)x^2-18\operatorname{\mathrm{sen}}\left(x\right)x^{}}{x^4}
1	\frac{7\cos\left(x\right)x^2-2x\operatorname{\mathrm{sen}}\left(x\right)\cdot7}{x^4}
1	7\cdot4\cdot\left(\ln\left(x\right)\right)^3\cdot\frac{1}{x}
1	8x^39
1	\frac{\left(x+1\right)-\left(x+2\right)}{\left(x+2\right)^2}
1	3x^2e^{9x}+x^39x^{9x}
1	4\cdot e^{x}\cdot\operatorname{\mathrm{sen}}\left(x\right)+4\cdot e^{x}\cdot\cos\left(x\right)
1	\frac{1}{x+4}+(x+3)(-\frac{1}{(x+4)^2})
1	\frac{(x+7-x-10)}{(x+6)^2}
1	8(2x+1)^3
1	-\operatorname{\mathrm{sen}}\left(3x+2\right)\cdot3
1	4x^2\ln\left(4\right)
1	20^{3+e^{x}}
1	2\cdot\frac{1}{x}2x+7
1	e^{4x+1}\cdot4
1	3\left(\frac{1}{x}\right)
1	4\frac{1}{\sqrt{x}}
1	\frac{\left(\frac{6}{x}\cdot x^2-2x\cdot6\ln\left(x\right)\right)}{x4}
1	\frac{(-\operatorname{\mathrm{3}\mathrm{sen}}\left(3\ln\left(x\right)\right))}{x}
1	\frac{\frac{5}{x}\cdot x^3-5\ln\left(x\right)3x^2}{x^6}
1	6x(x^2+9)^3
1	4x^3e^{x5}+5x^4e^{5x}
1	4\sqrt1
1	\frac{6x^2\cos\left(x\right)-2x\operatorname{\mathrm{sen}}\left(6x\right)}{x^4}
1	8x(x^2 + 4)^3
1	\frac{\left(\frac{2}{x}\cdot x-2\ln\left(x\right)\right)}{x^2}
1	\left(4x+3\right)\cdot e^{2x^2+3x}
1	3\ln\left(x\right)^2\left(\frac{1}{x}\right)
1	2xe^{2x}\left(1+x\right)
1	e^{9x+3}
1	\frac{(5e^{x}x^2-10x^2e^{x})}{x^4}
1	\frac{5}{\cos\placeholder{}^2\left(x\right)}
1	8\cdot e^{8x+1}
1	3x^{\frac{-1}{2}}
1	\frac{\left(2x\left(x+1^{}\right)-x^2\right)}{\left(x+1\right)^2}
1	\frac{8x^2-32\ln\left(x\right)x^2}{x^6}
1	40(\operatorname{\mathrm{sen}}\left(x\right))^4\cos\left(x\right)
1	-3\cdot\operatorname{\mathrm{sen}}\left(3\ln\left(x\right)\right)\cdot\frac{3}{x}
1	\frac{7\cos\left(x\right)x^3-21\cos\left(x\right)\cdot x^2}{x^6}
1	\frac{\frac{x}{4}x^2-8x\ln\left(x\right)}{x^4}
1	\frac{x\cos(x)-\sin(x)}{x^2}
1	e^{7x}\left(4x^3+7x^4\right)
1	3e^{x}(\cos\left(x\right)-\operatorname{\mathrm{sen}}\left(x)\right)
1	\frac{3}{x^2+12x+36}
1	\frac{e^{x}x^2-e^{x}2x}{x^{34}}
1	-\frac{25\operatorname{\mathrm{sen}}\left(5\ln\left(x\right)\right)\left(\right)}{x}
1	\frac{1}{2\sqrt{2x^2+3}}(4x)
1	36x^3-24
1	\frac{(8\cos\left(x\right)\cdot x^3-8\operatorname{\mathrm{sen}}\left(x\right)\cdot3x^2)}{(x^3)^2}
1	\frac{(\frac{4}{x}x^3-12\ln\left(x\right)x^2)}{x^6}
1	\frac{5(x\cos(x) - \sin(x))}{x^2}
1	3(x^3+3)^23x^2
1	12xe^2
1	\frac{2x(x+1)-1(x^2)}{(x+1)^2}
1	\frac{\left(\frac{6}{x}\cdot x^2-2x\cdot6\ln\left(x\right)\right)}{x^4}
1	\frac{4}{\left(\cos\left(x\right)\right)^2}
1	\frac{-2x}{x^2}
1	6\cos\left(x\right)\cdot e^{2\operatorname{\mathrm{sen}}\left(x\right)}
1	\frac{5\cos\left(5x\right)x^3-\operatorname{\mathrm{sen}}\left(5x\right)3x^2}{x6}
1	27x^3-15x^2
1	8e^{x}\cdot\cos\left(x\right)+8e^{x}\cdot-\operatorname{\mathrm{sen}}\left(x)\right.
1	40\operatorname{\mathrm{sen}}^4\left(x\right)\cos\left(x\right)
1	\frac{\frac{2e^{x}}{x^3}+\frac{6e^{x}}{x^4}}{x^6}
1	-3\operatorname{\mathrm{sen}}\left(3x+6\right)
1	12x^4+e^{x}
1	2(2x+3)2
1	\frac12\frac{18x}{\sqrt{9x^2+7}}
1	8x^3\cdot\operatorname{\mathrm{sen}}\left(x\right)+2x^4\cos\left(x\right)
1	\frac{(7\cdot e^{x})\cdot x^3-7e^{x}\cdot3x^2)}{x^6}
1	\frac{5}{\left(x+9\right)^2}
1	\frac{8}{4x^2+6}
1	9\cdot e^{9x+3}
1	-\operatorname{\mathrm{sen}}\left(9x+7\right)\cdot9
1	-\frac{9}{x2}
1	3e^{x}\cos\left(x\right)-\operatorname{3e^{x}\mathrm{sen}}\left(x\right)
1	(\frac{2x^2+18x-x^2)}{(x+9)^2}
1	32x^2\cdot\ln\left(x\right)+\frac{1}{x}
1	\frac{3x^2(x+3)-x^3}{(x+3)}
1	\frac{4}{x^2}-\frac{4\ln\left(x\right)}{x^3}
1	9e^{x}\cdot\cos\left(x\right)+9e^{x}\cdot(-\operatorname{\mathrm{sen}}\left(x)\right)
1	\frac{4x^2\left(1-3\ln\left(x\right)\right)}{x^6}
1	2x(\ln\left(x\right))+x
1	\frac{9-27\ln(x)}{x^4}
1	\frac{\cos\left(x\right)}{x^2}-2\frac{\operatorname{\mathrm{sen}}\left(x\right)}{x^3}
1	6\cos\left(X\right)
1	9\cos(9x+9)
1	2^{x}\cdot2
1	8e^{x}-x^{-2}
1	21x^2\cdot e^{x}+7x^3e^{x}
1	\frac{(2x^2+14x)-x^2}{(x+7)^2}
1	15x^2\operatorname{\mathrm{sen}}\left(x\right)+5^{}x^3\cos\left(x\right)
1	6x^2(x^3+6)^2
1	\frac{1}{5\ln5}
1	\frac{8\cos\left(x\right)x^3-24\operatorname{\mathrm{sen}}\left(x\right)x^3}{x^6}
1	4x^3e^{7x}+7x^4e^{x}
1	\frac{2x^2(x+4)-x^3}{(x+4)^2}
1	12\cos\left(x\right)^3
1	40x^4-27x^2+0
1	\frac{x^26e^{x}-2xe^{x}}{x^4}
1	\frac{(x^{-1}x-\ln\left(x\right))}{x^{^2}}
1	4(x^3+6)^3\cdot x^23
1	\operatorname{7\mathrm{sen}}\left(7x+4\right)
1	\frac{2x\cos(x) - 4\sin(x)}{x^{3}}
1	(e^{x}x-e^{x})(x^{-2})
1	\frac{8x}{4x^{2}+1}
1	\frac{2x^3+6x^2}{x^2+4x+4}
1	-3\cdot\frac{1}{\sqrt{x}}
1	x^3e^{x}(4+x)
1	6\left(3x+6\right)
1	18\left(9x+3\right)
1	\frac{8x\cos(x)-24\sen(x)}{x^4}
1	\frac{x-2\ln\left(x\right)\cdot x}{x^4}
1	\frac{^{e^{x}}\cdot x^2-e^{x}\cdot2x}{(x^{(2)})^2}
1	e^{x}-\frac{2e^{x}}{x}
1	\frac{(8x^2e^{x}-16e^{x}x)}{x^4}
1	(2x(2+1)-x^2)\cdot(x+1)^{-2}
1	3\cdot\left(6x+4\right)^2\cdot6
1	20x^3\cdot\ln\left(x\right)+\frac{5x^4}{x}
1	\frac{(8\cos\left(x\right)x^2-16x\operatorname{\mathrm{sen}}\left(x\right))}{x^4}
1	8x^{}\cdot e^{x}+4x^2\cdot e^{x}
1	2x\cdot\frac{(x+2)}{(x+2)^2}-\frac{x^2}{(x+2)^2}
1	\frac{3}{x^2}-\frac{6\ln\left(x\right)}{x^3}
1	0+9\cdot\frac{1}{2\sqrt{x}}
1	\frac{4e^{x}}{x^2}-\frac{4e^{x}}{x^3}
1	3(2\operatorname{\mathrm{sen}}\left(x\right))\cos\left(x\right)
1	\left(-2\right)\operatorname{\mathrm{sen}}\left(x\right)
1	-\operatorname{\mathrm{sen}}\left(9x+8\right)
1	(6x\cdot\ln\left(x\right))+(3x^2\cdot x^{-1})
1	\frac{x+2-(x+9)}{(x+2)^2}
1	\frac{2x}{(x^2+2)}
1	3x^2e^{x}+3x^2^{}
1	\frac{3}{x^3}+\frac{3\ln\left(x\right)}{x^3}(-2)
1	\frac{6x\cos(x)-18\sin(x)}{x^4}
1	35x^44
1	\frac{2}{(2x+3)}
1	3\left(x^2+2\right)^2\cdot2
1	\frac{\cos\left(x\right)\operatorname{\mathrm{sen}}\left(x\right)+\operatorname{\mathrm{sen}}\left(x\right)\cos\left(x\right)}{(\cos\left(x\right))^2}
1	7\left(\frac{x-\ln\left(x\right)2x}{x^4}\right)
1	6(e^{x}\cdot\cos\left(x\right)-e^{x}\cdot\operatorname{\mathrm{sen}}\left(x\right))
1	3x^2\cdot\ln\left(x\right)+x^3+\frac{1}{x}
1	3\sin^{2}(x)\cos(x)
1	3+12x
1	2\operatorname{\mathrm{sen}}x
1	\frac12(8x^2+6)^{\frac{-1}{2}}16x
1	\frac{1}{15x^2}
1	\frac{(\cos\left(5x\right)5x-\operatorname{\mathrm{sen}}\left(5x\right))}{x^2}
1	\frac{2}{2\ln\left(x\right)}
1	12x^3\cdot\ln\left(x\right)+\frac{3x^4}{x}
1	2x+10
1	\frac{8x}{2\sqrt{(4x^2+3)}}
1	5\cdot x^4
1	\frac{9(1-3\ln(x))}{x^4}
1	2x^3+e^{x}
1	\frac{2e^{x}(x-3)}{x^{4}}
1	8x^{-2}
1	\frac{5x^2-10x^2\ln x}{x^6}
1	24x^3\cdot\ln\left(x\right)+\frac{1}{x}\cdot\ln\left(x\right)
1	36\left(9x+9\right)^{3}
1	\frac{2x^{3} + 18x^{2}}{(x+6)^{2}}
1	\frac{4x}{2\sqrt{(2x^2+6)}}
1	\frac{4\operatorname{\mathrm{x}^3\mathrm{sen}}\left(4x\right)\cos\left(4x\right)-3x^2\operatorname{\mathrm{sen}}\left(4x\right)}{x^6}
1	\frac{x(x+12)}{(x+6)^{2}}
1	6x(2\sin(x)+x\cos(x))
1	\ln\left(x+2\right)
1	\frac{3x^3-x^3}{(x+1)^2}
1	dx
1	\frac{(4x^3\cos\left(4x\right)-3x^2\operatorname{\mathrm{sen}}\left(4x\right))}{x^3}
1	\frac{6-6\ln(x)}{x^{2}}
1	\frac{2x^3\cdot18x^2}{(x+6)^2}
1	-3\cdot\frac12x^{\frac{-1}{2}}
1	\frac16\frac{1}{6\sqrt{x}}
1	\frac{3\cdot x^2-9\ln\left(x\right)\cdot x^2}{x^6}
1	\frac91
1	(x+2)^{-1}-(x+1)(x+2)^{-2}
1	\frac{(3x^2)(x+3)-(x^3)(1)}{(x+3)^2}
1	\frac{3\left(\cos\left(x\right)x^2-\operatorname{\mathrm{sen}}\left(x\right)2x\right)}{x^4}
1	3(x^2+8)^2(2x)
1	4\frac{x-3}{x^4}e^{x}
1	4\cdot e^{4\operatorname{\mathrm{sen}}\left(x\right)}\cdot4\cos\left(x\right)
1	6x^{2}\left(x^{3}+8\right)
1	\frac{1}{8x^2+3}8\cdot2x
1	18\ln\left(x\right)\cdot\frac{1}{x}
1	20\operatorname{\mathrm{sen}}\left(x)\right.^3\cos\left(x\right)
1	x6^{x}\ln\left(6\right)
1	32(8x+6)^3
1	\frac{3\cos^2\left(x\right)+3\operatorname{\mathrm{sen}}^2\left(x\right)}{\cos^2\left(x\right)}
1	\frac{8\cos\left(8x\right)x^3-\operatorname{\mathrm{sen}}\left(8x\right)x^23}{x^6}
1	3Ln\left(x\right)
1	\frac{\sqrt{x}}{2x}
1	\frac{(3\operatorname{\mathrm{sen}}\left(x\right)x^3-9x^2\cos\left(x\right))}{x^6}
1	e^{3x^2+7x}\cdot\left(6x+7\right)
1	\frac{2x}{x^{2}+9}
1	\frac{(2x^3\cos\left(x\right)-3x^2\operatorname{\mathrm{sen}}\left(2x\right))}{x^6}
1	\frac{18x\ln\left(x\right)}{9x^{3^{\placeholder{}}}}
1	6\cos\left(x\right)+\operatorname{\mathrm{sen}}\left(x\right)\cdot-4
1	6x+e^{x}+1
1	\frac{16x}{2\sqrt{(8x^2+4)}}
1	\frac{6x}{3x^3+3}
1	\frac{(x^3e^{x}-3x^2e^{x})}{x^6}
1	\frac{2x^3e^{x}-6x^2e^{x}}{(x^3)^2}
1	\frac{7\cos\left(x\right)\cdot x-7\operatorname{\mathrm{sen}}\left(x\right)\cdot1}{x^2}
1	\frac{\cos\left(x\right)x^3-3x^2\operatorname{\mathrm{sen}}\left(4x\right)}{x^6}
1	4x^{}\ln\left(4\right)
1	\ln\left(3\right)+1
1	16\cdot x+2
1	5\operatorname{\cos}\left(x\right)-6\operatorname{\mathrm{sen}}\left(x\right)
1	4\cos\left(-\right)
1	36x^{3+5}
1	(5x+4)\cdot e^{5x+4}+5e^{5x+4}
1	\frac{1}{\ln\left(\placeholder{}\right)}
1	\frac{\left(x\cos\left(x\right)-\operatorname{\mathrm{sen}}\left(x\right)\right)}{x^2}
1	\left(12x^2+4x^3\right)e^{x}
1	-\frac{2}{x^3}e^{x}+\frac{e^{x}}{x^2}
1	\frac{x+4+x+3}{\left(x+4\right)^2}
1	4\cdot\left(2x+2\right)^3\cdot2
1	\frac{5x^2\cos\left(x\right)-5\operatorname{\mathrm{sen}}\left(x\right)2x}{x^4}
1	\frac{(\frac{8e^{x}}{x^3}+\frac{24e^{x}}{x^4})}{x^6}
1	\frac{9e^{x}x^2-9e^{x}\cdot x\cdot2}{x^4}
1	\frac{6x}{(3x^2+1)}
1	8\cdot3\ln\left(x\right)^2\cdot\frac{1}{x}
1	\frac{2x^2\cdot(x+1)-x^3\cdot1}{(x+1)^2}
1	\frac{x+4-x+2)}{x+4)^2}
1	\frac{(\cos\left(x\right)x^3-\operatorname{\mathrm{sen}}\left(x\right)3x^2)}{x^6}
1	2x\operatorname{\mathrm{sen}}\left(x\right)+x^2\cos\left(X\right)
1	\frac{(8\cos\left(x\right)\cdot x^3)-(8\operatorname{\mathrm{sen}}\left(x)\cdot3x^2\right)}{x^6}
1	\ln\left(7\right)e^{x\ln\left(7\right)}
1	e^{x}\cdot6x(x+2)
1	\frac{\cos\left(4x\right)4x^2-2\operatorname{\mathrm{sen}}\left(x\right)x}{x^4}
1	\frac{7e^{x}x-7e^{x}}{x^{\placeholder{}^2}}
1	\frac{(\frac{8}{x})(x^3)-8\ln\left(x\right)3x^2}{(x^3)^2}
1	\frac{(1\cdot x+4-x+9\cdot1)}{(x+4)^2}
1	x^23e^{3x}+2xe^{3x}
1	2(3x^2e^{x}+x^3e^{x})
1	\frac{7}{\cos\left(x\right)\ln\left(\placeholder{}\right)}
1	\frac{x+2-x+3}{(x+2)^2}
1	4\cdot4xxx-2\cdot3xx
1	4(x^2+2)^3(2x)
1	12^{}x^2+e^{x}
1	35\operatorname{\mathrm{sen}}^5\left(x\right)\cos\left(x\right)
1	\frac{8x-16x\ln\left(x\right)}{(x^2)^2}
1	4x^2\cdot\frac{1}{x}+8x\ln\left(x\right)
1	\frac{1}{8x+5}8
1	-\operatorname{\mathrm{sen}}\left(-\right)
1	\frac14
1	\frac{6(x\cos(x)-\sen(x))}{x^{2}}
1	-\operatorname{\mathrm{sen}}\left(7x+8\right)\cdot7
1	6x^2e^{x}+2x^36e^{x}
1	11x+2
1	\frac{9\cdot((e^{x}\cdot x^2)-(e^{x}\cdot2x))}{x^4}
1	\frac{x\cos(x) - \operatorname{sen}(x)}{x^2}
1	\frac{7e^x x - 7e^x}{x^2}
1	9\cdot\frac{2x}{9x^2+4}
1	4(x^2+4)x
1	12xe^{x}+6x
1	21\operatorname{\mathrm{sen}}\left(x\right)\operatorname{\mathrm{sen}}\left(x\right)\cos\left(x\right)
1	2xe^{7x}+x^2e^{7x}\cdot7
1	\frac{9\cos\left(x\right)x-9\operatorname{\mathrm{sen}}\left(x\right)\cdot1}{x^2}
1	\frac{5x-5\ln\left(x\right)x\cdot2}{x^4}
1	-e^{x}\operatorname{\mathrm{sen}}\left(x\right)+e^{x}+\left(x\right)
1	4(2\operatorname{\mathrm{sen}}\left(x\right))\cos\left(x\right)
1	35x-24x
1	3e^x\sen(x)+3e^x\cos(x)
1	\frac{6}{\cos\left(x^2\right)}
1	5x^4+e^{x}
1	\frac12(7x^2+2)^{-\frac12}(7\cdot2x)
1	2x\cdot e^{7x}+x^2\cdot7\cdot e^{7x}
1	16x\ln\left(x\right)+8x^{}
1	3x^2\cdot4(x^3+3)^3
1	8x^3 e^x (x + 4)
1	12x^4+7
1	\frac{4}{\left(x+6\right)^{2}}
1	2(4x+1)\cdot4
1	15\cdot e^{3\operatorname{\mathrm{sen}}\left(x\right)}\cdot\cos\left(x\right)
1	\frac{(x+6-x-9)}{(x+6)^{^2}}
1	\frac{4(\frac{1}{x}x^3-\ln\left(x\right)\cdot3x^2)}{(x^3)^2}
1	\frac{7x^2-21\cdot\ln\left(x\right)\cdot x^2}{(x^3)^2}
1	8\cdot\left(\frac{1}{2\sqrt{x}}\right)
1	\frac{((1)\cdot(x+4)-((x+4)\cdot(1))}{(x+5)^2}
1	-\operatorname{\mathrm{5}.\mathrm{sen}}\left(5x+9\right)
1	5x^{\placeholder{}}
1	2\operatorname{\mathrm{sen}}\left(2\ln\left(x\right)\right)\cdot\frac{2}{x}
1	15\operatorname{\mathrm{sen}}^2\left(x\right)\cos\left(x\right)
1	\frac{4(1-\ln(x))}{x^2}
1	\frac{(x+6)-(x+7))}{(x+6)^2}
1	4x^3\cdot e^{6x}+x^4\cdot6\cdot e^{6x}
1	\frac{9(e^{x}x^2-2e^{x}x)}{x^4}
1	\frac{e^{x}}{x}+e^{x}\cdot(-x^{-2})
1	\frac{(2x^3+12x)}{(x+4)^2}
1	-12\cdot\frac{\operatorname{\mathrm{sen}}\left(4\ln\left(x\right)\right)}{x}
1	\frac{3x^2\left(x+1\right)-x^3)}{\left(x+1\right)^2}
1	\frac{5x}{(\sqrt{5x^2+2})}
1	12x\cdot\ln\left(x\right)+6x^{2}+\frac{1}{x}
1	\frac{(e^{x}\cdot x^3)-(e^{x}\cdot3x^2)}{x^6}
1	6e^{x}+e^{x}
1	\frac{(x+6)-(x+2)}{x^2+12x+36}
1	8\left(\frac{e^{x}x^2-e^{x}2x}{x^{24}}\right)
1	8x^{-1}
1	\frac42x^{-}\frac12
1	4\cos\left(x\right)+(5(-\operatorname{\mathrm{sen}}\left(x\right))
1	3\left(4^{}x^3e^{x}\right)
1	\frac{9\left(1-\ln\left(x\right)\right)}{x^2}
1	4\cdot8x^{3+9}
1	\frac{(2x(x+1)-x^2)}{(x+1)}
1	3x^2\cdot e^{7x}+x^3\cdot e^{7x}
1	4x^3e^{2x}+x^4e^{2x}2
1	-\frac{7e^{x}+1}{x^2}
1	\frac{7\cdot((\frac{1}{x}\cdot x)-(\ln\left(x\right))}{x^2}
1	0+\frac{1}{2\sqrt{x}}
1	\frac{3\cdot x^2\cdot\left(x+3\right)-x^3}{\left(x+3\right)^2}
1	\frac{6xe^{x}-12e^{x}}{x^3}
1	\frac{1}{(x+10)^{2}}
1	12x^4+8
1	\frac{9(1-3\ln\left(x\right))}{x^4}
1	\frac{2}{x}\ln\left(x\right)
1	\frac12(x^2+2)^{\frac{-1}{2}}2x
1	\frac{7e^{x}(x^{}-1)}{x^3}
1	(\ln\left(2\right)x)^{-1}
1	\frac92\cdot x^{\left(\frac12-1\right)}
1	\ln\left(4x+6\right)\cdot\frac{1}{x}(4x+6)\cdot4
1	e^{8x}(8x^4+4x^3)
1	18(\ln\left(x\right)^2\cdot\frac{1}{x}
1	7\cdot2\cdot\operatorname{\mathrm{sen}}\left(x\right)\cdot\cos\left(x\right)
1	\frac{(x+8)-(x+2)}{x^2+16x+64}
1	9\cdot e^{x}\cdot-\operatorname{\mathrm{sen}}\left(x\right)+9\cdot e^{x}\cdot\cos\left(x\right)
1	\frac{7(e^{x}x^3-e^{x}3x^2)}{x5}
1	2\cos\left(x\right)2\operatorname{\mathrm{sen}}\left(x\right)
1	6x^2(e^{x})+2x^3(e^{x})
1	\frac{(\frac{5}{x}\cdot x^3-5\ln\left(x\right)\cdot3x^2)}{(x^3)^2}
1	\frac{5\cos\left(x\right)-5x\operatorname{\mathrm{sen}}\left(x\right)}{x^2}
1	-3\cos\frac{\left(5\ln\left(x\right)\right)5}{x}
1	\frac{7\cos\left(x\right)}{x^3}-\frac{21\operatorname{\mathrm{sen}}\left(x\right)}{x^3}
1	\frac{4x\cos(x)-4\sin(x)}{x^2}
1	\operatorname{\mathrm{sen}}\left(3x+8\right)\cdot3
1	\frac52\sqrt{\frac{1}{x}}
1	7x^4e^{x}+28^3e^{x}
1	4x^3e^{8x}(1+2x)
1	\frac{2x(x+4)-x^2}{x^2+8x+16}
1	16x^{3+}e^{x}\cdot1
1	\frac{7}{x^3}-2\cdot\frac{7\ln\left(x\right)}{x^3}
1	18x^2-25x+0
1	\frac{6x}{\sqrt{6x+8}}
1	12\operatorname{\mathrm{sen}}\left(x\right)\operatorname{\mathrm{sen}}\left(x\right)\operatorname{\mathrm{sen}}\left(x\right)\cos\left(\placeholder{}\right)
1	8\cdot(\frac{\cos\left(x\right)\cdot x^3-3x^2\cdot\operatorname{\mathrm{sen}}\left(x\right)}{x^6})
1	-(x)^2
1	40(8x+1)^4
1	\frac{2\left(1 - 3\ln(x)\right)}{x^{4}}
1	8x\operatorname{\mathrm{sen}}x+4x^2\cos x
1	6\cos\left(6x+4\right)
1	\frac{3x1}{2}\frac{1}{\sqrt{x}}
1	\frac{6e^{x}x^2-2x\cdot6e^{x}}{x^4}
1	\frac12\cdot(9x^2+2)\cdot18x
1	\frac{6(\cos\left(x\right)x^2-2x\cos\left(x\right))}{x^4}
1	3x\cdot e^{6x}+x^3\cdot e^{6x}\cdot6
1	\frac{1}{x10}
1	32\cos\left(x\right)\operatorname{\mathrm{sen}}\left(x\right)^3
1	4,5x^{-\frac12}
1	\frac{6e^{x}\cdot x^2-6e^{x}\cdot2x}{(x^2)^2}
1	\frac{(1(x+3)-(x+8)1)}{(x+3)^2}
1	6x^2+1
1	12x^2\operatorname{\mathrm{sen}}\left(x\right)+6x^3\cos\left(x\right)
1	5\cdot\frac12\cdot x^{\frac{-1}{2}}
1	\frac{x\cos\left.(x\right)-\operatorname{\mathrm{sen}}\left(x\right)}{x^2}
1	12x^3\operatorname{\mathrm{sen}}\left(x\right)+3x^4\operatorname{\cos\left(x\right)}
1	35x^{4}-18x
1	8/x
1	4\cos\left(x\right)-5\cos\left(x\right)
1	3\frac{1-3\ln\left(x\right)}{x^4}
1	18x\cdot e^{x}+9x^{^2}+e^{x}
1	\frac{\frac{5}{x}x^2-5\ln\left(x\right)x^2}{x^4}
1	\frac{3e^{x}}{x^2}+\frac{3e^{x}}{x^4}
1	2^{x}\ln\left(4\right)
1	-\operatorname{\mathrm{sen}}\left(3x+3\right)3
1	\frac{1}{7x+8}7
1	5\cos\left(x\right)+2\cdot-\operatorname{\mathrm{sen}}\left(x\right)
1	3x^2e^{9x}+x^39e^{x9}
1	\frac{3x\cos(x) - 9\sin(x)}{x^4}
1	5^{x}\ln\left(5^{x}\right)
1	5(2x+1)^42
1	5(3x+1)^4\cdot(3)
1	\frac{x+9}{x^2}
1	\frac{-7}{2\sqrt{x}}
1	18x^2\cdot e^{x}+e^{x}\cdot6x^3
1	4x^3\cdot\ln x+x^4\cdot\frac{1}{x}
1	5^x\ln(5)
1	8(\frac{1-\ln\left(x\right)}{x^2})
1	\frac{e^{x}}{x^3}-\frac{e^{x}}{3x^4}
1	\frac{1}{4x^2+2}\cdot\ln\left(4x\right)
1	-2^{-2}
1	\frac{1\cdot(x+1)-(x+2)\cdot1}{(x+1)^2}
1	\frac{8e^{x}\cdot x^2-8e^{x}\cdot2x}{(x^2)^2}
1	4e^{x}\cos(x) - 4e^{x}\sin(x)
1	\frac{(6x)}{3x^2+5}
1	0\cdot\sqrt{x}+2\cdot\frac{1}{2\sqrt{x}}
1	\frac{\left(\left(\frac{8}{x}\right)\cdot\left(x^3\right)-\left(8\ln x\right)\cdot\left(3x^2\right)\right)}{\left(x\right)^6}
1	3(e^{x}\cdot\cos\left(x\right)-e^{x}\cdot\operatorname{\mathrm{sen}}\left(x\right))
1	\frac{4x\cos(4x)-\operatorname{\mathrm{sen}}(4x)}{x^2}
1	2e^x\operatorname{sen}(x) + 2e^x\cos(x)
1	e^{2x+1}\cdot2
1	4\cdot2\ln\left(x\right)\left(\frac{1}{x}\right)
1	\frac{7e^{x}\left(x^2-2x\right)}{x^4}
1	4e^{x}\operatorname{\mathrm{sen}}\left(x\right)+4e^{x}\cos o\left(x\right)
1	\frac{5-15\ln\left(x\right)}{x^4}
1	e^{5x^2+7x}(5(2x)+7)
1	\frac{1}{1x}
1	\frac{8\cos\left(x\right)x^3-24x^2\operatorname{\mathrm{sen}}\left(x\right)}{(x^3)^2}
1	\frac{1\cdot(x+5)-(x+3)\cdot1}{(x+5)^2}
1	\frac{6(x^2-\ln(x)3x^2)}{x^6}
1	\frac{3x^2(x+9)-x^3}{(x+6)^2}
1	5\cdot4\cdot\ln\left(x\right)^3\cdot\frac{1}{x}
1	3\left(\frac12\right)\left(x^{-\frac12}\right)
1	6(4x^3\operatorname{\mathrm{sen}}\left(x\right)+x^4\cos\left(x\right))
1	x^{5+9x^{\placeholder{}}}
1	18x^2\ln\left(x\right)+6x^3+\frac{1}{x}
1	24xe^3+xe^{x}
1	\frac{5\cos\left(x\right)\cdot x-5\operatorname{\mathrm{sen}}x}{x^2}
1	^{\frac{16}{\left(x+9\right)^2}}
1	3\cos(x)\,e^{3\,\operatorname{\mathrm{sen}}\left(x\right)}
1	14x^2+e^{x}
1	\frac{x+9-\left(x+5\right)}{\left(x+9\right)^{12}}
1	-2\operatorname{\mathrm{sen}}\left(2\ln\left(x\right)\right)\cdot\frac{1}{x}
1	0\cdot x^{\frac12}+3x^{-\frac12}
1	4^{x^{\placeholder{}}}\cdot\ln\left(4x\right)
1	\frac{\cos\left(x\right)x^2-\operatorname{\mathrm{sen}}\left(x\right)2x}{)^4}
1	1-\cos\left(x\right)
1	27x+6
1	\frac{x+5-x+4}{(x+5)^2}
1	-\frac{4}{x}5\operatorname{\mathrm{sen}}\left(4\ln\left(x\right)\right)
1	18x+1
1	-\operatorname{\mathrm{4}\mathrm{sen}}\left(4\right)
1	e^{x}24x^3+e^{x}6x^4
1	6x^4-8x^3+x
1	\frac{x\cos\left(x)-\operatorname{\mathrm{sen}}\left(x\right)\right)}{x^2}
1	\frac{9\cos\left(x\right)x^2-15\operatorname{\mathrm{sen}}\left(x\right)x}{x^4}
1	\frac{6e^{x}\cdot x^2-6e^{x}\cdot2x}{\left(x^2\right)^2}
1	\frac{2x(x+5)+x^2}{(x+5)^2}
1	\frac{8e^{x}(x-1)}{x^3}
1	\frac{x-x}{\left(x-8\right)^2}
1	\left(4x+6\right)\cdot e^{2x^2+6x}
1	43\cos\left(x\right)-5\operatorname{\mathrm{sen}}\left(x\right)
1	\frac{9(\cos\left(x\right)\cdot x-\operatorname{\mathrm{sen}}\left(x\right))}{x^2}
1	9\sqrt{x}
1	20x^3\ln\left(x\right)\cdot5x^3
1	x^3\cos(x) + 3x^2\sen(x)
1	\frac{1}{2\cdot\sqrt{2x^2+2}}
1	\frac{2x^{}(x+7)-x^2}{x^4}
1	\frac{3}{x}2\ln\left(x\right)
1	16xe^{x}+8x^2\cdot e^{x}
1	\frac{1}{x(\ln\left(10\right))}
1	\frac{3}{x^3}-\frac{9\ln\left(x\right)}{x^3}
1	\frac{9\cos\left(x\right)x^2-9\operatorname{\mathrm{sen}}\left(x\right)\cdot2x}{x^4}
1	\frac{1}{5\ln\left(5\right)}
1	7e^{x}\cos\left(x\right)-7e^{x}\operatorname{\mathrm{sen}}\left(x)\right.
1	16x2
1	20x^{3^{\placeholder{}}}+e^{x}
1	\operatorname{2x\mathrm{sen}}\left(x\right)+x^2^{}\cos\left(x\right))
1	\frac{(x+2)-(x+8)}{(x+8)^2}
1	9e^{x}\cos\left(x\right)-9\operatorname{\mathrm{sen}}\left(x\right)
1	5e^{x}+e^{x}
1	\frac{6\cdot\cos\left(6x\right)\cdot x^3-\operatorname{\mathrm{sen}}\left(6x\right)\cdot3x^2}{x^6}
1	\frac{-3}{\left(x+2\right)^{2}}
1	5(4x^3\cdot\operatorname{\mathrm{sen}}\left(x\right)+x^4\cdot\cos\left(x\right))
1	e^{x}x+e^{x}
1	\frac{(x2(x+2)-x^2)}{(x+2)^2}
1	5\cdot1
1	\frac12(8x^2+4)^{\frac{-1}{2}}16x
1	\frac{(3\cos\left(x\right)+3\operatorname{\mathrm{sen}}\left(x\right))}{x^2}
1	e^x\operatorname{sen}(x) + e^x\cos(x)
1	10xe^{5x}+5x^2e^{5x}
1	3\tan\left(\placeholder{}\right)
1	\frac{9(\frac{1}{x}x-\ln\left(x\right))}{x^2}
1	\frac{6\left(x\cos(x) - \sin(x)\right)}{x^{2}}
1	6x\left(3-1\right)-18x\left(2-1\right)
1	\frac{12x}{(6x^2+3)^{}}
1	24xe^3+e^{x}
1	\frac{6}{6x+4}
1	\frac{(2x)(x+8)-(x^2)(1)}{(x+8)^2}
1	\frac{-1\cdot\ln\left(x\right)}{x^2}
1	\frac{(\frac{6}{x}\cdot x-1\cdot6\ln\left(x\right))}{x^2}
1	\frac{7e^{x}}{x^2}
1	\frac{e^{x}\cdot x^3-e^{x}\cdot x^2}{x^6}
1	28\cos\left(x\right)^3
1	3x^3\cos(x)+9x^2\operatorname{sen}(x)
1	\frac{x^{2}+2x}{(x+1)^{2}}
1	-\operatorname{\mathrm{sen}}\left(5x+4\right)5
1	-4\operatorname{\mathrm{sen}}\left(4x+4\right)
1	\frac12\cdot\frac{8x}{\sqrt{4x^2+1}}
1	\frac{\frac{8}{x}-8\ln\left(x\right)2x^2}{(x^3)^2}
1	\frac{7e^{x}\cdot2x-7e^{x}\cdot2x}{x^4}
1	\frac{(5e^{x}\cdot x^2-5e^{x}2x)}{x^4}
1	\frac{2x^3+2x^2-x^3}{(x+1)^2}
1	3+(\tan\left(x\right))^2
1	4\operatorname{\mathrm{sen}}\left(4x-2\right)
1	10x\cdot e^{x}
1	\frac{\left(7e^{x}x^3-7e^{x}3x^2\right)}{x^5}
1	28x^3+6^{\placeholder{}}
1	6x^{^{}}
1	(3\cos\left(x\right)-3\operatorname{\mathrm{sen}}\left(x\right))
1	6x^2(x^{3+6)}
1	x^{5-1}
1	\frac{x^39e^{x}-3x^29e^{x}}{x^6}
1	2\cos\left(x)-5\operatorname{\mathrm{sen}}\left(x\right)\right.
1	\frac{9e^{x}}{x^2}-\frac{18e^{x}}{x^2}
1	\frac12\frac{18x}{\sqrt{9x^2+8}}
1	-\frac{2}{x^{-2}}
1	4(x^3+5)^3(3x^2)
1	\frac{5x\cos(x)-5\sin(x)}{x^2}
1	4(4x+1)^34
1	\frac{5(1-\ln\left(x\right)}{x^2}
1	22x^2-16x
1	\frac{7e^{x}x^3-21x^2e^{x}}{(x^3)^2}
1	30x^4-24x^3
1	\frac{(x+9-x-7)}{x^2+18x+81}
1	6\left(x^2+1\right)e^{3x^2+6x}
1	-\operatorname{\mathrm{sen}}\left(2x+2\right)2
1	8e^{x}\operatorname{(\mathrm{sen}}\left(x\right)+\cos\left(x\right))
1	5e^x\cos(x)-5e^x\sen(x)
1	\frac{9}{9x+4}
1	\frac{9x\cos(9x)-3\operatorname{sen}(9x)}{x^{4}}
1	3\cos\left(x\right)-5\cos\left(x\right)
1	1^{\placeholder{}}
1	(\frac{(\frac{1}{x}\cdot x)-\ln\left(x\right))}{x^2}
1	8x^{-3}
1	5x^{5-1}
1	-\frac{3\operatorname{\mathrm{sen}}(3\ln(x))}{x}
1	\frac{3x\cos(x) - 3\sin(x)}{x^{2}}
1	\frac{\left(2x\cdot\left(x+2)-x^2\right.\right)}{\left(x+2\right)^2}
1	\frac{(\cos\left(8x\right)8x^2-\operatorname{\mathrm{sen}}\left(8x\right)2x)}{x^4}
1	5\operatorname{\mathrm{sen}^4}\left(x\right)\cos\left(x\right)
1	20x+e^{x}
1	\frac12x^{\frac32}
1	\frac{(\cos\left(8x\right)8x^3-\operatorname{\mathrm{sen}}\left(8x\right)3x^2)}{x^6}
1	3\left(3x^2\ln\left(x\right)+x^2\right)
1	\frac{1}{x}\log_3e
1	2\left(9x+3\right)9
1	18x^2-10x^{}
1	\frac{\operatorname{\mathrm{4sen}}\left(4\ln\left(x\right)\right)}{x}
1	\frac{2x-1}{(x+9)^2}
1	2xe^{2x}(1+x)
1	6\cdot\operatorname{\mathrm{sen}}\left(x\right)\cdot\cos\left(x\right)
1	e^{x}(x^3+3x^2)
1	\frac{-\operatorname{3\mathrm{sen}}\left(3\ln\left(x\right)\right)}{x}
1	9\cdot(\frac{\cos\left(x\right)x^2-\operatorname{\mathrm{sen}}\left(x\right)2x}{x^4})
1	(4x^3\operatorname{\mathrm{sen}}\left(x\right)+x^4\cos\left(x\right))
1	\frac{3x}{3x^2+1}
1	7\cdot\frac{1}{x}\cdot x^{-3}+7\ln\left(x\right)\cdot(-\frac{3}{x^4})
1	8(\frac{1}{2\sqrt{x}}
1	8xe^{x}4x^2e^{x}
1	\frac{(9\operatorname{\mathrm{\cos\left(x\right)}}x^2+9\operatorname{\mathrm{sen}}\left(x\right)2x)}{x^4}
1	6(2xe^{x}+x^2e^{x)}
1	3x^3(x\cos(x) + 4\sin(x))
1	\frac{\operatorname{-\mathrm{4sen}}\left(4\ln\left(x\right)\right)}{x}
1	\frac{1}{1\sqrt{x}}
1	\frac{\frac{7}{x}\cdot x-7\ln\left(x\right)\cdot1}{x^2}
1	\frac{\frac{5}{x}\cdot x^3-\ln\left(x\right)\cdot3x^2}{x^6}
1	6x^{}\cdot e^{x}+3x^2\cdot e^{x}
1	\frac{\left(6x^2-6\ln\left(x\right)3x^2\right)}{x^6}
1	\frac{1}{4x+7}\cdot4
1	\frac{6(1-2\ln(x))}{x^{3}}
1	\frac{\left(\ln\left(x\right)\right)-\left(9\cdot\frac{1}{x}\right)}{x^2}
1	\frac{(9x-18x\ln\left(x\right))}{x^4}
1	4(x^2+6)^2x
1	\frac{x-5}{x^2}
1	\frac{1}{\sqrt5}
1	6x^2e^{x}2x^3e^{x}
1	3\operatorname{\mathrm{sen}^2}\left(x\right)\cdot\cos\left(x\right)
1	7(\frac{x}{x^2}-\frac{2\ln\left(x\right)}{x^3})
1	\frac{4}{x^3}-\frac{4\ln\left(x\right)}{x^3}
1	\frac{x-5\ln\left(x\right)(3x^2)}{5(x^3)^2}
1	e^{5x^2+5x}\left(10x\cdot5\right)
1	\frac{5x\cos(5x)-3\operatorname{sen}(5x)}{x^{4}}
1	-8x^{-\frac32}
1	6\operatorname{\mathrm{sen}}\left(6x+8\right)
1	4(9x+5)^39
1	\frac{(8e^{x}x^3-24e^{x}x^2)}{x^{3^2}}
1	-\frac{\operatorname{\mathrm{sen}}\left(4\ln\left(x\right)\right)}{x}4
1	\frac{-8}{\sqrt{x}}
1	\frac{(2x)\cdot(x+1)-(x^2)\cdot(1)}{(x+1)^2}
1	4(9x+9)^39
1	-\frac{\operatorname{8\mathrm{sen}}\left(4\ln\left(x\right)\right)}{x}
1	\frac{8}{2\sqrt8}
1	5(e^{x}\cdot\operatorname{\mathrm{sen}}\left(x\right)+e^{x}\cdot\cos\left(x\right))
1	e^{5x^2+3x}10x+3
1	2(9x+5)\cdot9
1	\frac{x\cdot0-7\cdot1}{x^2}
1	6x^2\cdot\ln\left(x\right)+2x^3\ln\left(x\right)
1	-\frac{7}{x^2+4x+4}
1	\frac{6\cos\left(6x\right)x^2-2x\operatorname{\mathrm{sen}}\left(6x\right)}{x^4}
1	\frac{18x}{2\sqrt{(9x^2+5)}}
1	\frac{4}{(x-9)^2}
1	\frac{x^2(2x+9)}{(x+3)^2}
1	0\cdot\sqrt{x}+8\cdot\frac{1}{2\sqrt{x}}
1	\frac{4\cdot((\frac{1}{x}\cdot x^2)-(\ln\left(x\right)\cdot2x))}{x^4}
1	5(6x+4)^4\cdot6
1	5x4+e^{x}
1	-\frac32\sqrt{x}
1	\frac{24x^2e^{x}+8x^3e^{x}}{2}
1	2x\cdot\frac{1}{x+3}-\frac{x^2}{(x+3)^2}
1	\frac{x(x+5)-x(x+1)}{(x+5)^2}
1	10x^2\cdot e^{x}
1	\frac{\left(6\cos\left(x\right)\cdot x-6\operatorname{\mathrm{sen}}\left(x\right)\cdot1\right)}{x^2}
1	3x^2\ln\left(x\right)+x^3(\frac{1}{x})
1	e^{x}(1+8)\cdot\cos\left(x\right)+8e^{x}-\operatorname{\mathrm{sen}}\left(x\right)
1	3\cos\left(x\right)-\operatorname{3\cdot\mathrm{sen}}\left(x\right)
1	\ln55^{x}
1	\frac{1}{4x^2+2}\cdot4x
1	-\operatorname{\mathrm{sen}}\left(5x+2\right)\cdot5
1	\sqrt{x}+\frac{1}{\sqrt{x}}
1	\frac{2}{7\sqrt{x}}
1	x\cdot\frac{x}{2}
1	\frac{(x+9)-(x+7)}{(x+9)\ln\left(\placeholder{}\right)}
1	-4\operatorname{\mathrm{sen}}\left(\operatorname{\mathrm{sen}}\left(\placeholder{}\right)\right)
1	\frac{1}{(3x+5)}\cdot3
1	\frac{8e^{x}x^2-8e^{x}2x}{(x^2)^2}
1	2(\frac{e^{x}\cdot x-e^{x}\cdot1}{x^2})
1	\frac{6}{\cos\left(x^{}\right)^2}
1	-1\cdot\frac31
1	\frac{1}{6x+2}
1	e^{5x^2+8}(5\cdot2x+8)
1	\frac{1}{4x^2}
1	e^{x}\cdot\operatorname{\mathrm{sen}}\left(x\right)+8e^{x}\cdot\cos\left(x\right)
1	2\left(\frac{\frac{1}{x}\cdot x^3-\ln\left(x\right)\cdot3x^2}{\left(x^6\right)}\right)
1	\frac{-(\ln\left(x\right))}{x^2}
1	-\frac{3}{x^{2}}
1	\frac{9e^{x}(x^3)-(9e^{x}\cdot(3x^2))}{(x^3)^2}
1	20\cdot(\frac{1}{x})^3
1	\frac{8}{\cos\left(x\right)\cos\left(\placeholder{}\right)}
1	\frac{(x+3)-(x+1)}{x^2+6x+9}
1	\frac{(2x\cdot x+6)-(x^2)}{(x+6)^2}
1	7\cdot3\cdot\left(\ln\left(x\right)\right)^2\cdot\frac{1}{x}
1	\frac{(36x^3\ln\left(x\right)-9x^3)}{(\ln\left(x\right))^2}
1	12x^2-18
1	5x^{-\frac12}
1	\frac{2x^3-6x^2}{(x+2)^2}
1	e^{4x^2+8x}\cdot8x\cdot8
1	\frac{9\cos\left(9x\right)x^2-2x\operatorname{\mathrm{sen}}\left(9x\right)}{x^4}
1	\frac{(e^{x}x^3-3e^{x}x^4)}{x^6}
1	6x+8\cdot e^{3x^2+8}
1	7x\cos\left(x\right)-7\operatorname{\mathrm{sen}}\left(x\right)
1	\frac{(e^{x}\cdot x)-(e^{x}\cdot1)}{x^2}
1	\frac{(8e^{x}x-8e^{x})}{2}
1	\frac{(\frac{2}{x}\cdot x^3-2\ln\left(x\right)\cdot3x^2)}{x^6}
1	\frac{4e^{x}x^2-2x4e^{x}}{(x^2)^2}
1	\frac{2\cdot e^{x}\cdot x-2\cdot e^{x}}{x^2}
1	16\operatorname{\mathrm{sen}}\left(x\right)^3\cdot(\frac{1}{x})
1	16x\ln\left(x\right)+4x^{}
1	16x^3\cdot\operatorname{\mathrm{sen}}\left(x\right)+4x^4\cos\left(X\right)
1	\frac{x+7-x+5}{\left(x+7\right)^2}
1	\frac{8(2x)}{2\sqrt{8x^2+7}}
1	\frac{7\cos\left(x\right)-7\operatorname{\mathrm{sen}}\left(x\right)3x^2}{x^6}
1	7(e^{x}\cdot\cos\left(x\right)-e^{x}\cdot\operatorname{\mathrm{sen}}\left(x\right))
1	8\cos\left(x\right)x^3+24x^2\operatorname{\mathrm{sen}}\left(x\right)
1	\frac{\frac{9}{x}-(9\ln\left(x\right))}{x^2}
1	6x^2+18x^2
1	\frac{\left(x+7\right)-\left(x+9\right)}{\left(x+7\right)^{"}}
1	4x3+6
1	6x^4-8x^3+0
1	\frac{6e^{x}x^3-18e^{x}x^2}{x^6}
1	40\operatorname{\mathrm{sen}}\left(x\right)\operatorname{\mathrm{sen}}\left(x\right)\operatorname{\mathrm{sen}}\left(x\right)\cos\left(x\right)
1	24x^3\ln\left(x\right)+6x^2
1	\frac{1}{(2x+5)}\cdot2
1	20(4x + 9)^4
1	\frac{1}{x^3}-\frac{\ln\left(x\right)}{x^3}
1	-\operatorname{\mathrm{sen}}\left(9x+2\right)9
1	7\cdot5\cdot x^4+4
1	11x^3-12x
1	\frac{\left(8e^{x}x^2-16e^{x}\right)}{x^3}
1	\frac{8\cos\left(x\right)\cdot x^2-(8\operatorname{\mathrm{sen}}\left(x\right))\cdot2x}{x^4}
1	5\cdot4x^3+e^{x}
1	e^{x}\cdot1
1	6e^6x+6
1	30x4+5
1	\frac{5}{x^3}-\frac{5\ln\left(x\right)}{x^2}
1	25\cdot\left(5x+7\right)^4
1	()
1	15x^2\ln\left(x\right)+5x^3\frac{1}{x}
1	\frac{1}{4x^2+2}\cdot8x
1	20(5x+8)^3
1	\frac{5e^{x}x-5e^{x}}{x^3}
1	\frac{2x^{2}(x+6)}{(x+4)^{2}}
1	\frac{(\frac{6}{x})\cdot(x^2)-(6\ln\left(x\right))\cdot(2x)}{(x^2)^2}
1	2(x^3+3)\cdot3x^2
1	5(2x+6)^42
1	\frac{9(x\cos(x) - \sin(x))}{x^2}
1	9\ln^2\left(x\right)\cdot\frac{1}{x}
1	\frac{(8e^{x}x^3-8e^{x}3x^2)}{x^6}
1	20x^4-5x
1	3(x^3+5)^2\cdot3x^2
1	\frac{9\ln\left(x\right)}{x}
1	8e^{8x+5}
1	-4x3
1	15x+9
1	\frac{(5x\cos\left(x\right)-5\operatorname{\mathrm{sen}}\left(x\right))}{x^2}
1	\frac{(6\cos\left(x\right)x^2-2x^{}6\operatorname{\mathrm{sen}}\left(x\right))}{x^4}
1	\frac{12}{x}\ln\left(x\right)^2
1	-3\operatorname{\mathrm{4}\mathrm{sen}}\left(x\right)
1	\cos\left(3x+5\right)\cdot3
1	\frac{e^{x}x^3-8e^{x}2x^2}{x^6}
1	\frac{\cos\left(x\right)x\operatorname{-\mathrm{sen}}\left(x\right)}{x^2}
1	4(5x+7)^3\cdot(5)
1	-6\operatorname{\mathrm{5}\mathrm{sen}}\left(x\right)
1	e^{2x^2+3x}\cdot\left(4x+3\right)
1	12x^2\,\text{sen}(x) + 4x^3\cos(x)
1	36x^3-3x^2
1	6\cdot\frac{1}{6x+4}
1	2(3x+8)^23
1	3x^2\cdot(x+4)^{-1}-(x+4)^{-2}x^3
1	\frac{\cos\left(x\right)}{x^2}-\frac{\operatorname{2\mathrm{sen}}\left(x\right)}{x^3^{}}
1	e^56xe^{6x}
1	(4x+7)(e^{2x^2+7x})
1	\frac{4x-\ln\left(x\right)4x2}{x^4}
1	\frac{3-9}{(x+3)^2}
1	8x\left(2\ln(x) + 1\right)
1	\frac{2x-\left(x+2\right)\cdot x^{2}}{\left(x+2\right)^{2}}
1	\frac{1}{x^2}\cdot\frac{\ln\left(x\right)}{2x^2}
1	9(\frac{\frac{1}{x}\cdot x^3-\ln\left(x\right)\cdot3x^2}{x^6})
1	\frac{2(e^{x}x^3-e^{x}x^23)}{x^6}
1	8e^{x}x^{-2}-16e^{x}x^{-3}
1	4e^{x}\operatorname{\mathrm{sen}}\left(x\right)+4e^{x}\cos x
1	5\frac{\left(e^{x}x^2-e^{x}2x\right)}{x^4}
1	\frac{x+8-x-5}{\left(x+8\right)^2}
1	\frac{e^{x}\cdot x^3-e^{x}2x^3}{x^6}
1	\frac{5e^{x}x^2-2xe^{x}}{x^4}
1	\frac{\left(3x^2\cdot\left(x+1\right)\right)-\left(x^3\right)}{\left(x+1\right)^2}
1	\frac{5\cdot x^{-1}\cdot x^2-5\ln\left(x\right)\cdot2x}{x^4}
1	3x^2\cdot e^{7x}+x^3\cdot e^{7x}\cdot7
1	\frac{\frac{1}{x}x^3-3x^2\cdot\ln\left(x\right)}{x^6}
1	\frac{1}{6x^2+4}\cdot12x
1	9\cdot5\operatorname{\mathrm{sen}}\left(x\right)^4\cdot\cos\left(x\right)
1	\frac{1\cdot(x+7)-(x+2)\cdot1)}{(x+7)^2}
1	2x^{-\frac12^{\placeholder{}}}
1	\frac{4(2\ln\left(x\right))}{x}
1	7e^{x}\cdot x^{-3}-21e^{x}x^{-4}
1	\frac{2x^{3} + 27x^{2}}{(x+9)^{2}}
1	\frac{7\operatorname{\cos\left(x\right)}x^2-7\operatorname{\mathrm{sen}}\left(x\right)2x}{x^4}
1	-\frac{6-x2}{\placeholder{}}
1	15x^3+4
1	2\cdot-\frac{1}{x^2}
1	5e^{x}x^2-10x^2e^{x}
1	2e^{x}(\cos(x)-\sen(x))
1	\frac15x^{-\frac12}
1	\frac{8x}{2\sqrt{4x^2+1}}
1	5\left(\frac{\cos\left(x\right)x^2-\operatorname{\mathrm{sen}}\left(x\right)2x}{x^4}\right)
1	28x^3-9^{}x^2
1	\frac{(3\cdot\operatorname{\mathrm{\cos\left(x\right)}}\cdot x^3-\operatorname{\mathrm{sen}}\left(x\right)\cdot9x^2)}{x^6}
1	\frac{\left(e^{x}x^3-e^{x}3x^2\right)}{x^3}
1	8(\frac{x-\ln\left(x\right)2x}{x^4})
1	5e^{x}(\operatorname{\mathrm{sen}}\left(x\right)+\cos\left(x\right)
1	\frac{(21\ln\left(x\right)^2)}{x}
1	(\frac{e^{x}}{x}-\frac{e^{x}(-x^{-2}))}{x^2}
1	e^{x}\ln\left(3\right)
1	11x^2+4
1	24x^3\ln\left(x\right)+\frac{8x^4}{x}
1	\frac{4\cos\left(x\right)x^3-4\operatorname{\mathrm{sen}}\left(x\right)3x^2}{x^{}}
1	^{\frac{9x^4}{x}}
1	0+2\cdot e^{x}
1	e^{x\ln\left(5\right)}\ln\left(5\right)
1	e\left\lbrace^{x}\right\rbrace
1	\frac{(e^{x}x^3-e^{x}\cdot3x^2)}{x^6}
1	x\cdot\left(x^2+9\right)^{-\frac12}
1	04
1	25\cos(x)e^{5\operatorname{\mathrm{sen}}(x)}
1	24x^2(e^{x})+8x^3(e^{x})
1	\frac{9e^{x}x-1(9e^{x})}{x^2}
1	4^{}e^{x}\cdot\operatorname{\mathrm{sen}}\left(x\right)+4^{}e^{x}\cdot\cos\left(x\right)
1	\frac{5\cdot2x}{2\sqrt{5x^2+6}}
1	3x^{2}e^{6x}\left(2x+1\right)
1	-\frac{7}{\left(x+1\right)^2}
1	3\cos\left(x\right)-\operatorname{\mathrm{4}\cdot\mathrm{sen}}\left(x\right)
1	3e^{x}\left(\cos(x) - \sin(x)\right)
1	\frac{3x^2-9x^2\ln\left(x\right)}{(x^3)^2}
1	\frac{3x^2(x+3)-x^3}{x^2+6x+9}
1	\frac{6(2x)}{2\sqrt{6x^2+8}}
1	\frac{(\frac{1}{x}x^2-\ln\left(x\right)\cdot2x)}{x^4}
1	5\cos\left(x\right)-6\cos\left(x\right)
1	4x^3\operatorname{\mathrm{sen}}\left(x\right)+x^4\cdot\cos\left(x\right)
1	\ln\left(X\right)
1	\frac{1}{x\ln\left(6\right)}
1	\frac{12}{x}\ln\left(x\right)
1	\frac12(6x^2+7)^{\frac{-1}{2}}12x
1	8\cos(8x+8)
1	-\operatorname{\mathrm{sen}}\left(7x+7\right)\cdot7
1	3x^2.e^{x}+x^3.e^{x}.1
1	9\frac{\left(e^{x}x-e^{x}\right)}{x^2}
1	2\cdot\left(x^2+9\right)\cdot2x
1	\frac{4x}{2x^{2}+3}
1	12x^2\ln(x)+\frac{4x^3}{x}
1	2.5\cdot x^{-\frac12}
1	35x^3-12x^2
1	15x^3e^{x}+5x^3e^{x}
1	-6
1	7\left(4x^3\operatorname{\mathrm{sen}}\left(x\right)+x^4\right)\cos\left(x\right)
1	e^{x}(x^2+2x)
1	-36x^3+18x^2
1	-\operatorname{\mathrm{sen}}\left(9x+6\right)9
1	-\frac{4}{(x+1)^{2}}
1	20\cos\left(x\right)^2-20\operatorname{\mathrm{sen}}\left(x\right)^2
1	(2x+6)4
1	4\cdot x^4-1
1	2xe^{8x}\left(4x+1\right)
1	-\operatorname{4\mathrm{sen}}\left(4x+4\right)
1	\frac{5(\operatorname{\mathrm{\cos\left(x\right)}}x+\operatorname{\mathrm{sen}}\left(x\right))}{x^2}
1	\frac{10}{10\ln\left(x\right)}
1	6x^2 + e^x
1	\frac{(0\cdot x-2\cdot1)}{x^2}
1	4e^{x}\cdot x-4e^{x}
1	\left(8x+9\right)e^{4x^2+9x}
1	\frac{e^{x}(2+x)}{x^3}
1	\frac{x^29e^{x}-9e^{x}2x}{x^4}
1	6\cdot\operatorname{\mathrm{sen}}\left(x\right)\cdot\cos\left(x\right)\cdot e^{2\operatorname{\mathrm{sen}}\left(x\right)}
1	5\cdot\left(\operatorname{\mathrm{sen}}\left(x\right)\right)^4\cdot\cos\left(x\right)
1	2x\ln x+\frac{x^2}{x}
1	32x^3\ln x+\frac{8x^4}{x}
1	\frac{(2x\cdot(x+2))-(x^2)}{(x+2)^2}
1	4e^{^2}
1	-\frac72\frac{1}{\sqrt{x}}
1	5x(1+\ln\left(x\right)\cdot2)
1	\frac{3e^{x}(1-x)}{3x^2}
1	e^{4x+3}\cdot4
1	3\cos\left(x\right)-\operatorname{\mathrm{sen}}\left(x\right)4
1	e^{3x^2+6x}\cdot6x+6
1	\frac{(3e^{x}x^3-27x^2e^{x})}{x^6}
1	10(2x+3)^4
1	-20x^3+24x^2
1	\frac{8x^2\cos(x) - 16x\operatorname{sen}(x)}{x^4}
1	\frac{16x}{(8x^2+3)}
1	-3\sin(3x+5)
1	-\frac{4}{2x^2}
1	4(\frac{e^{x}x^2-e^{x}2x}{x^4})
1	\frac{(x+6-x-1)}{(x+6^{})^2}
1	\frac{(9\frac{1}{x})\cdot x^3-(3x^2\cdot9\ln\left(x\right))}{x^6}
1	\frac{2e^x(x - 2)}{x^3}
1	3x^{-1/2}
1	\frac12\cdot(4x^2+8)^{-\frac12}\cdot8x
1	\frac{2x\cos(x) - 6\sin(x)}{x^{4}}
1	10x\cdot\ln\left(x\right)+5x^{2}\cdot\frac{1}{x}
1	\frac{7\cos\left(x\right)\cdot x^2-14\operatorname{\cdot\mathrm{sen}}\left(x\right)\cdot x}{x^4}
1	\frac{9}{x}\cdot x^3-9\ln\left(x\right)\cdot3x^2
1	9\left(2x\operatorname{\mathrm{sen}}\left(x\right)+x^2\cos\left(x\right)\right)
1	2\cdot\frac{1}{2\cdot\sqrt{x}}
1	(e^{x}x^3-3x^2e^{x})\cdot x-6
1	9\cdot x^2+e^{x}
1	-\operatorname{\mathrm{5}\mathrm{sen}}\left(x\right)
1	20x^3\ln\left(x\right)+5x^4(\frac{1}{x})
1	\frac{3}{\left(3x+7\right)}
1	9\cdot2x+5\cdot1
1	7(\frac{1}{x^3}-\frac{2\ln\left(x\right)}{x^3})
1	\frac{\frac{9}{x}x^3-27\ln\left(x\right)x^2}{x^6}
1	7^{x}\cdot\ln\left(x\right)
1	\frac{(1)\cdot(x+8)-(x+4)\cdot(1)}{(x+8)^2}
1	\frac{-9\cdot9}{x^2}
1	\frac{(3\operatorname{\mathrm{sen}}\left(x\right)x^3-9x^2\cos\left(x\right))}{x^{e^{\placeholder{}}}}
1	\cos\left(4x+9\right)\cdot4
1	\frac{5e^{x}x^2-5e^{x}2x}{x^2}
1	8\cos\left(x\right)x^{-3}-24\operatorname{\mathrm{sen}}\left(x\right)x^{-4}
1	\frac{3}{\cos\left(x^2\right)}
1	27x^{\placeholder{}^2}
1	5e^{x}(\operatorname{\cos\left(x\right)-\mathrm{sen}}\left(x\right))
1	\frac{e^{x}-xe^{x}}{x^2}
1	\frac{x-4\ln\left(x\right)x}{x^4}
1	e^{x}(\cos\left(x\right)\operatorname{+\mathrm{sen}}\left(x\right))
1	(2\cos\left(x\right)x^2-4\operatorname{\mathrm{sen}}\left(x\right)x)x^{-4}
1	\frac{-3\sqrt{x}}{2}
1	3\cdot(\operatorname{\mathrm{sen}}\left(x\right))^2\cdot\cos\left(x\right)
1	4x^3e^{4x}+3x^2e^{4x}
1	3x^2^{}
1	36(9x+3)^3
1	12x^3\ln\left(x\right)+3x^4\ln\left(x\right)
1	\frac{\left(x+7\right)-\left(x+8\right)}{x^2+14x+49}
1	e^{x}(8x+4x^2)
1	\frac{\frac{5}{x}\cdot x^{3}-5\ln\left(x\right)\cdot3x^{2}}{x^{6}}
1	\dfrac{3}{(x+4)^{2}}
1	-\operatorname{\mathrm{sen}}\left(5x+7\right)5
1	\frac{(3x^2-3\ln\left(x\right)3x^2)}{x^6}
1	\frac{14}{x}
1	18x\ln\frac{\left(x\right)9x^2}{x}
1	\frac{\frac{9}{x}\cdot x^2-18\ln\left(x\right)x}{x^4}
1	\frac{x+4-x-3}{\left(x+4\right)^2}
1	\frac{5e^{x}x^3-3x^25e^{x}}{x^6}
1	\frac{6\cos\left(6x\right)-\operatorname{\mathrm{sen}}\left(6x\right)}{x^2}
1	\cos\left(x\right)3\operatorname{\mathrm{sen}}\left(x\right)^2\cdot7
1	\frac{7\cdot\frac{1}{x}\cdot x^3-7\ln\left(x\right)\cdot3x^2}{x^6}
1	\frac{7}{\cos x\cdot\cos\left(x\right)}
1	15X^3-6x^2
1	\frac{12x}{(6x^2+3)}
1	\frac{x+6}{(x+3)^2}
1	27x^2\cdot1-x
1	8e^x(\operatorname{sen}(x)+\cos(x))
1	\frac{3(1-\ln\left(x\right)}{x^2}
1	2e^{x}\operatorname{\cos\left(x\right)+\mathrm{2}e^{x}\left(-\mathrm{sen}\left(x\right)\right)}
1	\frac{x\frac{9}{x}-9\ln\left(x\right)}{x^2}
1	x\cos\left(x\right)
1	x^{2x}
1	\frac{6(1 - \ln(x))}{x^2}
1	3x_{}^2\cdot e^{x}+x^3\cdot e^{x}
1	\frac{1}{4x^2+3}\cdot8x
1	3\cos\left(x\right)-5\operatorname{\mathrm{sen}}\left(\left(x\right)\right)
1	\frac{3x^2(x+9)-x^3}{(x+9)}
1	\frac{-8}{(x+1^2}
1	-\frac{7e^{x}+7e^{x}}{x^2}
1	\frac{1}{7x+8}\cdot7
1	2xe^{2x}+x^2\cdot e^{2x}\cdot2
1	e^{8x}\left(3x^2+8x^3\right)
1	\frac{3}{(x+7)^{2}}
1	\frac{3\cos\left(3x\right)x^2-\operatorname{\mathrm{sen}}\left(3x\right)2x}{x^2}
1	2xe^{x+x^2e^{x}}
1	6e^{x}\left(\sin(x) + \cos(x)\right)
1	-20x^3+6x^2
1	3\left(3x^2\operatorname{\mathrm{sen}}\left(x\right)+x^3\cos\left(x\right)\right)
1	12x^2\cdot\ln\left(x\right)+3x^4\cdot\frac{1}{x}
1	\frac12(6x^2+6)^{-\frac12}12x
1	20\cdot\operatorname{\mathrm{sen}}\left(x\right)^3\cdot\cos\left(x\right)
1	2\cdot\frac{2x}{2x^2+6}
1	\frac{8-24\ln\left(x\right)}{x^4}
1	\frac{7\cos\left(7x\right)\cdot x^2-\operatorname{\mathrm{sen}}\left(7x\right)\cdot2x}{x^4}
1	\frac{1}{x+6}-\frac{x+4}{(x+6)^2}
1	32x^3\frac{1}{x}
1	x-7
1	e^{3x^2+3x}\left(3\left(2x\right)+3\right)
1	\frac{x}{\ln\left(5\right)}
1	\frac{\frac{1}{x}\cdot2\cdot x^3-2\ln\left(x\right)\cdot2x^2}{(x^3)^2}
1	353
1	0\sqrt{x}+3\cdot\frac{1}{2\sqrt{x}}
1	\frac{10x}{(5x^2+8)^2}
1	\frac{(2x^3+24x)}{(x+8)^2}
1	\frac{4(2x)}{2\sqrt{4x^2+6}}
1	\frac{2x(x+8)-x^2}{x^2+16x+64}
1	\frac{(2x^3+8x^2)}{(x+8)^2}
1	\frac{(7x\cos\left(x\right)-4\operatorname{\mathrm{sen}}\left(x\right))}{x^2}
1	14x^2\operatorname{\mathrm{sen}}\left(x\right)+7x^2\cos\left(x\right)
1	\frac{6x\cos(6x)-3\operatorname{sen}(6x)}{x^{4}}
1	\frac{7\cos\left(x\right)x^2-14\operatorname{\mathrm{sen}}\left(x\right)}{x^4}
1	5(7x+6)^47
1	\frac{8e^{x}\cdot x^{3}-8e^{x}\cdot3x^{2}}{x^{6}}
1	3^{}\ln\left(3^{x}\right)
1	9x^2\left(x^3+5\right)
1	\frac{x-\ln\left(x\right)}{x^3}
1	\frac{2x}{\left(x^2+2\right)}
1	-2\operatorname{\mathrm{sen}}\left(2x+6\right)
1	\frac{5x^2-5\ln\left(x\right)\cdot3x^2}{(x^3)^2}
1	\dfrac{5(1-3\ln(x))}{x^{4}}
1	6(\cos\left(x\right)-\operatorname{\mathrm{sen}}\left(x)\right.)
1	3x^2\cdot\frac{(x-6)}{(x-6)^2}-\frac{x^3}{(x-6)^2}
1	9(-\operatorname{\mathrm{sen}}\left(x\right))
1	\frac{(3x^3\cos\left(x\right)-9x^2\operatorname{\mathrm{sen}}\left(x\right))}{x^6}
1	\frac{(9x+18x\ln\left(x\right))}{x^4}
1	4e^{x}\left(\cos\left(x\right)+\operatorname{\mathrm{sen}}\left(x\right)\right)
1	\frac{1 - \ln(x)}{x^{2}}\cdot 7
1	3x^22e^{x}
1	\frac{\left(3x^3-3\ln\left(x\right)3x^2\right)}{x^5.x}
1	\frac{2-2\ln\left(x\right)}{(x)^2}
1	e^{4x^2+6x}\left(8x+6\right)
1	\frac{1}{x\ln\left(a\right)}
1	e^{x}\cdot x^{-2}+e^{x}\cdot x^{^{-3}}\cdot\left(-2\right)
1	\frac{9x-18\ln\left(x\right)x}{xe^4}
1	3e^{x}\cdot\operatorname{\mathrm{sen}}\left(0x\right)+3e^{x}\cdot\cos\left(x\right)
1	45x^6-10x
1	4e^{X}
1	\frac{5}{\left(\cos\left(x\right)\right)^2}
1	\frac{8x\cos\left(x\right)-24\operatorname{\mathrm{sen}}\left(x\right)}{x^4}
1	3x^2\cdot e^{x}+e^{x}\cdot x^3
1	10\left(2x+3\right)^{4}
1	15\ln\left(x\right)^2\cdot\frac{1}{x}
1	\frac{2^{}e^{x}x-2e^{x}}{x^2}
1	3\cos\left(x\right)-5\operatorname{\mathrm{sen}}\left(x\right))
1	\cos\left(x\right)\cdot x^3\cdot\operatorname{\mathrm{sen}}\left(x\right)\cdot3x^2
1	\frac{\frac{7}{x}\cdot x-7\ln\left(x\right)}{x^2}
1	4096x^3+6
1	8x^{}+e^{x}
1	9\cdot5\cdot\left(\operatorname{\mathrm{sen}}\left(x\right)\right)^4\cdot\cos\left(x\right)
1	24(8x+7)^2
1	10^{x}
1	21x^2-7
1	\frac{(e^{x}x^2-7e^{x}2x)}{x^4}
1	8\left(\frac{\cos\left(x\right)x^2-\operatorname{\mathrm{sen}}\left(x\right)2x}{x^4}\right)
1	(x+8)^{-1}-(x+7)(x+8)^{-2}
1	5e^{5\operatorname{\mathrm{sen}}\left(x\right)}5\cos\left(x\right)
1	9(\ln\left(x)\right)^2\cdot\frac{1}{x}
1	\frac{5e^{}x^3-15e^{x}x^2}{x^6}
1	2\cdot(4x+3)\cdot4
1	\frac{1}{2\cdot\sqrt{6x^2+4}}\cdot12x
1	5\cos\left(x\right)\cdot4e^{5\operatorname{\mathrm{sen}}\left(x\right)}
1	2\left(\frac{e^{x}x^3-e^{x}3x^2}{x^6}\right)
1	(12x+6x^2)e^{x}
1	-16x^3+9x^2
1	3e^{3x+9}
1	\frac{}{3x+2}
1	\frac{x^2+4x}{x^2+4x+4}
1	3e^{x}\operatorname{\mathrm{sen}}\left.(x\right)+3e^{x}\cos\left(x\right)
1	\frac{3x^2\cdot(x+3)-x^3}{\left(x+3\right)^2}
1	\frac{6\left(2x\right)}{2\sqrt{6x^2+8}}
1	xe^{9x}\left(9x+2\right)
1	\frac{3x^2\cdot x+6-x^3\cdot1}{(x+6)^2}
1	e^{8x}(4x^3+8)
1	\frac{x^39\cos\left(x\right)-9x^23\operatorname{\mathrm{sen}}\left(x\right)}{x^6}
1	\frac{(6x^3\cos\left(6x\right)-3x^2\operatorname{\mathrm{sen}}\left(6x\right))}{x^6}
1	\frac{(\frac{6}{x}x^2-6\ln\left(x\right)2x)}{x^4}
1	2e
1	\frac{-3}{(x+3)^{^2}}
1	\frac{3x^2}{x+9}+\frac{x^3}{-(x+9)^2}
1	\frac{\cos\left(8x\right)8x^2-5\operatorname{\mathrm{sen}}\left(8x\right)x}{x^4}
1	3(7x+1)^27
1	\frac{\left(8x\cos\left(x\right)-8\operatorname{\mathrm{sen}}\left(x\right)\right)}{x^2}
1	20\ln\left(x\right)^3\cdot x^{-1}
1	8e^{x}(\cos(x)-\sen(x))
1	\frac{1}{6x^2+8}\cdot12x
1	\frac{3\left(1+\ln\left(x\right)\right)}{x^2}
1	\frac{\frac{9}{x}\cdot x^3-9\cdot\ln\left(x\right)\cdot3x^2}{x^6}
1	\frac{-9}{2\sqrt{x}}
1	21\cdot(7x+2)^2
1	\frac{6(x-2\ln\left(x\right)x)}{x^4}
1	((x+1)-(x+3))\cdot\frac{1}{(x+1)^2}
1	\frac{2x\cos(2x)-2\operatorname{sen}(2x)}{x^{3}}
1	3x^2e^{5x}-5x^3e^{5x}
1	\frac{(2x(x+6x-x^2)}{(x+6)^2}
1	\frac{(\frac{1}{x}x^3-\ln\left(x\right)3x^2)}{(x^3)^2}
1	\frac12(\sqrt{9x^2+2})^{-\frac12}\cdot18x
1	\frac{xe^{x}-e}{x^2}^{x}
1	\frac{6\cdot\frac{1}{x}\cdot x^3-6\ln\left(x\right)\cdot3x^2}{x^6}
1	\frac12(9x^2+8)^{\frac{-1}{2}}\cdot18x
1	\dfrac{6(1-3\ln(x))}{x^{4}}
1	7x^3\cos\left(x\right)-21x^2\operatorname{\mathrm{sen}}\left(x\right)
1	3ex
1	\frac{1}{x\cdot\ln\left(x\right)}
1	4x^3\cdot e^{4x}+x^4\cdot4\cdot e^{4x}
1	4(4x^3\ln\left(x\right)+x^3)
1	e^{x}\cdot\cos\left(x\right)+e^{x}(-\operatorname{\mathrm{sen}}\left(x\right))
1	9\cdot4(9x+1)^3
1	12\left(\ln\left(x\right)\right)^3\cdot\frac{1}{x}
1	\frac{2x}{\sqrt{2x^2+5}}
1	2(6x+6)6
1	12(6x+8)
1	\frac{2e^{x}(x-2)}{x^3}
1	\frac{(6x^2-18x^2\ln\left(x\right))}{x^6}
1	7x^2e^{7x}+2xe^{7x}
1	e^{4x^2+4x}\cdot8x+4
1	\frac{(x^2+6x)}{\left(x+3\right)^2}
1	9e^{x}\cos\left(+\right)-\operatorname{\mathrm{sen}}\left(x\right)9x
1	21\ln\left(x\right)^2\cdot x^{-1}
1	7^{x}\cdot1\cdot\ln\left(7\right)
1	16x^3\ln\left(x\right)+4x^5
1	-8x
1	8e^{8x+4}
1	\frac{1(x+7)-(x+1)1}{(x+7)^2}
1	\frac{7}{\operatorname{\mathrm{sen}^2}\left(x\right)}
1	6\cos\left(x\right)-4\operatorname{\mathrm{sen}}\left(X\right)
1	5\cdot2\cdot\ln\left(x\right)\cdot\frac{1}{x}
1	\frac{1}{x+7}-\frac{x+8}{(x+7)^2}
1	\frac{1}{x}\log_5
1	\frac{7\cdot e^{x}\cdot x^3-7e^{x}\cdot3x^2)}{x^6}
1	\frac{\left(x+8\right)-\left(x+2\right)}{\left(x+8\right)^2}
1	\frac{4\cos\left(x\right)x^3-8\operatorname{\mathrm{sen}}\left(x\right)x^2}{x^6}
1	21x^2\operatorname{\mathrm{sen}}\left(x\right)-7x^3\operatorname{\mathrm{sen}}\left(x\right)
1	7\cdot\frac12x
1	\frac{1}{x+1}-\frac{x+4}{(x+1)^2}
1	2\ln\left(2\right)
1	\frac{4e^{x}}{x^6}(x^3-3x^2)
1	\frac{7}{7x+7}
1	\frac{9e^{x}\cdot x^3-9e^{x}\cdot3x^2}{(x^3)^2}
1	\frac{(7e^{x}x^3-7e^{x}3x^2)}{(x^3)^2}
1	\frac{8(\ln\left(x\right))^3}{x}
1	\frac{x+1-\left(x+8\right)}{\left(x+1\right)^2}
1	6x^2\operatorname{\mathrm{sen}}\left(x\right)-2x^3\cos\left(x\right)
1	\frac{2x^3+3x^2}{(x+2)^2}
1	\frac{9(x-\ln\left(x\right)2x)}{x^4}
1	\frac{8x}{(4x^2+7)}
1	4\cdot\frac{1}{x}x^2-4\ln\left(x\right)\cdot x^{-3}
1	3e^{x}\left(x^3+3x^2\right)
1	e^{x}\cdot8e
1	\frac{7\left(x^3\cos\left(x\right)-3x^2\operatorname{\mathrm{sen\left(x\right)}}\right)}{x^6}
1	-\frac{(8x\ln\left(x)-4x)\right.}{x^4}
1	\frac{(-x^2+12x)}{(x+6)^2}
1	\frac{x^2\left(4-8\ln\left(x\right)\right)}{x^6}
1	\frac{3(e^{x}x-e^{x)}}{x^2}
1	45(9x+4)^4
1	\frac{9-9\ln\left(x)\right.}{x^2}
1	(28x^3\cdot\ln\left(x\right))+\frac{(7x^4)}{x}
1	5x+5\ln\left(x\right)\cdot2x
1	\frac{\left(2\cos\left(2x\right)\cdot x\right)-\operatorname{\mathrm{sen}}\left(2x\right)}{x^2}
1	\frac{3x(x+4)-x^3}{(x+4)^2}
1	\frac{\left(\left(\frac{2}{x}\right.x^2-2\ln\left(x\right)2x\right)}{\left(x^2\right)^2}
1	-\frac{1}{(x+3)}
1	\frac{(x-5)}{x^2}
1	\frac{7e^{x}(x^3)-7e^{x}(3x^2)}{x^6}
1	7x^2+8
1	\frac{1}{4x+8}+4x+8
1	\frac{5e^{x}\cdot x^2-10e^{x}\cdot x}{x^4}
1	-\frac{5}{\left(x+1\right)^2}
1	5\cos\left(x\right)-\operatorname{\mathrm{sen}}\left(x\right)2
1	\cos\left(x\right)e^{4\operatorname{\mathrm{sen}}\left(x\right)}
1	\frac{\left(6x\cos\left(6x\right)\cdot x-\operatorname{\mathrm{sen}}\left(6x\right)\right)}{x^2}
1	\frac{2}{\cos\left(x\right)\cdot\cos\left(x\right)}
1	\frac{(2x^3+18x^2)}{x^2+1x+36}
1	4(2x+6)^32
1	2\left(x^2+2\right)2x
1	8x^3+e^{\placeholder{}}x
1	\frac{6}{x}\ln\left(x\right)
1	3\operatorname{\mathrm{sen}^2}\left(x\right)
1	\frac{8\cdot\operatorname{\mathrm{sen}}\left(8x\right)\cdot x^2-2x\cdot\operatorname{\mathrm{sen}}\left(8x\right)}{x^4}
1	\frac{(\frac{7}{x}x^3-7\ln\left(x\right)3x^2)}{(x^3)^2}
1	\frac{5e^{x}}{x^2}-2\frac{5e^{x}}{x^3}
1	4x^3\ln(x)+4x^2
1	(16\operatorname{\mathrm{sen}}\left(x\right)^3)\cdot(\frac{1}{x})
1	7\cdot\frac{(1-\ln\left(x)\right)}{x^2}
1	(12x^2+1)
1	32x^3e^{x}+8^4e^{x}
1	\frac{\left(\frac{5}{x}x-1\cdot5\ln\left(x\right)\right)}{x}
1	\frac{1}{x+7}-\frac{\left(x+1\right)}{\left(x+7\right)^2}
1	\frac{e^{x}\left(6x^2+12x\right)}{x^4}
1	e^{6x+9}6
1	2x\cdot e^{4x}+x^2\cdot4\cdot e^{4x}
1	\frac{\left(7e^{x}x^3-7e^{x}3x^2\right)}{x^{52}}
1	\frac{-8}{x+1)^2}
1	32(8x+3)^4
1	6\cos\left(x\right)-\operatorname{\mathrm{sen}}\left(x\right)6
1	33x^3-21x^2
1	9\left(3x^2\ln\left(x\right)+x^2\right)
1	\frac{6}{(x+9)^{2}}
1	\frac{1}{6\sqrt2}
1	2e^{x}\sin(x) + 2e^{x}\cos(x)
1	28x^3-12x+0
1	9\cdot\frac19
1	6x+xe^{x-1}
1	\frac{7\cdot((\frac{1}{x}\cdot x^3)-(\ln\left(x\right)\cdot3x^2)}{x^6}
1	21x^2 \ln(x) + 7x^2
1	\frac{4\operatorname{\mathrm{\cos\left(x\right)}}\cdot x^3-4\operatorname{\mathrm{sen}}\left(x\right)\cdot3x^2}{x^{3^2}}
1	\frac{\frac{9}{x}}{(x^2)^2}
1	-\frac{(\operatorname{\mathrm{3}\mathrm{sen}}\left(3\ln\left(x\right)\right))}{x}
1	20x\ln\left(x\right)+5x^3
1	3x^{2}e^{3x}\left(1+x\right)
1	40x^4-27x^2+5
1	\ln\left(2\right)\cdot\frac{1}{x}
1	\frac12x^{^{-\frac12}}
1	\frac{9x-9\ln\left(x\right)\cdot2x}{x^4}
1	\frac{8(x-\ln\left(x\right)\cdot2x)}{x^4}
1	-\frac{\operatorname{25\mathrm{sen}}\left(5\ln\left(x\right)\right)}{x}
1	10x\cdot e^x+5x^{2}\cdot e^{x}
1	\frac{\left(x+3\right)-\left(x+5\right)}{\left(x´5\right)^2}
1	6e^x\cos(x) - 6e^x\operatorname{sen}(x)
1	20\cdot\left(\operatorname{\mathrm{sen}}\left(x\right)\right)^3\cdot\cos\left(x\right)
1	\frac{-18e^{x}}{x^3}
1	\frac{x(x+2)}{(x+2)^2}-\frac{(x+3)x}{(x+2)^2}
1	-\frac{2e^{x}}{x^{^2}}
1	\frac{1}{-2\sqrt{x}}
1	\frac{\left(\left(x+3\right)-\left(x+8\right)\right)}{\left(x+3\right)^2}
1	8\ln\left(x\right)^3\cdot\frac{2}{x}
1	\frac{9e^{x}}{x^4}(x^2-2x)
1	\frac{5}{(x+3)^2}
1	7x^{-\frac12}
1	\frac{4(x^2-\ln\left(x\right)x^3)}{x^6}
1	5x^{-\frac12}\cdot\frac12
1	5\cos\left(x\right)3\operatorname{\mathrm{sen}}\left(x\right)^2
1	4x3^{\placeholder{}}
1	(2x\cdot\frac{(x+4)-x^2\cdot1)}{(x+4)^2}
1	9e^{2x}
1	\frac{4}{x^2+2x+1}
1	\frac{x-\ln\left(x\right)(2x)}{(x^2)^2}
1	10\operatorname{\mathrm{sen}}\left(x\right)^4\cdot\cos\left(x\right)
1	e^{x}(9)
1	\frac{5e^x x - 5e^x}{x^2}
1	\frac{2x\left(x+2\right)-x^2}{\left(x+2^{}\right)^2}
1	\frac{8(e^{x}\cdot x-e^{x})}{x^2}
1	0-18x^2
1	e^{x}(\cos\left(x)-\operatorname{\mathrm{sen}}\left(x\right)\right.)
1	25\sin^4(x)\cos(x)
1	\frac{8x^3\cos(x) - 24x^2\sen(x)}{x^6}
1	9\left(3x^2e^{x}+x^3e^{x}\right)
1	4x\left(x^2+2\right)
1	6x^2\sin(x) + 2x^3\cos(x)
1	5e^x\cos(x) - 5e^x\operatorname{sen}(x)
1	\frac{x+x\ln\left(x\right)}{x^4}
1	27x^2\operatorname{\mathrm{sen}}\left(x\right)+9ex^3\cos\left(x\right)
1	2e^x\cos(x)-2e^x\sen(x)
1	35(7x+7)^4
1	25x^4-4x^2
1	6x^2\cdot e^{x}+e^{x}\cdot2x^3
1	0\cdot
1	12(6x+2)
1	15x^4+7^2
1	x(2\ln\left(x\right)+1)
1	12x\ln\left(x\right)-6x^2\cdot\frac{1}{x}
1	14\sin(x)\cos(x)
1	9\cdot2\operatorname{\mathrm{sen}}\left(x\right)\cdot\cos\left(x\right)
1	e^{6x+7}6
1	\frac{7xe^2e^{x}-14xe^{x}}{x^4}
1	45x^4-9x^2
1	6\cdot5x^4+4
1	-(x+1)^{-2}\cdot x^3+\frac{1}{x+1}\cdot3x^2
1	\frac{(7\cdot e^{x}\cdot x^3-7e^{x}\cdot3x^2)}{x^5}
1	20(4x+7)^4
1	2\cdot5x^4-9\cdot3x^2
1	\frac{1}{\left(x+6\right)^2}
1	\frac{2x\cos(x)-4\sen(x)}{x^3}
1	2(e^{x}\cos\left(x\right)+e^{x}\cdot(-\operatorname{\mathrm{sen}}\left(x\right)))
1	6x+xe^{x}
1	36\operatorname{\mathrm{sen}}^3\left(x\right)\cdot\cos\left(x\right)
1	\frac{1}{7x^2+9}\cdot14x
1	-2x^{-\frac12}
1	12x^2\operatorname{\mathrm{sen}}\left(x\right)+4x^3\cos\left(X\right)
1	4\left(4^{}x^3\ln\left(x\right)+x^3\right)
1	\frac18e^{x}
1	9\left(4x^3e^{x}+x^4e^{x}\right)
1	\frac{x+2-x+6}{(x+2)^2}
1	\frac{3}{\cos\left(x^{}\right)^2}
1	\frac{6\cos\left(6x\right)x-5\operatorname{\mathrm{sen}}\left(6x\right)}{x^2}
1	2(x9+9)9
1	45\operatorname{\mathrm{sen}}^4\left(x\right)\cdot(\cos\left(x)\right)
1	\frac{2x\cdot\left(x+9\right)-x^2}{\left(x+9\right)^2}
1	7e^{x}\cdot\cos\left(x\right)+7e^{x}-\operatorname{\mathrm{sen}}\left(X\right)
1	\frac{1}{x+4}+(x+2)\ln\left(x+4\right)
1	6(2x+1)^2
1	\cos\left(8x+9\right)\cdot8
1	\frac{2x\cdot(x+7)-x^2\cdot1}{(x+7)^2}
1	0+7\cdot\frac{1}{2\sqrt{x}}
1	\frac{(x+9-x-3)}{(x+9)^2}
1	\frac{8x-8\ln\left(x\right)\cdot2x}{x^4}
1	36x^3-21x^2+0
1	\frac{10x}{\sqrt{5x^2+3}}
1	\frac12\cdot3x^{-\frac12}
1	\frac{14x}{(7x^2+4)}
1	\frac{(x+5)3x^2-x^3}{(x+5)^2}
1	\frac{-6}{x}
1	5\cdot4x^3
1	\frac{9\sqrt{x}}{2x}
1	x\cdot\ln\left(6\right)
1	4xe^{x}\cdot e^{x}
1	15x^2\sen(x)+5x^3\cos(x)
1	40x^2+8
1	2x^4e^{x}+8x^3e^{x}
1	\frac{1}{x+4}-\frac{\left(x+5\right)}{\left(x+4\right)^2}
1	\frac{4(x\cos(x) - \sin(x))}{x^{2}}
1	\frac{\frac{8}{x}\cdot x^3-8\ln\left(x\right)3x^2}{x^6}
1	\frac{7(x\cos(x)-3\sen(x))}{x^{4}}
1	\frac{\frac{9}{x}\cdot x^{3}-9\ln\left(x\right)\cdot3x^{2}}{x^{6}}
1	\frac{1}{2\sqrt{4x^2+2}}8x
1	3\left(x^3+4\right)^2\cdot3x^2
1	5\cdot-\operatorname{\mathrm{sen}}\left(5\ln\left(x\right)\right)\cdot\frac{5}{x}
1	\frac{2x^3+15x^2}{\left(x+5\right)^2}
1	25(5x+1)^4
1	\frac{(e^{x}x-e^{x})}{1}
1	\frac{x+3-x-5}{\left(x+5\right)^2}
1	e^{3x^2+8x}(3(2x)+8)
1	e^{4x^2+8x}(4(2x)+8)
1	e^{6x+4}6
1	\frac{2x\cdot(x+6)-(x^2)}{(x+6)^2}
1	\operatorname{\operatorname{-2\mathrm{sen}}\left(2x+3\right)}
1	\frac{(x+4)2x-x^2}{(x+4)^2}
1	2\cos\left(2x+8\right)
1	12x\ln\left(x\right)+\frac{1}{x}6x^2
1	12x^3+5x^0
1	\frac{1}{\cos^2\left(X\right)}
1	-28x^3+24x^3
1	36\cdot x^3\cdot\ln\left(x\right)+\frac{9x^4}{x}
1	\frac{1}{\cos(x)^2}
1	\frac{3\cdot2x}{2\sqrt{3x^2+9}}
1	\frac{(-6)}{x^2}
1	\frac{(1)\cdot(x+3)-(x+7)\cdot(1)}{(x+3)^2}
1	\frac{3x^2(x+3)-1(x^3)}{(x+3)^2}
1	\frac{7\cdot((\frac{1}{x}\cdot x^3)-(\ln\left(x\right)\cdot3x^2))}{x^6}
1	\frac{1}{x}\ln\left(5\right)^{-1}
1	\frac12\cdot\frac{6x}{\sqrt{3x^2+9}}
1	\frac{e^{x}\cdot x^3-5e^{x}\cdot3x^2}{(x^3)^2}
1	\frac{(4e^{x}x^2-8xe^{x})}{x^4}
1	-7\cdot x^{-2}
1	8x(x^2+4)^3
1	\frac{3((e^{x}\cdot x^3)-(e^{x}\cdot3x^2)}{x^6}
1	10x^4-27x^2+0
1	3e^{}^{x}
1	e^{x}\cdot\frac{1}{x^3}+e^{x}\cdot(-3x^{-4})
1	27x^3\cdot e^{x}+9x^4\cdot e^{x}
1	4x+e^1
1	\frac{x+7-x+8}{(x+7)^2}
1	3(x)^{-\frac12}
1	-\frac{6}{x}\operatorname{\mathrm{sen}}\left(2\ln\left(x\right)\right)
1	\frac{4\left(\left(\frac{1}{x}\cdot x^2\right)-\left(\ln\left(x\right)\cdot2x\right)\right)}{x^4}
1	\frac{5\cos\left(x\right)}{x^2}-2\cdot\frac{5\operatorname{\mathrm{sen}}\left(x\right)}{x^3}
1	\frac{(x+8)-(x+5)}{(x+5)^2}
1	\frac{(4\cos\left(x\right))\cdot x^3-(4\operatorname{\mathrm{sen}}\left(x\right))\cdot3x^2}{(x^6)}
1	3\cdot\frac12\cdot\frac{1}{\sqrt{x}}
1	3e^{2\operatorname{\mathrm{sen}}\left(x\right)}2\cos\left(x\right)
1	\frac{\ln\left(9x^2+6\right)}{x}\cdot18
1	\frac{1}{\cos\left(x^2^{}\right)}
1	25x+8
1	\frac{1}{8x^2+7}\cdot16x
1	40x^{4^{}}-20x^3
1	8(2x+6)^3
1	\frac{5x\cos(5x)-2\operatorname{sen}(5x)}{x^{3}}
1	8x^3+e^{}
1	\frac{1}{(x+9)^2}((x+9)-(x+1))
1	\frac{1}{2x+2}2
1	36\operatorname{\mathrm{sen}}^3\left(x\right)\cos\left(x\right)
1	\frac{6x-12\ln\left(x\right)-}{x^2}
1	3\ln\left(3\right)
1	\frac{7\cos\left(x\right)}{x}-\frac{7\cos\left(x\right)}{x^2}
1	1\cdot4x
1	3x^22\left(x^3+5\right)
1	3(3x^2\ln\left(x\right)+x^2)
1	\frac{2(x\cos(x) - 3\sin(x))}{x^{4}}
1	\frac12\cdot x^{\frac{-1}{2}}
1	\frac{1}{2\ln\left.(x\right)}
1	\frac{3x^3+12x^2-x^4}{x^2+8x+16}
1	2\cos\left(x\right)e^{2\operatorname{\mathrm{sen}}\left(\placeholder{}\right)}
1	\frac{-9\operatorname{\mathrm{sen}}\left(x\right)+9\cos\left(x\right)x}{x^2}
1	\frac{x\left(x+16\right)}{\left(x+8\right)^{2}}
1	7x^{3}(4\sin(x)+x\cos(x))
1	15\cdot\operatorname{\mathrm{sen}}\left(x\right)^4\cdot\cos\left(x\right)
1	8x^3+e^{x-1}
1	6x\ln\left(x\right)-3x^{}
1	4x^3\cdot e^{6x}+x^4e^{6x}\cdot6
1	\frac{\left(2e^{x}x-2e^{x}\right)}{x^2}
1	\left(2\cdot5x+5\right)e^{5x^2+5x}
1	35\operatorname{\mathrm{sen}}^4\left(x)\right.\cos\left(x\right)
1	(x+8)e^{5x^2+8x}
1	\frac{6x\cos\left(x\right)-\operatorname{\mathrm{sen}}\left(6x\right)}{x^2}
1	28x+8
1	5\cdot2\cos\left(x\right)\cdot e^{2\operatorname{\mathrm{sen}}\left(x\right)}
1	2(2x\ln\left(x\right)+x)
1	2xe^{5x}+x^2e^{5x}5
1	\frac{2x}{\left(x^2+1\right)}
1	\frac{5\cos\left(5x\right)x^3-15\operatorname{\mathrm{sen}}\left(5x\right)x^2}{x^6}
1	\cos\left(8x+2\right)\cdot8
1	2\cdot2\cdot\ln\left(x\right)\cdot\frac{1}{x}
1	9(4x^3\ln\left(x\right)+x^4\cdot\frac{1}{x})
1	3\cdot6x\ln\left(x\right)+3x^2\frac{1}{x}
1	\frac{16x^3\ln\left(x\right)+\frac{4x^4}{x}}{(\ln\left(x\right))^2}
1	15x^2+e^2
1	\frac{x+2-x-9}{\left(x+2\right)^2}
1	\frac{x+7-x-2}{(x+7)^2}
1	\frac{1}{20x(\sqrt{5x^2+2})}
1	6\cdot4x^3\cdot\ln\left(x\right)+6x^4\cdot\frac{1}{x}
1	\frac{x^3+2x^2}{(x+1)^2}
1	2x^3\cdot\frac{1}{x}+6x^2\ln\left(x\right)
1	\frac{\frac{7}{x}\cdot x^2-7\ln\left(x\right)2x}{x^4}
1	\frac{(\frac{4}{x}x^3-4\ln\left(x\right)3x^2)}{5x^4}
1	(15x^2\cdot e^{x})+(5x^3\cdot e^{x})
1	\frac{(2x^3+18x^2)}{x^2+12+36}
1	5\left(3x^2\operatorname{\mathrm{sen}}\left(x\right)+x^3\cos\left(x\right)\right)
1	45x^3\ln\left(x\right)
1	24x^2\operatorname{\mathrm{sen}}\left(x\right)\cdot8x^3\cos\left(x\right)
1	\frac{9(x^{-1}x^3-\ln\left(x\right)\cdot3x^2)}{(x^3)^2}
1	\ln\left(2x\right)
1	(e^{4x^2+5x})\cdot8x+5
1	\frac{2(1-2\ln\left(x\right))}{x^3}
1	\frac{7e^{x}(7e^{x}x^{}-7e^{x}2)}{x^3}
1	x^3(\ln\left(x\right)+1)
1	\frac{\frac{5}{x}x^3-10x^2\ln x}{x^6}
1	4x^{-1/2}
1	\ln\left(4\right)4○4x
1	16(8x+2)^2
1	\frac12\cdot(x^2+7)^{-\frac12}\cdot2x
1	4e^{x}\left(\sin(x) + \cos(x)\right)
1	8\cos\left(x\right)3\operatorname{\mathrm{sen}}\left(x\right)^2
1	20x^4-12x^3
1	-\operatorname{3\mathrm{sen}}\left(3\ln\left(x\right)\right)\cdot\frac{3}{x}
1	3^{x}.1
1	10\cdot\frac{1}{x}
1	\frac{x(x+5)-x^2(x+5)}{(x+5)^2}
1	\frac{\ln\left(x\right)-1}{x^2}
1	\frac{(x+2-x-8)}{(x+2)^2}
1	\frac{(9\operatorname{\mathrm{sen}}\left(x\right)x^2-18x\operatorname{\mathrm{sen}}\left(x\right))}{x^4}
1	14x\operatorname{\mathrm{sen}}\left(x+7x^2\cos\left(x\right)\right\rbrace
1	3x^2+5
1	20x^3e^{x}+5x^4\cdot e^{x}
1	\frac{7e^{x}x(x^{}-1)}{x^4}
1	7x^4e^{7x}+4x^3e^{7x}
1	e^{3x^2+5x}\left(3\left(2x\right)+5\right)
1	\frac{8(e^{x}x^3-3e^{x}x)}{x^6}
1	\cos\left(8x+6\right)8
1	18x\ln x+9x
1	(3\operatorname{\mathrm{sen}}\left(x\right)-3\cos\left(x\right))
1	\frac{4\ln\left(x\right)-\frac{4}{x}}{x^2}
1	\frac{(\frac{5}{x}x^3-5\ln\left(x\right)3x^2)}{x^6}
1	3x^4\cos\left(x\right)+12x^3\operatorname{\mathrm{sen}}\left(x\right)
1	4(x^2+9)^3\cdot2x
1	\frac{8x}{4x2+7}
1	4(\frac{1}{2\sqrt{x}})
1	8\cdot3x^2e^{x}+8x^3e^{x}
1	4x\cdot\ln\left.(x\right)+2x
1	3\cdot e^{4\operatorname{\mathrm{sen}}\left(x\right)}\cdot4\cos\left(x\right)
1	\frac{6\left(2\ln\left(x\right)\right)}{x}
1	20x^3-15x^2+0
1	8x(x^2+5)^3
1	e^{3x^2+5x}6x+5
1	(1\cdot(x+8)-(x+6)\cdot1)\cdot(x+8)^{-1}
1	5\cdot\cos\left(x\right)+2\cdot-\operatorname{\mathrm{sen}}\left(x\right)
1	\frac{1}{x\ln\left(x\right)2}
1	\frac{-x-5}{(x+3)^2}
1	\frac{x^2 + 2x}{(x+1)^2}
1	11x^3-6x^2
1	6e^{(6x+7)}
1	\frac32^{}x^{-\frac12}
1	\frac{(7x^2e^{x}-14xe^{x})}{x^4}
1	18x^2+e^{\placeholder{}}
1	\frac{6(2x)}{6x^2+6}
1	\frac{(\frac{e^{x}}{x^3}-\frac{-3}{x^4})}{x^6}
1	-\frac{16\,\operatorname{sen}\left(4\ln(x)\right)}{x}
1	8x^2.e^{x}+16x
1	\frac{\ln\left(x\right)}{x\ln\left(5\right)}
1	\frac{2\cdot\cos\left(x\right)\cdot x^2-\operatorname{\mathrm{sen}}\left(2x\right)\cdot2x}{x^4}
1	\frac{(8\cos\left(x\right)x^2+8\operatorname{\mathrm{sen}}\left(x\right)2x)}{x^4}
1	4\operatorname{x\mathrm{sen}}\left(x\right)+2x^2\cos\left(x\right)
1	4xe^{x}+x^4e^{x}
1	4\cdot\frac12\cdot\frac{1}{\sqrt{x}}
1	9(2x)\operatorname{\mathrm{sen}}\left(x\right)+9x^2\cos\left(x\right)
1	7(\frac{1}{2\sqrt{x}})
1	(3x^2\operatorname{\mathrm{sen}}\left(x\right)+(x^3\cos\left(x\right)))
1	4(x^2+6)
1	-\frac{7}{\sqrt{x}}
1	\frac{x+3-x-6}{\left(x+6\right)^2}
1	-\frac{4}{x^2+8x+16}
1	5x^3\cos\left(x\right)+15x^2\operatorname{\mathrm{sen}}\left(x\right)
1	12x^3+\frac{1}{x}
1	\frac{(x^2-12x)}{x^2+12x+36}
1	(6e^{x}\cdot x^3-6e^{x}\cdot3x^2)\cdot\frac{1}{x^6}
1	2\cos\left(x-4\operatorname{\mathrm{sen}}\left(x\right)\right)
1	e^{x}(\cos\left(x\right)-\operatorname{\mathrm{sen}}\left(x)\right.)
1	\frac{x+2-x-1}{\left(x+2\right)^2}
1	2\cos\left(2x+5\right)
1	7x^{2}\cos(x) + 14x\sin(x)
1	-\frac{2}{x^2}\cdot e^{x}+\frac{2}{x}\cdot e^{x}
1	9e^{x}\left(\cos(x) - \sin(x)\right)
1	2\left(\frac{1-\ln\left(x\right)}{x^2}\right)
1	0\cdot\ln\left(x\right)+5\cdot\frac{1}{x}
1	-\operatorname{\mathrm{sen}}\left(6x+1\right)\cdot6
1	\frac{(\frac{9}{x}x^3-3x^29\ln\left(x\right))}{x^6}
1	((3x^2)\cdot\frac{(x+2)-x^3)}{(x+2)^2}
1	\dfrac{-2}{(x+2)^{2}}
1	\frac{9e^{x}(x^2-2x)}{x^4}
1	\frac{3x^{2}\cdot\left(x+3\right)-x^{3}}{\left(x+3\right)^{2}}
1	22x^4
1	\frac{2x(x+6)-x^2}{(x+8)^2}
1	20\ln\left(x\right)+5x^4\cdot\frac{1}{x}
1	\frac{2e^{x}x^3-2e^{x}3}{x^6}
1	\frac{x^3-3e^{x}x^2}{x^5}
1	6\cdot(-\operatorname{\mathrm{sen}}\left(6x+3\right)
1	5x^{4^{\placeholder{}}}
1	\frac{2xe^x - 4e^x}{x^3}
1	32\ln\left(x\right)^3\cdot x^{-1}
1	9\cdot e^{9x+5}
1	6x(2\operatorname{\mathrm{sen}}\left(x\right)+x\cos\left(x)\right)
1	-\frac{7}{(x)^2}
1	4x^3e^{9x}+9x^4e^9x
1	\frac12(3x^2+1)^{\frac{-1}{2}}6x
1	\frac{(-6\ln\left(x\right)+3x)}{x^4}
1	2ddd
1	\frac{(0x-5)}{(x^2)}
1	21x^3-15x^2
1	\frac{1}{7^{x}\ln\left(7\right)}
1	7xe^{\placeholder{}}
1	7xe^{x-1}
1	30(6x+7)^4
1	4x^3(4\operatorname{\mathrm{sen}}\left(x\right)+x\cos\left(x\right))
1	2\left(4x+6\right)\cdot4
1	4\cdot e^{3\operatorname{\mathrm{sen}}\left(x\right)}\cdot3\cos\left(x\right)
1	6x\ln\left(x\right)+3x^{\placeholder{}^2}
1	21x^2\operatorname{\mathrm{sen}}\left(x\right)+7x^3\cos\left(\placeholder{}\right)
1	28\ln\left(x\right)^3
1	-\frac{2}{2\sqrt{x}}
1	x^{3}e^{7x}\left(4+7x\right)
1	9x^{3}\left(x\cos(x) + 4\sin(x)\right)
1	e^{x}\cdot x^{-3}+e^{x}\cdot3x^{-2}
1	\frac{9x^{-1}}{x}-9\ln\left(x\right)x^{-2}
1	5\left(\frac{\cos\left(x\right)x-\operatorname{\mathrm{sen}}\left(x\right)}{x^2}\right)
1	\frac{x^2(x+7)-x^2}{x^4}
1	\frac{(1\cdot5)}{\sqrt{x}}
1	\frac{(4\cos\left(x\right)x^2-8x\operatorname{\mathrm{sen}}\left(x\right))}{x^4}
1	\frac{(x+4)-(x+8)^2}{(x+4)^2}
1	\frac{\frac{8}{x}x^3-8\ln\left(x\right)2x^2}{x^6}
1	-\frac{12\,\operatorname{sen}\left(4\ln(x)\right)}{x}
1	10(2x+9)^4
1	\frac{6\cos\left(x\right)x^3+6\operatorname{\mathrm{sen}}\left(x\right)3x^2}{x^6}
1	3x+3\cdot e^{3x+3}
1	\frac{8}{1\sqrt{x}}
1	\frac{3x^2}{x+3}-\frac{x^3}{\left(x+3\right)^3}
1	4\left(\frac{e^{x}x^2-e^{x}2x}{x^4}\right)
1	3x^2e^{5x}+x^3e^{5x}
1	5(3x+1)^43
1	\frac{9x^2\ln\left(x\right)-3x^2}{x^6}
1	\frac{\left(3x^2\cdot\left(x+5\right)\right)-\left(x^3\right)}{\left(x+5\right)^2}
1	6\cos\left(8x+8\right)
1	4e^4x+2
1	\frac{\left(9x-18\ln\left(x\right)x\right)}{x^4}
1	-\frac{\operatorname{\mathrm{sen}}\left(4\ln x\right)}{x}4
1	27x^2e^{x}+9e^{x}x^3
1	\frac{x\cos(x)-2\sin(x)}{x^3}
1	\frac{6(\ln\left(x\right))^2}{x}
1	9e^{x}\operatorname{\mathrm{sen}}\left(x\right)+9e^{x}-\cos\left(x\right)
1	(4\cos\left(x\right))+(-5\operatorname{\mathrm{sen}}\left(x)))\right.
1	\frac{-2e}{x^2}
1	\frac{2x^318x^2}{(x+6)^2}
1	\frac{3}{(x+5)^2^{}}
1	\frac{1}{x+3}-\frac{(x+7)}{(x+3)^2}
1	\frac{x^2-x^3\ln\left(x\right)}{x^6}
1	3e^{3x+5}
1	\frac{2}{(\cos\left(x\right))^2^{}}
1	\frac{6\cdot((\frac{1}{x}\cdot x^2)-(\ln\left(x\right)\cdot2x))}{x^4}
1	\frac{(\frac{1}{x}\cdot x^2-\ln\left(x\right)2x)}{x^4}
1	\frac{7\left(2x\right)}{2\sqrt{7x^2+6}}
1	\frac{3x^2(x+1)-(x^3)}{(x+1)^2}
1	\frac72((x)^{-\frac12})
1	(1\cdot\ln\left(2\right)+x\cdot\frac{1}{x}\cdot0)\cdot2^{x}
1	4e^{x}(\frac{1}{x^2}-\frac{2}{x^3})
1	\frac{8\cos\left(x\right)x^3-8\operatorname{\mathrm{sen}}\left(x\right)3x^2)}{x^6}
1	\ln\left(x+3\right)
1	\dfrac{7(1-2\ln(x))}{x^{3}}
1	\frac{2x}{x+4}+x^2(-\frac{1}{(x+4)^2})
1	\frac{2x\cdot(x+2)-x2}{(x+2)^2}
1	2\cdot-\frac{1}{x\cdot x}
1	0\cdot e^{x}+e^{x}\cdot8
1	\frac{(0\cdot\ln\left(x\right)+8\cdot\frac{1}{x})\cdot1-8\cdot\ln\left(x\right)\cdot1}{x^2}
1	\frac{8x-4\ln\left(x\right)x}{x^4}
1	\frac{7xe^{x} - 7e^{x}}{x^{2}}
1	\frac12\cdot\frac{16x}{\sqrt{8x^2+8}}
1	\frac{4(x-\ln\left(x\right)\cdot2x)}{x^4}
1	-\frac{7}{x^8}
1	6e^{x}x^{-1}+6e^{x}(-1x^{-2})
1	\frac{\frac{3}{x}\cdot x^3-3\cdot\ln\left(x\right)\cdot3x^2}{x^3}
1	6\cdot\left(\ln\left(x\right)\right)^2\cdot\frac{1}{x}
1	\frac12(5x^2+8)^{\frac{-1}{2}}10x
1	\frac{6 - 18\ln(x)}{x^{4}}
1	\frac23\cdot x^{-\frac13}
1	-\frac{x^3}{(x+7)^2}+\frac{3x^2}{x+7}
1	\frac{(x+9-x-5)}{(x+9)^2}
1	\frac{1}{x+1}-\frac{(x+8)}{(x+1)^2}
1	\frac{3x^2\left(x+5\right)-x^3}{\left(x+5\right)^{"}}
1	e^{x\cdot\ln\left(3\right)}\cdot\ln\left(3\right)
1	\frac{7\left(\left(\frac{1}{x}\cdot x\right)-\left(\ln\left(x\right)\right)\right)}{x^2}
1	-5\sen(x)
1	\frac{1}{1^2}
1	5\operatorname{\mathrm{sen}}\left(x\right)
1	3\cos\left(x\right)-\operatorname{\mathrm{sen}}\left(x\right)\cdot-4
1	5e^{x}\cdot\cos\left(x\right)-\operatorname{\mathrm{sen}}\left(x\right)\cdot5e^{x}
1	4(x^2+1)
1	5x^3\cdot\ln\left(x\right)+5x^3
1	-5\cdot x^2
1	\frac{\left(x+2-x+1\right)}{\left(x+2\right)^2}
1	-\frac{x}{\sqrt{x^2+5}}
1	3(\frac{3\ln^2\left(x)\right)}{x}
1	\frac{7xe^{x}+e^{x}}{x^2}
1	\frac{(x+9)3x^2-x^3}{(x+9)^2}
1	\ln\left(3\right)\cdot3x
1	\frac{3}{\cos^2\left(x^{}\right)}
1	\frac{1}{5x+6}\cdot5
1	-8(x)^{-2}
1	15x^4-6x^2+3
1	8x^2+e^{x}
1	(2x(x+1)-x^2)\cdot(x+1)^{-2}
1	\frac{5e^{x}x^3-5e^{x}\cdot2x^2}{(x^3)^2}
1	\frac{9\cos\left(x\right)x^2-18x\operatorname{\mathrm{sen}}\left(x\right)}{x\left\lbrace^4\right\rbrace}
1	\frac{3x}{\sqrt{3x^{2}+5}}
1	\frac{1}{(6x+1)}\cdot6
1	\frac42x^{-\frac12}
1	6x^{2}(3\sen(x)+x\cos(x))
1	2e^{x}\left(-\operatorname{\mathrm{sen}}\left(x\right)\right)
1	\left(2x+4\right)\cdot e^{x^2+4x}
1	\frac{1-\ln\left(x\right)x}{x^2}
1	2x^3e^{6x}(2+3x^{})
1	\frac{5x-2x5\ln\left(x\right)}{x^4}
1	4e^{x^{\placeholder{}}}
1	6\left(x^2+6\right)e^{3x^2+6x}
1	\frac{8\cos\left(8x\right)\cdot x^2-\operatorname{\mathrm{sen}}\left(8x\right)\cdot2x}{x^4}
1	4(x^2+5)x
1	\frac{7 - 14\ln(x)}{x^3}
1	4e^{5\cos\left(x\right)}
1	x^2e^{x}+2e^{x}
1	\frac{8}{-x}
1	\frac{3x}{\sqrt{3x^2+7}}
1	\frac{4e^{x}\cdot\cos\left(x\right)+4e^{x}\cdot\operatorname{\mathrm{sen}}\left(x\right)}{(\cos\left(x\right))^2}
1	\frac{(3x^2\cdot x+4-x^3\cdot1)}{(x+4)^2}
1	\frac12\cdot\frac{1}{\sqrt{2x^2+8}}\cdot4x
1	\frac{e^{x}(x-1)}{x^{2}}
1	3(3\operatorname{\mathrm{sen}}\left(x\right)^2)\cos\left(x\right)
1	1-\frac{2}{\left(x-3\right)^2}
1	56(56)
1	6(\operatorname{\mathrm{sen}}\left(x\right))^2\cdot\cos\left(x\right)
1	\frac{1}{x}\cdot4
1	6x^4\cos(x) + 24x^3\sen(x)
1	\frac{6x}{\sqrt{6x^2+1}}
1	12(3x+1)^3
1	8x^3\left(4\ln\left(x\right)+1\right)
1	\frac{6x^2-18x\ln\left(x\right)}{(x^3)^2}
1	-\frac{(7e^{x}2x)}{x^4}
1	2x^2-6x^2\ln\left(x\right)
1	7\frac{1}{x}
1	\frac{9}{x^3}-\frac{27\ln\left(x\right)}{x^4}
1	\frac{x+6-x-4}{\left(x+6\right)^2}
1	3x^2+6
1	\frac{\left(3\cos\left(x\right)\cdot x^3-3\operatorname{\mathrm{sen}}\left(x\right)3x^2\right)}{x^6}
1	2(e^{x}\cos\left(x\right)-\operatorname{\mathrm{sen}}\left(x\right)e^{x})
1	-(x^{-2})
1	2(e^{x}\cdot\operatorname{\mathrm{sen}}\left(x\right)+e^{x}\cdot\cos\left(x\right))
1	4x(1)
1	\frac{7}{x^2+16x+64}
1	0\cdot x^{\frac12}+2\cdot(\frac12x^{-\frac12})
1	3\cos(x)-4\operatorname{sen}(x)
1	12x+1
1	\frac{9}{x}\cdot\frac{1}{x^2}+9\ln\left(x\right)\cdot(-2x^{-3})
1	24x^{3}\sin(x) + 6x^{4}\cos(x)
1	\frac{3x^2(x+1)-x^3(x+1)}{(x+1)^2}
1	\placeholder{}^{\placeholder{}}
1	\frac92\sqrt{x}
1	(\frac{2x(x+1)-x^2)}{(x+1)^2}
1	20(4x+2)^4
1	8\cdot x^{3+5}
1	6co
1	7e^{x}\cos\left(x\right)-\operatorname{\mathrm{sen}}\left(x\right)7e^{x}
1	\frac{2x}{x^{2}+3}
1	3(e^{x}\cdot\operatorname{\mathrm{sen}}\left(x\right)+e^{x}\cdot\cos\left(x\right))
1	6x\cdot\ln\left(x\right)+\frac{2x^3}{x}
1	e^{3x}+9\cdot3
1	-5\cdot\frac{1}{x^2}
1	\frac72
1	\frac{3}{x^2+25}
1	\frac{\left(e^{x}x^3-e^{x}3x^2\right)}{x^2}
1	16x^3+2x
1	9e^{9x+2}
1	6x(1
1	27x^2-8x+0
1	\frac{e^{x}(x-2)}{x^4}
1	\frac{5}{x}\cdot x^2+5\ln\left(x\right)\cdot2x
1	\dfrac{7}{\cos^{2}(x)}
1	3(-\operatorname{\mathrm{sen}}\left(3x+5\right))
1	\cos\left(5x+1\right)\cdot5
1	-\frac{2\,\operatorname{sen}\left(2\ln(x)\right)}{x}
1	e^{x}\cdot x^{-3}-e^{x}\cdot3\left.x^{-2}\right)
1	8e^x(\sin(x)+\cos(x))
1	16x^{3+4}
1	4(6x+5)^36
1	6\operatorname{\mathrm{sen}}\left(x\right)-2\operatorname{\mathrm{sen}}\left(x\right)
1	3x^2\cdot e^{4x}+x^3\cdot e^{4x}\cdot4
1	e^{2x+2}2
1	35x^4-16x^2
1	\frac{(x^{}-2)}{x^3}4e^{x}
1	2(e^{x}\cos\left(x\right)-e^{x}\operatorname{\mathrm{sen}}\left(x\right))
1	35x^4-32x^3+0
1	4x^3+4
1	\frac{(x+6-x+9)}{(x+6)^2}
1	\frac{(3x^2\cdot(x+8))-(x^3)}{(x+8)}
1	\frac{-1}{2\cdot\sqrt{x}}
1	\frac{2}{5\sqrt{x}}
1	4\cdot\frac{1}{4x+6}
1	8\cdot\frac{1}{\cos\left(x^2\right)}
1	7(e^{x}x^3-3e^{x}x^{-4})
1	-\frac{1}{x}3\operatorname{\mathrm{sen}}\left(3\ln\left(x\right)\right)
1	-\operatorname{\mathrm{sen}}\left(2x+9\right)2
1	-\frac{7}{x^{32}}
1	\frac{\left(x+2-\left(x+7\right)\right.}{\left(x+2\right)^2}
1	e^{7x+5}(7)
1	14x(e^{x})+7x^2(e^{x})
1	\frac{dx-d}{\left(\differentialD x\right)2}\left\lbrack4x\right\rbrack
1	5x^4\ln\left(x\right)+20x^3
1	\frac{3x\cos(x)-9\sin(x)}{x^{4}}
1	\frac{0\cdot\ln\left(x\right)-5\cdot\frac{1}{x}}{x^4}
1	5\left(2x\ln\left(x\right)+x\right)
1	\frac92\cdot x^{\left(1-0,5\right)}
1	18x^2e^{x}\cdot9x^3e^{x}
1	16x^3\operatorname{sen}(x) + 4x^4\cos(x)
1	(9\cdot3)x^2-16x
1	\frac{9e^{x}x^3+27x^2e^{x}}{x^6}
1	4\cdot3x^2\cdot\left(x^3+4\right)^3
1	\frac{5}{\cos\left(x\right)\cos\left(\placeholder{}\right)}
1	\frac{3-3\ln\left(x\right)}{x}
1	14x\cdot\ln\left(x\right)+7x^2\cdot\ln\left(1\right)
1	\cos\left(9x+9\right)\cdot9
1	4\cos\left(x\right)-3\operatorname{\mathrm{sen}}\left(X\right)
1	\frac{12x}{6x^2 + 7}
1	7e^{x}x^2-14e^{x}x
1	\frac{3-3\ln(x)}{x^2}+
1	\frac{\cos\left(2x\right)2x^2+\operatorname{\mathrm{sen}}\left(2x\right)2x}{x^4}
1	\frac12(8x^2+4)16x
1	\frac{6}{(x+3)^2}
1	e^{4x^2+7x}\cdot\left(8x+7\right)
1	6\cdot\sqrt{2x}
1	\frac{5e^{x}\cdot x-5e^{x}}{x^{"}}
1	3\left(4x^3\operatorname{\mathrm{sen}}\left(x\right)+x^4\cos\left(x\right)\right)
1	\frac{(1)}{x^2}
1	\ln\left(2\right)e^2
1	2\ln\left(2x+7\right)
1	8(2xe^{x}+x^2e^{x})
1	6\left(2x\operatorname{\mathrm{sen}}\left(x\right)-x^2\cos\left(x\right)\right)
1	\frac{9e^{x}\left(x^3-3x^2\right)}{x^6}
1	-\frac{\operatorname{\mathrm{sen}}\left(5\ln\left(x\right)\right)20}{x}
1	16x^{3-12x}
1	8e^{8x}+2
1	\frac{5(e^{x}x^2-e^{x}2x)}{x^4}
1	\frac{(\frac{1}{x}\cdot1-\ln\left(x\right)\cdot1)}{(x)^2}
1	4((53^{224)))))^{\placeholder{}}}^2-1))))
1	2(\frac{1-\ln\left(x\right)}{x^2})
1	e^{4x^2+7x}(4(2x)+7)
1	3\left(\frac{e^{x}x^3-e^{x}3^{}x^2}{x^6}\right)
1	-32x^3+21x^2
1	5\cdot5x^4-8\cdot3x^2+0
1	4\left(\frac{e^{x}x^3-e^{x}3x^2}{x^6}\right)
1	4(9x+6)^39
1	3x^4\cdot\frac{1}{x}+12x^3\cdot\ln\left(x\right)
1	6(x^2+5)^2\cdot x
1	\frac{1}{x+4}-\frac{(x+7)}{(x+4)^2}
1	\frac{2x}{2\sqrt{x^2+4}}
1	6\cdot5\cdot\cos\left(x\right)^4\cdot\operatorname{\mathrm{sen}}\left(x\right)
1	\frac{1}{x+7}-\frac{x+2}{\left(x+5\right)^2}
1	\frac{2xe^x - 2e^x}{x^2}
1	\frac{6\cos\left(6x\right)x-\operatorname{\mathrm{sen}}\left(6x\right))}{\placeholder{}}
1	\frac{1}{\ln\left(9x+3\right)}\cdot9
1	6\cos(6x+4)
1	-3\operatorname{\mathrm{sen}}\left(3x+8\right)
1	10x-20x
1	9\cos(9x + 1)
1	\frac{(x+2)-(x+5)}{x^2+4x+4}
1	\frac{(x-7\cdot1)}{x^2}
1	10\cdot\ln\left(10^{x}\right)
1	\frac{1}{2\sqrt{8x^2+5}}(8x2)
1	9e^{\left(9x+6\right)}
1	\frac12\cdot(7x^2+1)^{-\frac12}\cdot14x
1	22x
1	\frac12(8x^2+2)^{-\frac12}\cdot16x
1	2e^x\cos(x) - 2e^x\operatorname{sen}(x)
1	10x\cdot\operatorname{\mathrm{sen}}\left(x\right)+5x^2\cos\left(x\right)
1	27\cdot(9x+1)^2
1	\frac{(\cos\left(x\right)\cdot x-\operatorname{\mathrm{sen}}\left(x\right))}{x^2}
1	\frac{2x^2+3x}{(x+1)^2}
1	\frac{3\cos(x)\cdot x^3-3\operatorname{\mathrm{sen}}\left(x\right)3x^2}{x^6}
1	\frac{(0\cdot x-5\cdot1)}{x^2}
1	\frac{3x^2(8+x)-x^3}{(x+8)^2}
1	-\frac{3}{x2}
1	\cos\left(7x+2\right)7
1	e^{x}+9e^{x}
1	36x3+7
1	7\cdot\frac12x^{\frac{-1}{2}}
1	\frac{1}{7x+5}
1	21x^2^{}\cdot e^{x}+7x^3\cdot e^{x}
1	3x\cdot\ln\left(x\right)+x^3\cdot\frac{1}{x}
1	-32x^3+18x^2
1	\ln\left(7\right)e^{x}
1	35x^{4+5}
1	(10x+4)e^{5x^2+4x}
1	\frac{4e^{x}(x-2)}{x^3}
1	\frac{\left(7x^3e^{x}-21x^2e^{x}\right)}{x^3}
1	-\frac{3}{\left(x-3\right)^2}
1	9x+1
1	\frac{3(x\cos(x)-2\sen(x)x)}{x^4}
1	5(4x+1)^44
1	\frac{8(\cos\left(x\right)\cdot x-\operatorname{\mathrm{sen}}\left(x\right))}{x^2}
1	3\sqrt{x}
1	21x^2-10x+0
1	e^{x}\cdot x^{-3}-e^{x}\cdot3\left(x^{-2}\right)
1	\frac{2x+21x^2}{(x+7)^2}
1	-\frac{1}{(x+2)^{2}}
1	2e^{x}\cos\left(x\right)+2e^{x}\cdot-\operatorname{\mathrm{sen}}\left(x\right)
1	\frac{(9\cdot e^{x)}\cdot x^3-9\cdot e^{x}\cdot3x^2}{x^6}
1	\frac{7\cos\left(x\right)x^3-21\cos\left(x\right)x^2}{x^6}
1	\frac{4\cos\left(x\right)x-4\operatorname{\mathrm{sen}}\left(x\right)}{x^3}
1	3(4x+5)^24
1	6e^x(\cos(x) - \sin(x))
1	-\frac{\operatorname{\mathrm{25sen}}\left(x\right)}{x}
1	4\cdot\left(x^3+8\right)^3\cdot3x^2
1	\frac{\ln\left(x\right)\cdot x}{x^2}
1	\cos\left(5x+3\right)5
1	2x^{3}e^{6x}\left(2+3x\right)
1	5\left(7x+4\right)^47
1	e^{x}\cdot x^{-2}+e^{x}\cdot x^{^{-3}}\cdot\left(-3\right)
1	6\cdot5\cdot\cos\left(x\right)^4\cdot1
1	-\frac{15\operatorname{\mathrm{sen}}\left(3\ln\left(x\right)\right.}{x}
1	\operatorname{\mathrm{sen}}\left(4\ln\left(x\right)\right)(4\frac{1}{x})
1	\frac{9\cos\left(9x\right)\cdot x^2-\operatorname{\mathrm{sen}}\left(9x\right)\cdot2x}{x^4}
1	-\frac{\operatorname{\mathrm{sen}}\left(x\right)2}{x}
1	2\cdot1x+e^{x}
1	\frac{2\left(x\cos(x) - \sin(x)\right)}{x^{2}}
1	3(e^{x}x^{-3}-3e^{x}x^{-2})
1	\frac{2e^x(x-2)}{x^3}
1	\frac{3e^{x}}{x^4}(x^2+2x)
1	\frac{3x^2\cdot\left(x+8\right)-x^3\cdot1}{\left(x+8\right)^2}
1	e^{x}x^{-3}+(-3)e^{x}x^{-4}
1	\frac{(2\cos\left(x\right)-2\operatorname{\mathrm{sen}}\left(x\right)x)}{x^2}
1	\frac{3x^2(x+4)-x^3}{(x+4)^{2^{}}}
1	\frac{e^{x}}{x}-e^{x}x^{-2}
1	7\cdot4x^3+6
1	12x^3\operatorname{\mathrm{sen}}x+3x^4\cos\left(x\right)
1	16x^3\cdot\operatorname{\mathrm{sen}}\left(x\right)+4x^4\cos\left(x\right)
1	\frac{(2x^2\cos\left(2x\right)-2x\operatorname{\mathrm{sen}}\left(2x\right))}{x^4}
1	x^4\ln\left(x\right)+4x^3
1	5(e^{x}\cdot\cos\left(x\right)+e^{x}\cdot(-\operatorname{\mathrm{sen}}\left(x\right))
1	3(x^3+1)^2\cdot3x^2
1	e^{x}\left(4\operatorname{\mathrm{sen}}\left(x\right)+4\cos\left(x\right)\right)
1	27x^2\cdot\ln\left(x\right)+\frac{(9x^3)}{x}
1	\frac{\frac{3}{x}2x-x^23\ln\left(x\right)}{(x^2)^2}
1	\frac{(3e^{x}x^2+6e^{x}x)}{x^4}
1	-5\cdot\operatorname{\mathrm{sen}}\left(5x+6\right)
1	8e^{x}\cdot\cos\left(x\right)+8e^{x}\cdot(-\operatorname{\mathrm{sen}}\left(x\right))
1	\frac{\frac{1}{x}\cdot x^3-(\ln\left(x\right))(3x^2)}{(x^3)^2}
1	\frac{x^2+14x-7}{x^2+14x+49}
1	20x^3\operatorname{\mathrm{sen}}\left(x\right)+5x^4cso\left(x\right)
1	\frac{e^{x}x^3-e^{x}3x}{x^6}
1	\frac{-(8\cos\left(x\right)x^3+24\operatorname{\mathrm{sen}}\left(x\right)x^2)}{x^6}
1	\frac{1\cdot(x+9)-(x+5)\cdot1}{(x+9)^2}
1	11x+6
1	2\left(5x+7\right)5
1	\frac{x+1-(x+4)}{(x+1)^2}
1	\frac{9x\cos(x) - 27\sin(x)}{x^{4}}
1	9-x
1	12x^2xe^{x}
1	2\sec^2(x)
1	\frac{(4x^3\cos\left(x\right)-3x^2\operatorname{\mathrm{sen}}\left(4x\right))}{x^6}
1	\frac{e^{x}x-e^{x}}{(e^{x})^2}
1	\frac12(6x^2+7)^{-\frac12}\cdot12x
1	6\cos xe^{2\operatorname{\mathrm{sen}}x}
1	3x^3e^{3x}+x^4e^{3x}3
1	e^{4x^2+4x}\cdot\left(8x+4\right)
1	9\cdot2x
1	\frac{\frac{6}{x}x^3+6\ln\left(x\right)3x^2}{x^6}
1	\frac{7\cos\left(x\right)-14\operatorname{\mathrm{sen}}\left(x\right)x}{x^4}
1	-3\operatorname{\mathrm{sen}}\left(3x+5\right)
1	16x^3e^{x}-4x^4e^{x}
1	\frac{3-4}{(x+3)^2}
1	3x^2(\ln\left(x\right))+x^3(\frac{1}{x})
1	5\ln x
1	25\cdot\operatorname{\mathrm{sen}}\left(x\right)^4\cdot\cos\left(x\right)
1	16x^3\cdot\ln\left(x\right)+\frac{4x^4}{x}
1	5\cos(x)-4\sin(x)
1	4\cdot\frac{\ln\left(x\right)}{x}
1	\frac{3x^3\cdot\operatorname{\cos\left(x\right)}-3\operatorname{\mathrm{sen}}\left(x\right)\cdot3x^2}{x^6}
1	\frac{1}{2\sqrt6}
1	3x^2-0
1	4(4x^3\operatorname{\mathrm{sen}}\left(x\right)+\cos\left(x\right)x^4)
1	-\frac{5}{2\cdot\sqrt{x}}
1	\frac{\frac{9x^3}{x}-9\ln\left(x\right)3x^2}{x^6}
1	2(6x+7)6
1	2e^{2x+1}
1	(1(x+4)-(x+2))\cdot(x+4)^{-2}
1	6\cos\left(x\right)+6(-\operatorname{\mathrm{sen}}\left(x))\right.
1	\frac{1}{x+7}-\frac{(x+8)}{x^2}
1	9\cdot1x
1	\frac{(0+3\cdot\frac{1}{x})\cdot x^2-3\cdot\ln\left(x\right)\cdot2x}{x^4}
1	14x\ln\left(x\right)+7^{}x
1	-\frac{1}{(x+5)^{2}}
1	4x(1+\ln\left(x\right))
1	\frac{18x}{(9x^2+7)}
1	\frac{1}{x+3}-\frac{\left(x+1\right)}{\left(x+3\right)^2}
1	-\frac{5\sin(5\ln(x))}{x}
1	\frac16\cdot x^{-2}
1	2x^2\operatorname{\mathrm{sen}}\left(x\right)+\cos\left(x\right)x^2
1	x2^{x-4}
1	\frac{1}{x+2}-\frac{x+9}{(x+2)^2}
1	9\cos x
1	e^{4x^2+3x}(4\cdot2x+3)
1	\frac{e^{x}}{x^3}-\frac{3e^{x}}{x^{34}}
1	\frac{\left(3x^2\cdot\left(x+6\right)\right)-\left(x^3\right)}{\left(x+6\right)^{2}}
1	\frac{(\frac{7x^2}{x}-7\ln\left(x\right)2x)}{x^4}
1	9x e^{x}(x+2)
1	3x^2\cdot\ln\left(x\right)
1	\frac{1}{\left(x+5\right)^{2}}
1	\frac{5\cos\left(5x\right)}{x}-\frac{\operatorname{\mathrm{sen}}\left(5x\right)}{x^2}
1	4\operatorname{\mathrm{sen}}\left(x\right)^3
1	36x^3\ln\left(x)\right.+8x^3
1	\frac{-16\cos\left(4\ln\left(x\right)\right)}{x}
1	\frac{4x}{\sqrt{2x^2+1}}
1	15x^{4}-18x
1	\frac{1}{x+6}-\frac{x+5}{(x+6)^2}
1	16(4x+8)^3
1	10x^4\cdot e^{x}+5x^2\cdot e^{x}
1	\frac{5-5\ln\left(x\right)}{x}
1	\frac{x+8-(x+2)}{(x+8)^2}
1	18x^3\operatorname{\mathrm{sen}}\left(x\right)+6x^4\cos\left(x\right)
1	\frac{8\cdot\cos\left(8x\right)\cdot x-\operatorname{\mathrm{sen}}\left(8x\right)}{x^2}
1	30\cdot x^4-18x
1	-3\cos\left(x\right)
1	\frac{18x}{(9x^2+4)^{}}
1	\frac{x^{2} + 10x}{(x+5)^{2}}
1	3e^{x}(\cos\left(x\right)+\operatorname{\mathrm{sen}}\left(x\right))
1	4\cos\left(x\right)x^{-3}-4\operatorname{\mathrm{sen}}\left(x\right)3x^{-4}
1	\frac52(x)^{-\frac12}
1	\frac{(3x^2)\cdot(x+5)-(x^3)\cdot1}{(x+5)^2}
1	\frac{1}{4x+4}4
1	18\left(6x+2\right)^2
1	-\operatorname{\mathrm{sen}}\left(5x+6\right)5
1	\frac{2\cos\left(2x\right)x^3-3x^2\operatorname{\mathrm{sen}}\left(2x\right)}{x^6}
1	\frac{(3x^3+27x^2-x^3)}{(x+9)^2}
1	24\left(\operatorname{\mathrm{sen}}\left(x\right)\right)^3\cdot\cos\left(x\right)
1	18x^2\operatorname{sen}(x) + 6x^3\cos(x)
1	e^{4x}\left(2x+4x^2\right)
1	\frac{1}{x^2+12x+36}
1	\frac{(x+6)-(x+2)}{(x+6)\ln\left(\placeholder{}\right)}
1	3x^4e^{x}+x^4e^{x}
1	1.0
1	12x^2\left(x^3+7\right)^3
1	\frac{6(\cos\left(x\right)x^3-\operatorname{\mathrm{sen}}\left(x\right)x^3)}{x^6}
1	2e^{x}\cos\left(x\right)+2e^{x}
1	24(8x+3)^2
1	6\cdot\left(\operatorname{\mathrm{sen}}\left(x\right)\right)^2\cdot\cos\left(x\right)
1	\frac12x^{-\frac32}
1	8\cos\left(x\right)\cdot e^{4\operatorname{\mathrm{sen}}\left(x\right)}
1	\frac{2\left(\cos\left(x\right)x-\operatorname{\mathrm{sen}}x\right)}{x^2}
1	\frac{2x}{x+8}-\frac{x^2}{\left(x+8\right)^2.}
1	\frac{45}{10}x^{-\frac12}
1	\frac{1}{x+8}-\frac{(x+4)}{(x+8)^2}
1	\frac{(9x^3\cos\left(9x\right)-3x^2\operatorname{\mathrm{sen}}\left(9x\right))}{x^6}
1	0+3\cdot\frac{1}{x}
1	8e^{x}\cos\left(x\right)+8e^{x}\cdot(-\operatorname{\mathrm{sen}}\left(x)\right)
1	\frac{\cos\left(2x\right)\cdot2\cdot x-\operatorname{\mathrm{sen}}\left(2x\right)\cdot1}{x^2}
1	\frac{(3x^2)\cdot(x+8)-(x^3)}{(x+8)^2}
1	\frac{e^{x}\cdot x^3-e^{x}3\cdot x^2}{x^6}
1	-2\operatorname{\mathrm{sen}}\left(5\ln\left(x\right)\right)(\frac{5}{x})
1	\frac{(\frac{7}{x}x^2-7\ln\left(x\right)2x)}{(x^2)^2}
1	\frac25
1	\frac{4\operatorname{\mathrm{x}^3\mathrm{sen}}\left(x\right)\cos\left(4x\right)-3x^2\operatorname{\mathrm{sen}}\left(4x\right)}{x^6}
1	2(x^3+6)\cdot3x^2
1	\dfrac{6x\cos(x)-12\sin(x)}{x^{3}}
1	\frac{8\cos\left(8x\right)\cdot x^2-\operatorname{\mathrm{2x}\cdot\mathrm{sen}}\left(8x\right)}{x^4}
1	\frac{(xe^{x}-e^{x})}{x^2}
1	40x^3-21x^2+0
1	\frac{3\left(\left(\frac{1}{x}\cdot x^2\right)-\left(\ln\left(x\right)\cdot2x\right)\right)}{x^4}
1	-\operatorname{3\cdot\mathrm{sen}}\left(3\ln\left(x\right)\right)\cdot\frac{3}{x}
1	24x^3\ln(x) + 6x^3
1	\frac{(3x+1)-x^2}{(x+1)^2}
1	2\cdot4\ln\left(x\right)^3\cdot\frac{1}{x}
1	((3x^2(x+4)-x^3))\cdot(x+4)^{-2}
1	2x^3-14x
1	\frac{2}{(x+2)^2}
1	3\cdot2\operatorname{\mathrm{sen}}\left(x\right)\cos\left(x\right)
1	5(2x\ln\left(x\right)+x)
1	3\left(3x^2\operatorname{\mathrm{sen}}\left(x\right)+x^3\cos\left(X\right)\right)
1	\frac{(1-1)}{(x+3)^2}
1	12x^{2-8x}
1	-\ln\left(10\right)\ln\left(x\right)^{-2}
1	\frac{2(e^{x}x^2-2xe^{x})}{x^4}
1	\frac{(7\cos\left(x\right)x^3-21\operatorname{\mathrm{sen}}\left(x\right)x^2)}{x^6}
1	\dfrac{6(x\cos(x)-3\sin(x))}{x^{4}}
1	\frac{5\cos\left(x\right)\cdot x-5\cos\left(x\right)}{x^2}
1	\frac{9\cos\left(x\right)\cdot(x^2)-9\operatorname{\mathrm{sen}}\left(x\right)\cdot2x}{(x)^4}
1	\frac{9(2x)}{2\sqrt{9x^2+8}}
1	\frac{12x}{2\sqrt{6x^2+2}}
1	24x^3\cdot e^{x}+6x^4\cdot8\cdot e^{x}
1	3^{x}+\ln\left(3\right)
1	12\operatorname{\mathrm{sen}}\left(x\right)^3\cos\left(x\right.
1	4e^{x}\cdot(-\frac{3}{x^4})+\frac{4e^{x}}{x^3}
1	2\cdot\frac{2\ln\left(x\right)}{x}
1	\frac{5x^{-\frac12}}{2}
1	9(x^3+6)^2x2
1	-x^{-2^{\placeholder{}}}
1	9x(x^3+7)^2
1	\frac{\left(5\right)}{\left(x+9\right)^2}
1	\frac{8(x^2\cos\left(x\right)-2x\operatorname{\mathrm{sen}}\left(x\right))}{x^4}
1	\frac{3}{(x+8)2}
1	4\left(3x^2\ln\left(x\right)\right)+\frac{4x^3}{x}
1	\frac{1}{9x^2+4}\cdot18x
1	e^{6x}(6x^3+3x^2)
1	\frac{-5}{(x+1)}
1	(5x+4)\cdot e^{5x+4}+5\cdot e^{5x+4}
1	12x^2-x
1	\frac{4\cos\left(x\right)\cdot x^2-4\operatorname{\mathrm{sen}}\left(x\right)\cdot2x}{(x^2)^2}
1	\frac{\left(7x^3e^{x}-21x^2e^{x}\right)}{x^6}
1	45x^4-16x
1	\frac{(9\cdot e^{x})\cdot x^3-9\cdot e^{x}\cdot3x^2}{x^6}
1	\frac{9(x\cos(x)-3\sin(x))}{x^{4}}
1	\left(\frac{5}{2\sqrt{x}}\right)
1	-8sen\left(x\right)
1	4(2x+3)^3\cdot2
1	\frac{7\cos\left(x\right)x^2-7\operatorname{\mathrm{sen}}\left(x\right)\cdot2x}{x^4}
1	\frac{2\cdot((\frac{1}{x}\cdot x^3)-(\ln\left(x\right)\cdot3x^2)}{x^6}
1	\frac{4\cdot\frac{1}{x}\cdot x^3-4\ln\left(x\right)\cdot3x^2}{x^6}
1	20x^{3^{}}+8
1	e^{x}(3x^4+12x^3)
1	\cos\left(2x+5\right)2
1	4\cos\left(x\right)-\operatorname{6\mathrm{sen}}\left(x\right)
1	\frac{2x\cos(x)-6\sin(x)}{x^{4}}
1	-\frac{2e^{x}}{x^2}+\frac{2e^{x}}{x}
1	\frac{x^2+14x-7}{(x+7)^2}
1	e^{9^{\placeholder{}}}
1	21x^2\cdot\ln x+7x^3\cdot\frac{1}{x}
1	2\cos(x)-5\sin(x)
1	2^{x}\ln\left(2^{}\right)
1	8x^2
1	\frac{3-6}{(x+3)^2}
1	\frac{8\cos\left(x\right)x^2-2x\operatorname{\mathrm{sen}}\left(x\right)}{(x^{^2)^2}}
1	x(2\sen(x)+x\cos(x))
1	3x^24\left(x^3+7\right)^3
1	24x^2+8
1	8\cdot x^{-2}
1	12x^2\cdot\left(x^3+8\right)^3
1	3x^2e^{8x}+x^38x^{8x}
1	\frac{10x}{\left(5x^2+9\right)}
1	(8\cos\left(x\right)x^2-16\operatorname{\mathrm{sen}}\left(x\right)x)(x^{-4})
1	20x^3^{}e^{x}+5x^4e^{x}
1	-\frac{1}{2\sqrt{x^2}}
1	3(x^3+7)^2\cdot3x^2
1	\frac{7\cdot1}{x}
1	e^{5x^2+8x}\cdot5x+8
1	-\operatorname{\mathrm{sen}}\left(3x+4\right)3
1	8e^{x}\cdot\cos\left(x\right)+8e^{x}\cdot(-\operatorname{\mathrm{sen}}\left(x)\right)
1	3(x^3+5)\cdot3x^2
1	\frac{e^{x}\cdot(x^2-2x)}{x^4}
1	2\cdot\frac12\cdot\frac{1}{\sqrt{x}}
1	\frac{(x+8)\cdot2x-x^2.1)}{(x+8)^2}
1	\frac{x^{}-\ln\left(x\right)2x}{x^4}
1	5\cos\left(x\right)\cdot4e^5
1	\frac{8\cos\left(x\right)x^3-8\operatorname{\mathrm{sen}}\left(x\right)x^23}{x^6}
1	3\cos(x) - 2\operatorname{sen}(x)
1	\frac{2x}{x+8}-(\frac{x}{x+8})^2
1	\frac{(\frac{4}{x}x^3-4\ln\left(x\right)3x^2)}{x^6}
1	2x\cdot\frac{(x+6)-x^2\cdot1}{(x+6)^2}
1	\frac{2x3}{2\sqrt{3x^2+7}}
1	\frac{(3e^{x}x^2-6e^{x}x)}{x^4}
1	\frac{\left(\cos\left(8x\right)\cdot8\cdot x^2-\operatorname{\mathrm{sen}}\left(8x\right)\cdot2x^{}\right)}{x^4}
1	\sqrt1
1	\frac{1}{(\cos\left(x\right)^2}
1	\frac{5\cdot((e^{x}\cdot x^2)-(e^{x}\cdot2x))}{x^4}
1	\frac{(4-5)}{(x+4)^2}
1	\frac{(3-3\cos\left(x^{}\right)^2)}{2}
1	\frac{2x^214x-x^2}{x^2+14x+49}
1	\frac{-\ln\left(x\right)}{x^2}+\frac{1}{x^2}
1	\frac{3((e^{x}\cdot x^3)-(e^{x}\cdot3x^2))}{x^6}
1	\frac{\cos\left(9x\right)9x^2-\operatorname{\mathrm{sen}}\left(9x\right)2x}{2x}
1	6(2x+9)^2
1	\frac{(1)\cdot(x+9)-(x+8)\cdot(1)}{(x+9)^2}
1	\frac12(7x^2+1)^{-\frac12}\cdot14x
1	\frac{1}{\left(x\ln\left(a\right)\right)}
1	\frac{\operatorname{\mathrm{sen}}\left(2x\right)2x^3-\operatorname{\mathrm{sen}}\left(2x\right)3x^2}{x^6}
1	\frac{x^3\cos(x) - 3x^2\sen(x)}{x^6}
1	\frac{x^3-3e^{x}x^2}{(x^3}
1	\frac{1}{8x^2+7}2\cdot2x
1	\frac{4e^{x}}{3x^2}
1	\frac{1\cdot(x+1)+(x+8)\cdot1}{(x+1)^2}
1	7e^{x}\cdot\cos\left(x\right)-7e^{x}\cdot\operatorname{\mathrm{sen}}\left(x\right)
1	6x^22+1x
1	\ln x
1	\frac{1}{x+8}-\frac{(x+7)}{(x+8)^2}
1	10x=8
1	\frac{3\cdot\cos\left(x\right)\cdot x^2-3\operatorname{\mathrm{sen}}\left(x\right)\cdot2x}{x^4}
1	\frac{8-16\ln\left(x\right)}{x^4}
1	\frac{9x\operatorname{\mathrm{sen}}\left(x\right)+27\cos\left(x\right)}{x^4}
1	\frac{(8e^{x}x^3-8e^{x}3x^2)}{x^5}
1	(3x^2\cdot\frac{(x+7)-x^3\cdot1)}{(x+7)^2}
1	8e^{x}\cos\left(x\right)-8e^{x}\operatorname{\mathrm{sen}}\left(x)\right.
1	-5\operatorname{\mathrm{sen}}\left(5\ln\left(x\right)\right)\cdot x^{-1}
1	e^{x}\left(10x+5x^2\right)
1	6^{x}\ln\left(6^{x}\right)
1	8(4x+8)
1	4\cos(x)-2\sin(x)
1	\frac{2}{\sqrt{x}^{}}
1	-\operatorname{9\mathrm{sen}}\left(9x+4\right)
1	\frac{(0\cdot x-6\cdot1)}{x^2}
1	20x4-12x^2
1	\frac{(6\ln\left(x\right)^2)}{x}
1	4x3\operatorname{\cdot\mathrm{sen}}\left(x\right)+x^4\cdot\cos\left(x\right)
1	\frac{2\cdot2x}{2x^2+3}
1	e^{x^2+2x}\cdot2x+2
1	18(9x+5)
1	9\cdot5x^4+2
1	\frac{(36\ln^3\left(x\right))}{x}
1	\frac{3x^2(x+8)-1x^3}{(x-8)^2}
1	28\cos\left(x\right)\operatorname{\mathrm{sen}}^3\left(x\right)
1	3\cos(x)-6\sen(x)
1	3\cdot\ln\left(3\right)
1	-\frac{4}{\left(x+7\right)^2}
1	9\cdot4x^3-7\cdot2x+0
1	e^{x}\cdot x^{-3}+e^{x}3x^{-2}
1	7e^x(\sin(x) + \cos(x))
1	12x^2-4x^{}
1	2\cdot-\operatorname{\mathrm{sen}}\left(4\ln\left(x\right)\right)\cdot\frac{4}{x}
1	5^{x}\ln\left(7\right)
1	\frac{2x(x+1)-x^2}{(x1)^2}
1	\frac{1}{(2\sqrt{2x^2+2})}
1	-7\operatorname{\mathrm{sen}}\left(x)\right)
1	(16x^3+8x^4)e^{x}
1	2e^{x^{}}
1	\frac{7-7\ln\left(x\right)x}{x^2}
1	4x^3\cdot e^{5x}+x^4e^{5x}\cdot5
1	7^{x}\cdot1\cdot7
1	4e^{x}\cos\left(x\right)+4e^{x}(-\operatorname{\mathrm{sen}}\left(x)\right)
1	\frac{9x^2-9x^3\ln\left(x\right)}{x^{10}}
1	\frac{3}{2\sqrt{x^{}}}
1	4x^3e^{8x}+x^4\cdot8\cdot e^{8x}
1	\frac{4(2x)}{4x^2+4}
1	9x^{}+18x\ln\left(x\right)
1	(e^{x}x^3-3x^2e^{x})\cdot x^{-6}
1	\frac{5^{x}}{\ln\left(5\right)}
1	\frac{7x\cos(x) - 14\sin(x)}{x^3}
1	2\left(x^2+4\right)2x
1	\frac{x^2 + 10x}{(x + 5)^2}
1	-4e^{x}\operatorname{\mathrm{sen}}\left(x\right)+4e^{x}\cos\left(x\right)
1	\frac{(x-5\cdot1)}{5^2}
1	x^4e^{x+}4x^3e^{x}
1	27\operatorname{\mathrm{sen}}\left(x\right)^3\cdot\cos\left(x\right)
1	4(8x+7)^3
1	-\frac{25\cos\left(5\ln\left(x\right)\right)}{x}
1	\frac{2x^2(x+4)-x^3}{x^2+16+8x}
1	\dfrac{9x\cos(x)-18\sin(x)}{x^{3}}
1	x^{2}e^{2x}\left(2x+3\right)
1	\frac{1}{x+7}-\frac{(x+2)}{(x+7)^2}
1	6e^{x}\cos\left(x\right)+6e^{x}-\operatorname{\mathrm{sen}}\left(x\right)
1	\frac{0}{x^2}
1	5x+7\cdot\ln\left(e^{}\right)
1	6x(x^2+4)^3
1	\frac{(1)(x+6)-(x+9)(1)}{(x+6)^2}
1	16x^2e^{x}-4x^4e^{x}
1	\frac{(x+9)\cdot(x+2)}{(x+9)^2}
1	\frac{7x-14x\ln\left(x\right)}{x^2}
1	\frac{8e^{x}}{x^2}-2\frac{8e^{x}}{x^3}
1	-20x^3+15x^2
1	4x^3e^{9x}+9x^4e^9
1	\frac{(5x^2)-5x^3\ln\left(x\right)}{x^5}
1	\frac{9e^{x}}{x^3}-\frac{3(9e^{x})}{x^4}
1	\frac{2x\cdot(x+4)-x^2\cdot1)}{(x+4)^2}
1	\frac{6-18\ln\left(x\right)}{x^4}
1	18\ln\left(x\right)+\frac{9x^2}{x}
1	\left(2x+1\right)e^{x^{2}+x}
1	-\frac{2\operatorname{\mathrm{sen}}\left(3\ln\left(x\right)\right)}{x}3
1	9-\cos\left(x\right)
1	\frac{9x^2\cos\left(x\right)-18x\operatorname{\mathrm{sen}}\left(x\right)}{x4}
1	28xe^3
1	e^{6x+5}\cdot5
1	\frac{2x^2\cos(x)-4x\sin(x)}{x^4}
1	10^{x}1\ln\left(10\right)
1	14x\operatorname{sen}(x) + 7x^2\cos(x)
1	\frac{(3x^2)\cdot(x+9)-(x^3)\cdot1}{(x+9)^2}
1	\frac{\left(\left(4\ln x)\cdot\left(3x^2\right)\right)-\left(\frac{\left(4\right)}{x}\cdot\left(x^3\right)\right)\right)}{\left(x^3\right)^2}
1	\frac{18x}{(9x^2+8)}
1	\frac{-18}{x^2}
1	\frac{-d\cdot d}{dx^2}\cdot\left\lbrack x\right\rbrack+\frac{d}{\differentialD x}\cdot1
1	5x^{4^{}}e^{x}(4+x)
1	\frac{\left(5\right)}{\left(x+8\right)^2}
1	5\cdot e^{x}\cdot\operatorname{\mathrm{sen}}\left(x\right)+5\cdot e^{x}\cdot\cos\left(x\right)
1	\frac{e^{x}(x^2-2x)^{}}{x^4}
1	-\frac{21}{x^4}\cdot e^{x}+\frac{7}{x^3}\cdot e^{x}
1	\frac{16x}{(8x^2+1)}
1	-\frac{8\cdot\operatorname{\mathrm{sen}}\left(4\ln\left(x\right)\right)}{x}
1	4\cdot(\frac{x-\ln\left(x\right)2x}{x^4})
1	27x^2\ln\left(x\right)+\frac{9x^3}{-}
1	\frac{x^2 + 14x}{(x + 7)^2}
1	\frac{\frac{7}{x}x^3-7\ln\left(x\right)3x^2}{x^2}
1	\frac{(e^{x}\cdot x^2)-(e^{x}\cdot2x)}{(x^{4)}}
1	-\frac{3}{x^2+14x+49}
1	28x^3+18x^2
1	e^{3x+7}3
1	\frac{e^{x}(6x-6)}{x^{2}}
1	\frac{(7e^{x}\cdot x-7e^{x})}{x^2}
1	8(\frac{1}{x^3}-2\ln\left(x\right)x^{-3})
1	\frac{x\cos(x) - 2\sin(x)}{x^3}
1	e^{x}\cdot(6x^2+2x^3)
1	\frac{\left(5\cos\left(x\right)x-5\operatorname{\mathrm{sen}}x\right)}{x^2}
1	-\frac{2\operatorname{\mathrm{sen}}\left(2\cdot\ln\left(x\right)\right)}{x}
1	\dfrac{4}{(x+9)^{2}}
1	-2\operatorname{\mathrm{sen}}\left.(x\right)
1	-\frac{1}{4x^2}
1	\left(6x+7\right)e^{3x^{2}+7x}
1	\frac{8(x^2-\ln\left(x\right)3x^2)}{x^6}
1	\frac{1\cdot(x+9)-(x+6)\cdot1}{(x+9)^2}
1	28x^3\cdot e^{x}+7x^{4\cdot e^{x}}
1	5\left(e\frac{^{x}x^3-e^{x}3x^2}{x^6}\right)
1	x-2
1	6\cos\left(x\right)e^{^{2\text{sen}(x)}}
1	-\frac{6}{X^2}
1	-(\frac{1}{x^2)}
1	\frac{1}{7x+4}\cdot7
1	\frac{6 - 12\ln(x)}{x^{3}}
1	8\cdot\left(\left(e^{x}\cdot sen\left(x\right)+\left(e^{x}\cdot\cos\left(x\right)\right)\right)\right)
1	9x^2.e^{x}+18x.e^{x}
1	\frac{\cos\left(x\right)}{x^2}-\frac{\operatorname{\mathrm{2}\mathrm{sen}}\left(x\right)}{x^3^{}}
1	-\operatorname{8\mathrm{sen}}\left(8x+3\right)
1	\left(3x^2\cdot\ln\left(x\right)\right)\cdot\left(x^3\cdot\frac{1}{x}\right)
1	\frac{6}{6x+3}
1	\frac{x+2-x-3}{\left(x+2\right)^2}
1	(28x+5)e^{4x^2+5x}
1	5\cos\left(x\right)-\operatorname{\mathrm{sen}}\left(x\right)
1	\frac{1}{x\ln\left(8\right)}
1	-\operatorname{\mathrm{sen}}\left(5x+8\right)\cdot5
1	4\cos(x) - 3\sin(x)
1	5\cdot\ln\left(x\right)+0\cdot\frac{1}{x}
1	e^{x^2+9x}2x+9
1	5x^4e^{5x}+4x^3e^{5x}
1	e^{8x}(8x^3+3x^2)
1	5e^{x}(\operatorname{\mathrm{sen}}\left(x\right)-\cos\left(x\right))
1	\frac{\ln\left(x\right)-9\cdot\frac{1}{x}}{x^2}
1	2(7x+9)7
1	(2x(x+8)-(x^2))\cdot(x)^{-2}
1	-6\sin(6x+9)
1	((x+7)-(x+6))\cdot\frac{1}{(x+7)^2}
1	8x^3\ln\left(x\right)+2^3
1	\frac{6e^{x}\cdot x^{3}-6e^{x}\cdot3x^{2}}{x^{6}}
1	\frac12(4x^2+7)^{-\frac12}\cdot8
1	\frac{x+3-x-8}{(x+3)^2}
1	\frac{4e^{x}\left(x+1\right)}{x^2}
1	24x^{3^{}}+e^{x}
1	45x^4-
1	\frac{2\cdot x\cdot\left(x+4\right)-x^2}{\left(x+4\right)^2}
1	\frac{x}{3\ln\left(x\right)}
1	\frac{4\cdot\left(\left(\cos\left(x\right)\cdot x^3\right)-\left(\operatorname{\mathrm{sen}}\left(x\right)\cdot3x^2\right)\right)}{x^6}
1	40x^4-3x^2
1	3\cos(x) - 6\sin(x)
1	\frac{8e^{x}\cdot x^3-8e^{x}\cdot3x^2}{x^6}
1	\frac{(x+6-x-9)}{(x+6)^2}
1	15x^2\operatorname{\mathrm{sen}}\left(x\right)+3x^3\cos\left(x\right)
1	5^{\frac{x}{\placeholder{}}}
1	-\frac{3}{x^2+6x+9}
1	\frac{9\cos\left(x\right)-9\operatorname{\mathrm{sen}}\left(x\right)}{x}
1	2\cos(x)-6\sin(x)
1	8\frac{1-\ln\left(x\right)}{x^2}
1	2xe^{9x}+x^2\cdot9\cdot e^{9x}
1	21x^2\operatorname{\cdot\mathrm{sen}}\left(x\right)+7x^3\cos\left(x\right)
1	\frac{(5\cos\left(x\right)x^3-5\operatorname{\mathrm{sen}}\left(x\right)3x^2)}{x^6}
1	40x^48x+8x^58
1	16x^{3}\cdot\ln\left(x\right)+4x^{4}\cdot\frac{1}{x}
1	4x^3\operatorname{sen}(x) + x^4\cos(x)
1	\frac{6-x}{x^2}
1	24x^3\sin(x) + 6x^4\cos(x)
1	\frac{1}{7\sqrt{x}}
1	\frac{8 - 8\ln(x)}{x^{2}}
1	3x^2e^{8x}+x^38e^8
1	\frac{4(\cos\left(x\right)\cdot x^2-\operatorname{\mathrm{sen}}\left(x\right)\cdot2x)}{x^4}
1	10\cos\left(x\right)\operatorname{\mathrm{sen}}\left(x\right)^4
1	\frac{9x}{\placeholder{}}^{\placeholder{}}
1	\frac{(5e^{x}\cdot x-5e^{x}\cdot1)}{x^2}
1	2(2x)(x^2+2)
1	5(6x+1)^4\cdot(6)
1	\frac{9(x\cos(x)-2\operatorname{sen}(x))}{x^3}
1	6x^2e^{x}+2x^3+e^{x}
1	7(\frac{e^{x}\cdot x^2-e^{x}\cdot2x}{x^4})
1	((x+2)-(x+7))\cdot\frac{1}{(x+2)^2}
1	\frac{3xe^x - 3e^x}{x^2}
1	\frac{5x^{}e^{x}-10e^{x}}{x^3}
1	6x^2-5x
1	\frac{\frac{2}{x\cdot\ln\left(e\right)}\cdot x-2\ln\left(x\right)}{x^{2}}
1	\cos\left(2x+9\right)\cdot2
1	8x^4\cdot\frac{1}{x}+32x^3\cdot\ln\left(x\right)
1	\frac{12\ln^3\left(x\right)}{x}
1	4(2\cdot x\cdot\operatorname{\mathrm{sen}}\left(x)+x^2\right.\cdot\cos\left(x\right))
1	-8\operatorname{\mathrm{sen}}\left(X\right)
1	\frac{(9\cos\left(x\right)\cdot x^2-9\operatorname{\mathrm{sen}}\left(x\right)\cdot2x)}{x^4}
1	\frac{(\cos\left(3x\right)\cdot3)\cdot x^2-\operatorname{\mathrm{sen}}\left(3x\right)\cdot2x}{x^4}
1	-\frac{x+9-\left(x+1\right)}{\left(x+1\right)^2}
1	4x^3\ln\left(x\right)+\frac{1}{x}x^4
1	7\left(2x\ln\left(x\right)+x^{}\right)
1	4\cdot(2x+5)
1	\frac{(0\cdot x+9\cdot1)}{x^2}
1	4x^3e^{7x}+x^4e^{7x}
1	e^{8x+8}\cdot8
1	\frac{2e^{x}\cdot x^2+2e^{x}\cdot2x}{x^4}
1	e^{4x^2+4x}\cdot(4x\cdot2+4)
1	34x^2+6
1	-\frac12\frac{1}{\sqrt{x}}
1	\frac{10x}{2\sqrt{x^2+2}}
1	\frac{3\left(x\cos(x) - \sin(x)\right)}{x^{2}}
1	12x^3-10x+6
1	e^{3x+4}(3)
1	2x\cdot e^{9x}+x^2\cdot(e^{9x}\cdot9)
1	5\cdot4\cdot\left(\operatorname{\mathrm{sen}}\left(x\right)\right)^3\cdot\cos\left(x\right)
1	\frac{1}{2\cdot3\sqrt{x}}\cdot1
1	36x^3-12x
1	5\cdot5\cos\left(x\right)e^{5\operatorname{\mathrm{sen}}\left(x\right)}
1	\frac{(2x\cdot(x+4))-(x^2)}{(x+4)}
1	\operatorname{\mathrm{sen}}\left(4x+6\right)4
1	7^{x-1}
1	4x^3\ln\left(x\right)+x^4\left(\frac{1}{x}\right)
1	3e^{x}\operatorname{\cos}\left(x\right)-3e^{x}\operatorname{\mathrm{sen}}\left(x\right)
1	\frac{\left(x+7\right)-\left(x+5\right)}{\left(x+7\right)^2}
1	nose
1	\frac{(\frac{5}{x}\cdot x^3-5\ln\left(x\right)\cdot3x^2)}{(x^{3)^2}}
1	\frac{(7\cos\left(x\right)x^3-7\operatorname{\mathrm{sen}}\left(x\right)3x^2)}{x^9}
1	0\cdot\sqrt{x}+9\cdot\frac{1}{2\cdot\sqrt{x}}
1	\frac{1}{6x^2+7}\cdot(12x)
1	\frac{(5\cos\left(5x\right))\cdot x^3-\operatorname{\mathrm{sen}}\left(5x\right)\cdot3x}{(x^3)^2}^2
1	\frac{x^{2}(2x+9)}{(x+3)^{2}}
1	7\left(3x^2e^{x}+x^3e^{x}\right)
1	\frac{9e^x(x-1)}{x^2}
1	\frac{((1\cdot x+8)-(x+9\cdot1))}{(x+8)^2}
1	\frac{(x)-(2)(1)}{(x)^2}
1	\frac{1}{2\sqrt{x}^{}}
1	6(2x+4)^2
1	9x^{4}\cos(x) + 36x^{3}\sin(x)
1	\frac{4\cos\left(x\right)x^3-4\operatorname{\mathrm{sen}}\left(x\right)3x^2}{x^4}
1	16\ln\frac{\left(x\right)^3}{x}
1	27x\ln\left(x\right)+9x
1	25\left(5x+8\right)^4
1	\frac{4x-8\ln\left(x\right)}{x^3}
1	6x^{}e^{x}\left(2+x\right)
1	\frac{3}{3x + 8}
1	\frac{4x^2\cos\left(x\right)-4x^3\operatorname{\mathrm{sen}}\left(4x\right)}{x^4}
1	e^{x}\cdot(16x^4+4x^4)
1	5e^{x}\sin(x)+5e^{x}\cos(x)
1	\frac{(4x^{}-8x\ln\left(x\right))}{x^4}
1	\frac{1}{4x^2+9}4\cdot2x
1	0+6e^{x}
1	2\cdot(x^3+8)\cdot3x^2
1	2-2x^2+e^{x}
1	e^{3x}+27
1	\frac{(-\frac{\ln\left(x\right)}{x})}{x^2}
1	\frac{6\left(\operatorname{\mathrm{sen}}\left(x\right)x^3-\cos\left(x\right)3x^2\right)}{x^6}
1	21x^2(\ln\left(x))+7x^2\right.
1	\frac{6x}{3x^2+6}
1	\frac{2-3}{(x+2)^2}
1	2x2+9x
1	3(x^2+8)^2\cdot(2x)
1	35x^4-12x^2+0
1	\frac{2\cos\left(x\right)x^2-2\operatorname{\mathrm{sen}}\left(x\right)2x}{x^2}
1	x^{}
1	\frac{8x^2-24x^2\ln\left(x\right)}{(x^3)^2}
1	\frac{6e^{x}\cdot x^{3}-6e^{x}}{x^{6}}
1	45x^4-16x+0
1	\frac{2x-2x\ln\left(x\right)}{x^4}
1	9\cdot3x^2+4
1	\frac{\cos\left(x\right)\operatorname{\mathrm{sen}}\left(x\right)+\operatorname{\mathrm{sen}}\left(x\right)\cos\left(x\right)}{(\cos\left(x\right)^2}
1	\frac{8e^{x}\left(x^3-3x^2\right)}{x^3}
1	\frac{(8e^{x}x^3-8e^{x}3x^2)}{(x^3)^2}
1	\frac{x^{2} + 12x}{(x+6)^{2}}
1	\frac{3x-6\ln\left(x\right)x}{xe^4}
1	2\ln\left(x\right)\cdot x^{-1}
1	\frac{4}{1+x}
1	\frac{\left(x+3\right)-\left(x+8\right)}{\left(x+3\right)^{"}}
1	\frac{9(2x)}{9x^2+4}
1	\frac{2\left(1-\ln\left(x\right)\right)}{x^2}
1	(8\cdot4)x^3\cdot\ln\left(x\right)+\frac{8x^4}{x}
1	5xe^{x-1}
1	\frac{6\cos\left(x\right)x^3-18\tan\left(x\right)x^2}{x^6}
1	\frac{9x-18\ln\left(x\right)}{x^4}
1	2(x^3+5)^{}\cdot3x^2
1	3x^{-\frac{1}{"}}
1	-\frac{7x}{x^2}
1	7\cdot4\cdot x^3
1	\frac{\frac{3}{x}\cdot x^3-3\ln\left(x\right)\cdot3x^2}{(x^3)^2}
1	8\cdot\frac{\operatorname{\mathrm{sen}}\left(x\right)}{\cos\left(x\right)}
1	\frac{6x}{2\sqrt{(3x^2+7)}}
1	\sqrt{x}+4\cdot x^{-\frac12}
1	0-5x^4
1	3(3\cos\left(x\right)-\operatorname{\mathrm{sen}}\left(x\right))
1	\frac{1}{\ln\left(10x\right)}
1	\frac{(7e^{x}x^3-21e^{x}x^2)}{x^6}
1	-x^{^{-2}}
1	-\frac{2}{x^2+14x+49}
1	\frac{9(x^3\cos\left(x\right)-3x^2\operatorname{\mathrm{sen}}\left(x\right))}{x^6}
1	\frac{\left(x+4\right)-\left(x+2\right)}{\placeholder{}}
1	7\cdot e^{x}\cdot\operatorname{\mathrm{sen}}\left(x\right)+7e^{x}\cdot\cos\left(x\right)
1	2e^{2\operatorname{\mathrm{sen}}\left(x\right)}\cdot2\cos\left(x\right)
1	45x^4-4x+2
1	2e^{x}\cos\left(x\right)+2e^{)}(-\operatorname{\mathrm{sen}}\left(x\right))
1	3x^2\cdot e^{3x}+x^3\cdot(e^{3x}\cdot3)
1	9\cdot5x^4-2\cdot2x
1	\frac{1}{x+2}-\frac{x+6}{(x+2)^2}
1	(2x+6)\cdot e^{x^2+6x}
1	\frac{2\cos\left(x\right)\cdot x^3-2\operatorname{\mathrm{sen}}\left(x\right)\cdot3x^2}{x^6}
1	6x^22+1
1	40x^4-64
1	3x^2(x+2)+x^3
1	4\cdot\cos\left(4x+3\right)
1	\frac{\cos\left(3x\right)3x^2-2\operatorname{\mathrm{sen}}\left(3x\right)x}{x^4}
1	\frac{1}{x+8}-\frac{(x+2)}{(x+8)^2}
1	8e^{x}\left(-\operatorname{\mathrm{sen}}\left(x\right)+\cos\left(x\right)\right)
1	\frac{1}{7x^2+5}\cdot14x
1	\dfrac{2x^{3}+21x^{2}}{(x+7)^{2}}
1	e^{x}\cdot\cos\left(x\right)+e^{x}\cdot(-\operatorname{\mathrm{sen}}\left(x)\right)
1	\frac{9(2\ln\left(x\right))}{x}
1	\left(6x+9\right)e^{\left(3x^2+9x\right)}
1	\frac{\left(x+8\right)-\left(x+7\right)}{(x+8)^2}
1	\frac{\left(x\cdot e^{x}-2e^{x}\right)}{x^3}
1	2(6x+1)^2\cdot6
1	\frac{7(1-3\ln(x))}{x^4}
1	\frac{\left(4\right)}{\left(x+6\right)^2}
1	\frac{3x^2\cdot(x+7)-x^3}{\left(x+7\right)^2}
1	-\frac{6}{x^2+4x+4}
1	\frac{6\cdot3\ln\left(x\right)^2}{x}
1	(2\cos\left(x\right)x^3-6\operatorname{\mathrm{sen}}\left(x\right)x^2)(x^{-6})
1	5\left(e^{x}\cos\left(x\right)-e^{x}\operatorname{\mathrm{sen}}\left(X\right)\right)
1	-12x^3+12x^2^{}
1	\frac{4\ln(x)}{x}
1	25x^4-5x
1	\frac{8}{x}(4\ln\left(x\right))^3
1	\frac{3x^2(x+4)-x^3}{x^6}
1	\frac{e^{x}\cdot x^{3}-e^{x}\cdot3x^{2}}{x^{6}}
1	\frac{(8xe^{x}-8e^{x})}{x^2}
1	\frac{4x^3\cos\left(x\right)-3x^2\operatorname{\mathrm{sen}}\left(4x\right)}{x^6}
1	\frac{3x^2(x+8)-x^3(1)}{(x+8)^2}
1	30x^4-15x^2+0
1	24x^3-12x^2+0
1	9\cdot3x^2\operatorname{\mathrm{sen}}\left(x\right)+9x^3\cos\left(x\right)
1	3(5x+4)^25
1	\frac{3x^2}{x}+6x\ln\left(x\right)
1	-8\operatorname{\mathrm{sen}}x
1	-9x-2
1	4e^{x}\cdot\cos\left(x\right)-4e^{x}\cdot\operatorname{\mathrm{sen}}\left(x\right)
1	\frac{2}{x}x^{-3}-6\ln\left(x\right)x^{-4}
1	4\sec^{}\left(x\right)
1	\frac{3\cdot((\frac{1}{x}\cdot x^3)-(\ln\left(x\right)\cdot3x^2))}{x^6}
1	10x^2e^{x}
1	6(\frac{1}{-x^2})
1	3\cdot\left(x^3+2\right)^2\cdot3x^2
1	\frac{2\cos\left(2x\right)}{x}-\frac{\operatorname{\mathrm{sen}}\left(2x\right)}{x^2}
1	x^2\cdot e^{x}\cdot(3+x)
1	6\cdot4x^3\ln\left(x\right)+6x^4\cdot\frac{1}{x}
1	\frac{(x+3)-(x+1)}{x^2+9}
1	4\left(x^2+1\right)^32x
1	\frac{(d-d\cdot d)}{dx^2}\cdot\left\lbrack x\right\rbrack+\frac{d}{\differentialD x}.1
1	5(\frac{x^2-\ln\left(x\right)3x^2}{(x^3)^2}
1	4\cdot2x+x
1	-2x^{}
1	-7\operatorname{\mathrm{sen}}(x)
1	(8x^{}+4)e^{4x^2+4x}
1	21x^2\cdot e^{x}
1	-\frac{16\ln\left(x\right)-8}{x^3}
1	\frac{(x+5-x-6)}{(x+5)^2}
1	6x^2(x^3+6)^{}
1	6^2
1	8(3x^2)\operatorname{\mathrm{sen}}\left(x\right)+8x^3\cos\left(x\right)
1	7\cos\left(7x+2)\right)
1	2\cos(x) - 5\operatorname{sen}(x)
1	\frac{(3x^2)\cdot(x+6)-(x^3)\cdot1}{(x+6)^2}
1	4x^3\cos\left(x\right)
1	5\cdot(-1)\cdot x^{-2}
1	\frac{3\cos\left(x\right)x^3-3\operatorname{\mathrm{sen}}\left(x\right)3x^2}{(x^3)^2}
1	e^{x}(8)\cdot\cos\left(x\right)+8e^{x}-\operatorname{\mathrm{sen}}\left(x\right)
1	\frac{4e^{x}x^3-4e^{x}3^{}x^2}{x^6}
1	\frac{\frac{2}{x}x^2-4x\ln\left(x\right)}{x^4^{}}
1	7\left(4x^3\ln\left(x\right)+x^3\right)
1	2x^2\ln\left(x\right)+^{^{}}x^2
1	\frac{2\left(1-3\ln(x)\right)}{x^{4}}
1	\frac52\cdot\frac{x}{\sqrt{x}}
1	\frac{7x^{-1}\cdot x^2-7\ln\left(x\right)\cdot2x}{x^4}
1	-4\operatorname{\mathrm{sen}}\left((4x+8)\right)
1	21x\cdot e^{x}+7x^3e^{x}
1	\frac{5(x\cos(x) - 2\sin(x))}{x^{3}}
1	\frac{3 - 6\ln(x)}{x^{3}}
1	\frac{3x^2\cdot\left(x+6\right)-x^3}{\left(x+6\right)^2}
1	\dfrac{6}{\cos^{2}(x)}
1	\frac{1}{9x^2+3}18x
1	8x_{}^3+e^{x}
1	(1
1	-\frac{5}{x}2\operatorname{\mathrm{sen}}\left(5\ln\left(x\right)\right)
1	\frac{6}{(6x+8)}
1	3\left(e^{x}\cos\left(x\right)-e^{x}\operatorname{\mathrm{sen}}\left(x\right.\right)
1	\left(6x+2\right)\cdot e^{3x^2+2x}
1	16x3e^{x}+4x^4e^{x}
1	\frac{e^{x}x-e}{x^2}^{x}
1	(4x^3\cdot\ln\left(x\right))+x^3
1	\frac{9e^{x}-9e^{x}x}{x^2}
1	((x+4)-(x+7))\cdot\frac{1}{(x+4)^2}
1	8e^{x}\cdot\operatorname{\mathrm{sen}}\left(x\right)+8e^{x}\cdot(-\cos\left(x\right))
1	4\left(x^3\cdot\ln l\left(x\right)+x^4\cdot\frac{1}{x}\right)
1	\frac{2x\cdot(x+8)-(x^2\cdot1)}{x^2+64}
1	3\cdot\frac12\cdot x^{-\frac23}
1	\frac{7x\cos\left(x\right)-\operatorname{\mathrm{sen}}\left(7x\right)}{x^2}
1	\frac{-6}{(x+3)^{2}}
1	6\cdot4\cdot x^3+e^{x}
1	3,5x^{-}\frac12
1	x^3e^{4x}(4+4x)
1	4x^3\ln\left(x\right)+x^4\cdot(x)^{-1}
1	(2x+6)2
1	(4x+3)\cdot e^{2x^2+3x}
1	\frac{(x+8-x-6)}{(x+8)^2}
1	\frac{33\cos\left(x\right)x^2-2x\operatorname{\mathrm{sen}}\left(x\right))}{x^4}
1	\frac{x+1-\left(x+9\right)}{\left(x+1\right)^2}
1	\frac{\cos\left(8x\right)\cdot8\cdot x-\operatorname{\mathrm{sen}}\left(8x\right)}{x^2}
1	9x^3e^{x}+27^{}x^2e^{x}
1	32x^3+\ln\left(x\right)\cdot\frac{1}{x}
1	\frac{1}{\sqrt{6x^2+9}}\cdot12x
1	e^{x}(\operatorname{\mathrm{sen}}\left(x\right)+\cos\left(x)\right)
1	\frac{(5x^{}-10\ln\left(x\right)x)}{x^4}
1	11x
1	\frac{\frac{1}{x}\cdot x^2-\ln\left(x\right)\cdot2x}{(x^2)^2}
1	\frac{x+2-(x+4)}{(x+2)^2}
1	\frac{\cos\left(x\right)x^2-x\operatorname{\mathrm{sen}}\left(x\right)}{x^4}
1	\frac{2x(x+9)-x^2)}{(x+9)^2}
1	\frac{(6x^2-12\ln\left(x\right)x^2)}{x^6}
1	\frac{-2+2\ln\left(x\right)}{x^2}
1	\frac{9x^2\ln\left(x\right)+3x^2}{x^6}
1	\frac{1}{2\cdot\sqrt{6x^2+1}}\cdot12x
1	\frac{2x^{2}(x+13)}{(x+9)^{2}}
1	6\cos\left(x\right)-2\operatorname{\mathrm{sen}}x
1	\left(8x^{}\cdot\ln\left(x\right)\right)+\left(4x^2\cdot\frac{1}{x}\right)
1	\frac{1}{2\cdot\sqrt{7x^2+2}}\cdot14x
1	\cos\left(6x+7\right)6
1	36x^{3}-15x^{2}
1	12x\cdot\ln\left(x\right)+\frac{1}{X}\cdot4x^3
1	4x\left(x2+5\right)
1	9x(2\ln(x)+1)
1	36x^{3e^{x}}
1	\frac{2x-x^2}{(x+4)^2}
1	8\operatorname{\mathrm{sen}}\left(x^{}\right)^3\cos\left(x\right)
1	20x^5-6x^2
1	6x^2e^{x}+2x^3e^{x^{}}
1	3\cos\left(x\right)-\operatorname{2\mathrm{sen}}\left(x\right)
1	12x + e^x
1	6x\left(x^{2}+6\right)^{2}
1	20x+7
1	\frac{3x^2.\left(x+9\right)-x^3}{\left(x+9\right)^2}
1	\frac{3(1-2\ln(x))}{x^{4}}
1	12x^2\left(x^3+2\right)^3
1	\frac{2x^{3}+3x^{2}}{(x+1)^{2}}
1	\frac{-1}{(x+1)^{2}}
1	x^{-1}\cos\left(x\right)-\operatorname{x^{-2}\mathrm{sen}}\left(x\right)
1	8x^1\operatorname{\mathrm{sen}}\left(x\right)+4x^2\cos\left(x\right)
1	9(x^3+2)^2\cdot x^2
1	2e^{x}x+e^{x}x^2
1	e^{x}2x^2(3+x)
1	\frac{7\cos\left(x\right)}{x^3}-3\frac{7\operatorname{\mathrm{sen}}\left(x\right)}{x^4}
1	\frac{x^{-1}\cdot x-\ln\left(x\right)}{x^2}
1	\frac{6e^{x}}{x^3}-\frac{18e^{x}}{x^{4^{\placeholder{}}}}
1	\frac{\frac{8}{x}-8\ln\left(x\right)}{x^2}
1	\frac{27\ln^{2}(x)}{x}
1	3x^2e^{6x}+x^3\cdot6e^{6x}
1	\frac{7e^{x}}{x^3}-3\cdot\frac{7e^{x}}{x^4}
1	\frac{x^2+2x}{x^2+2x+1}
1	12x^2+xe^{x}
1	12\cos\left(x\right)\operatorname{\mathrm{sen}}\left(x\right)^2
1	\frac{(x+3-x-4)}{(x+3)^2}
1	5(8x+4)^4\cdot8
1	\frac{(6x-12x\cdot\ln\left(x\right))}{x^4}
1	\frac{1}{5x^2+8}5x
1	18x^2e^{x}+6^3e^{x}
1	\frac{\frac{4}{x}\cdot x^2-(4\ln\left(x\right))\cdot(2x)}{(x^2)^2}
1	\frac{\left(x+9\right)-\left(x+3\right)}{\left(x+9\right)^2}
1	\frac{5\cos\left(5x\right)\cdot x^3-\operatorname{\mathrm{sen}}\left(5x\right)\cdot3x^2}{x^6}
1	\frac{4e^{x}(x^3-3x^2)}{x^5}
1	6\cdot4x^3+e^{x}
1	(3x^2(x+3)-x^3)\cdot(x+3)^{-2}
1	\frac{3x^2\cdot x+1-x^3\cdot1}{(x+1)^2}
1	2x\left(x+9\right)^{-1}-x^2\left(x+9\right)^{-2}
1	\frac{3\ln^2(x)}{x}
1	24x^{x}e^{x}
1	3.5x^{-\frac12}
1	3(x^3+6)^2\cdot(3x^2)
1	\frac{(x^2-18x)}{x^2+18x+81}
1	\frac{3x^2(x+4)-3x^2}{(x+4)^2}
1	\frac{\left(8\right)}{\left(x+9\right)^2}
1	15(5x+7)^2
1	-5\cdot\operatorname{\mathrm{sen}}\left(4\ln\left(x\right)\right)\cdot\frac{4}{x}
1	\frac{8e^{x}(x-2)}{x^3}
1	7e^{x}\cdot\operatorname{\cos\left(x\right)}-7e^{x}\cdot\operatorname{\mathrm{sen}}\left(x\right)
1	\frac{(5e^{x}\cdot x^2-5e^{x}\cdot2x)}{x^4}
1	\frac{5}{x^2+16x+64}
1	\frac{4x^2x^3-12\ln\left(x\right)x^2}{x^6}
1	e^{(5x+6)\cdot5}
1	\frac{x-x}{(x+4)^2}
1	\frac{\cos\left(4x\right)x^2-\operatorname{\mathrm{sen}}\left(4x\right)2x}{x^4}
1	\frac{(x+1)-((x+6))}{(x+1)^2}
1	\frac{3-6\ln\left(x\right)}{x^3}
1	\frac{4e^{x}(x^3-3x^2)}{(x^3)^2}
1	\frac{4(\frac{\ln\left(x\right)}{x}+\frac{\ln\left(x\right)}{x})1}{x}
1	\frac{2(1-\ln(x))}{x^2}
1	\frac{4}{x^2+14x+49}
1	4(2x+3)^32
1	4(\frac{1-\ln\left(x\right)}{x^2})
1	32x^3-16
1	\frac{2.1}{1}
1	\frac{x+2x\ln\left(x\right)}{x^4}
1	(2x+3)e^{2x+3}
1	9e^{x}\cdot\cos\left(x\right)-9e^{x}\cdot\operatorname{\mathrm{sen}}\left(x\right)
1	3\frac{\cos\left(3x\right)}{x^3}-\frac{3\operatorname{\mathrm{sen}}\left(3x\right)}{x^4}
1	\frac{2e^{x}}{x^4}(x-1)
1	\frac{7x+2}{x}
1	3(6x+5)^2\cdot6
1	12x\ln\left(x\right)
1	10x^3\cdot\ln\left(x\right)+5x^4\cdot\frac{1}{x}
1	\frac{28(\ln\left(x\right))^3}{x}
1	(4\cdot3)x^2+5
1	12^{x^2}+7
1	\frac{x+6-(x+2)}{(x+6)^2}
1	5e^{x}\cos(x)-5e^{x}\operatorname{\mathrm{sen}}\left(x\right)
1	\frac{-2e^{x}}{x^{^2}}
1	\frac{\frac{2}{x}\cdot x^2-2\cdot\ln\left(x\right)\cdot x^2}{x^4}
1	\frac{1}{x+4}-\frac{\left(x+3\right)}{\left(x+4\right)^2}
1	16x^3-16x
1	2\cos(x)-4\operatorname{sen}(x)
1	16x3-18x^2
1	9x^2\sin(x)+3x^3\cos(x)
1	x^2e^{x}(3+x^{})
1	\frac{\frac{2}{x}x^2-2\ln\left(x\right)2x}{x^{24}}
1	x^{\frac{-1}{8}}
1	\frac{7x\cos(x) - 7\sin(x)}{x^{2}}
1	30\operatorname{\mathrm{sen}}^4\left(x\right)\cdot\cos\left(x\right)
1	\frac{9(1-\ln\left(x)\right)}{x^2}
1	\frac{2-4\ln\left(x\right)x}{x^4}
1	9e^{x}\cos\left(x\right)-9e^{x}\operatorname{\mathrm{sen}}\left(-\right)
1	6x\cdot\ln\left(x\right)+\frac{1}{x}\cdot\ln\left(x\right)
1	\frac{1}{\left(x\ln2\right)}
1	\frac{(\frac{5}{x}x^3-5\ln\left(x\right)3x^2)}{(x^3)^2}
1	\frac{(7e^{x}x^2-14xe^{x})}{x^4}
1	5x^2e^{x}
1	\frac{-12\operatorname{\mathrm{sen}}\left(4\ln\left(x\right)\right)}{x}
1	9-\ln\left(x\right)
1	\frac{5}{2\sqrt{\left(x\right)}}
1	\frac{x\cos\left(x\right)-\operatorname{\mathrm{sen}}\left(x\right)}{x^3}^{}
1	-3x^{-1}
1	\cos\left(4x+2\right)\cdot4
1	62
1	x10^{-x}
1	\frac{9x^2e^{x}-2x9e^{x}}{x^4}
1	\left(-\frac{1}{x^2}\right)
1	-\frac{5}{2x^2}
1	\left(4x+7\right)^4\ln\left(4x+7\right)\cdot4
1	(1+7)e^{x}
1	\frac{-20\operatorname{\mathrm{sen}}\left(4\ln\left(x\right)\right)}{x}
1	\frac{9\left(2x\right)}{9x^2+4}
1	9\cdot\frac{1}{\sqrt{x}}
1	\frac{\left(x+8-\left(x+2\right)\right.}{\left(x+8\right)^2}
1	\frac{1}{5\cdot\ln\left(x\right)}
1	18x^2\ln\left(x\right)-6x^2
1	4(\frac{\operatorname{\mathrm{sen}}\left(x\right)x^3-\cos\left(x\right)3x^2}{x^6})
1	\frac{1}{(x+1)^2}((x+1)-(x+8))
1	3\tan\left(x\right)^2+3
1	5(7x+2)^47
1	4(x^2+8)^3\cdot2x
1	3(4x+3)^2\cdot4
1	\frac{(6\cos\left(x\right)-x^26\operatorname{\mathrm{sen}}\left(x\right))}{x^4}
1	\frac{4}{x^3}
1	\frac{3x}{x+5}-\frac{x^3}{\left(x+5\right)^2}
1	-\frac{2}{2x}
1	-\frac{7}{x^3}
1	3e^{x}x(2+x)
1	4\cos(x)-3\sin(x)
1	2e^x(\cos(x)-\operatorname{sen}(x))
1	\frac{\frac{8}{x}\cdot x-8\ln\left(x\right)\cdot1}{x^2}
1	36^3+7
1	\frac{3}{x}x^{-3}-9\ln\left(x\right)x^{-4}
1	\left(2x+1\right)\cdot e^{x^2+x}
1	\frac{\frac{x}{x}-\ln\left(x\right)}{x^2}
1	\frac{2(e^{x}x-e^{x})}{x^2}
1	\operatorname{\mathrm{sen}}\left(4x+5\right)4
1	\frac{\cos\left(6x\right)\cdot6\cdot x-\operatorname{\mathrm{sen}}\left(6x\right)}{x^2}
1	4(x^2+1)^3
1	\frac{x}{(x+6)^2}^2+\frac{12x}{(x+6)^2}
1	(9x-\frac{9x\ln\left(x)\right)}{x4}
1	2x^2e^{x}
1	\frac{-3}{(x+4)}
1	\frac{\left(3x^2\left(x+3\right)-x^3\right)}{\left(x+3\right)^2}
1	\frac{\cos\left(x\right)x^2-\operatorname{\mathrm{sen}}\left(x\right)\cdot2x}{x^4}
1	3\left(x^3+5\right)^2\cdot3x^2
1	\frac{e^{x}\cdot x^3-e^{x}\cdot3x^2}{x^5}
1	\frac{(x+4)-(x+5)}{(x+5)^2}
1	4x^3e^{3x}+3x^5e^{3x}
1	\frac{5(e^{x}3x^2-e^{x}x^3)}{(x^3)^2}
1	3(x^3+7)^23x^2
1	e^{2x^2+6x}(2\cdot2x+6)
1	4\cdot(-\frac{1}{\sqrt{x}}
1	6\left(3x^2\ln\left(x\right)+x^2\right)
1	2\cos\left(x\right)-4\operatorname{\mathrm{sen}}\left(x9\right)
1	\frac{8e^{x}}{x}-\frac{8e^{x}}{x^{22}}
1	\frac{14\ln(x)}{x}
1	\frac{x}{10}
1	0\cdot x-1\cdot2
1	\frac{6x}{2\sqrt{3x^2+7}}
1	\frac{7e^{x}(x-3)}{x^4}
1	5\cos\left(5x+8\right)
1	18\cdot\ln\left(x\right)^2\cdot\frac{6}{x}
1	2x(x-1)
1	4\cos(x)-5\sen(x)
1	\frac{3x^2\cdot\left(x+9)-x^3\right.}{\left(x+9\right)^{2}}
1	\ln2x
1	\frac{3\cdot\frac{1}{x}\cdot2x-3\ln\left(x\right)\cdot2x}{(x^2)^2}
1	4\cdot5x^4
1	\frac{1}{2\sqrt{6x^2+6}}6\cdot2x
1	3\cdot\left(x^3+3\right)^2\cdot3x^2
1	\frac{3}{x^3}+\frac{3\ln\left(x\right)}{-2x^3}
1	e^{7x+1}7
1	\frac{5}{2\sqrt{x}x}
1	\frac{((1)(x+5)-(x+1)(1))}{(x+5)^2}
1	36\ln\left(x\right)^3\cdot\frac{1}{x}
1	e^{x}3x^2+6xe^{x}
1	15x^2-12x^2
1	e^{5x+7}\cdot5
1	\frac{\frac{1}{x}x^3-\ln\left(x\right)\cdot3x^2}{x^6}
1	\frac{(9e^{x}x^2-9e^{x}2x)}{x^4}
1	(3x^2.e^{x})+(x^3.e^{x})
1	32xe^3-21x^2
1	21\operatorname{\mathrm{sen}^2}\left(x\right)\cos\left(x\right)
1	x^{2}e^{4x}\left(3+4x\right)
1	\frac{5}{x}\cdot x^{-1}+5\ln\left(x\right)\cdot(-x^{-2})
1	5\left(5\operatorname{\mathrm{sen}}^4\left(x\right)\right)\cos\left(x\right)
1	0+2\cdot\frac{1}{x}
1	\frac{8\cos\left(8x\right)-\operatorname{\mathrm{sen}}\left(8x\right)}{x^2}
1	35x^4^{}+9
1	\frac{3x^2-x^3}{\left(x+5\right)^2}
1	7(\frac{1-\ln\left(x\right)2}{x^2})
1	\left(6x+6\right)e^{3x^{2}+6x}
1	\frac{1}{6x+5}\cdot6
1	-6\operatorname{\mathrm{sen}}\left(6x+5\right)
1	32x^3\ln\left(x\right)+8x^4\cdot\frac{1}{x}
1	\cos\left(9x+9\right)9
1	\frac{\left(x+2\right)-\left(x+4\right)}{\left(x+2\right)^2}
1	\frac{6\cos\left(6\right)x-\operatorname{\mathrm{sen}}\left(6x\right)}{x^2}
1	20x^3\ln\left(x\right)+5x^{3^{}}
1	94\ln\frac{\left(x\right)^3}{x}
1	\frac{x+1-x-8}{(x+1)^2}
1	5x\ln\left(x\right)+5x^2(\frac{1}{x})
1	25x^4-36^3
1	(10x+5)(e^{5x^2+5x})
1	\frac{x\cos(x)-\sin(x)}{x^2}\cdot 3
1	\frac{3(1-2\ln(x))}{x^3}
1	-\operatorname{\mathrm{sen}}\left(8x+2\right)\cdot8
1	\frac{18x}{2\sqrt{9x^2+6}}
1	2(\frac{\frac{1}{x}x^3-\ln\left(x\right)3x^2}{x^6})
1	-\operatorname{\mathrm{4}\mathrm{sen}}\left(x\right)
1	36x^3-8x
1	13\cdot\cdot\cdot
1	\frac{12x}{(6x^2+6x)}
1	\frac{e^{x}(7x^2-14x)}{x^4}
1	\frac{7x}{\sqrt{7x^{2}+1}}
1	8\left(3x^2e^{x}+x^3e^{x}\right)
1	6e^{x}\operatorname{\mathrm{sen}}\left(x\right)+6e^{x}x
1	8x^3-18x+0
1	6x\cdot\ln\left(x\right)+\frac{(3x^2)}{x}
1	12x\cdot\ln\left(x\right)+6x
1	\frac{(2x\cdot x+6)-(x^2))}{(x+6)^2}
1	3(5x+5)^2\cdot5
1	\frac{4x^2-4\ln\left(x\right)\cdot3x^2}{x^6}
1	8\cdot5x^4-4\cdot4x^3
1	18x^2\ln\left(x\right)+6x^3(\frac{1}{x})
1	3\cos\left(3x+7\right)
1	\frac{\operatorname{-4\mathrm{sen}}\left(4\ln\left(x\right)\right)}{x}
1	\frac{(\cos\left(3x\right)\cdot3\cdot x^2-\operatorname{\mathrm{sen}}\left(3x\right)\cdot2x)}{x^4}
1	\frac{(\cos\left(x\right)x-\operatorname{\mathrm{sen}}\left(x\right))}{(\operatorname{\mathrm{sen}\mathrm{}^{}}\left(x\right))^2}
1	3\cdot(-\operatorname{\mathrm{sen}}\left(x\right))
1	6\operatorname{\mathrm{sen}}^2\left(x\right)\cdot\cos\left(x\right)
1	2x^2e^{x}+4xe^{x}
1	\frac{(5x+4-x+5\cdot4)}{(x+4)^2}
1	5(5x+1)^45
1	6\cdot4(\operatorname{\mathrm{sen}}\left(x\right)^3)\cdot\cos\left(x\right)
1	4\ln^3\left(x\right)\cdot\frac{1}{x}
1	\frac{(8\cos\left(x\right)x^2-8\operatorname{\mathrm{sen}}\left(x\right)2x)}{x^4}
1	(3e^{x}x^3-3e^{x}3x^2)(x^{6)}
1	\frac{e^{x}\cdot x^2+2xe^{x}}{x^4}
1	\frac{7e^{x}\cdot x-7e^{x}}{x^{"}}
1	e^{x}\left(\operatorname{\mathrm{sen}}\left(x\right)+\right.\cos\left(x\right)
1	x^{\frac{}{\placeholder{}}}
1	\frac12\cdot(3x^2+7)^{-\frac12}\cdot6x
1	5x^{2}(3\ln(x)+1)
1	\frac52\cdot
1	\frac{9\cos\left(x\right)x^2-9\operatorname{\mathrm{sen}}\left(x\right)2x}{x4}
1	e^{4x^2+2x}\left(\left(4x+2\right)\right)
1	\frac{-3x^4}{x}+12x^3\cdot\ln\left(x\right)
1	6-\operatorname{\mathrm{sen}}x
1	9e^{x}\cdot\cos\left(x\right)+9e^{x}\cdot(-\operatorname{\mathrm{sen}}\left(x\right))
1	\frac{2e^{x}x^3-3x^2e^{x}2}{x^6}
1	e^{x^2+6x}\cdot\left(2x+6\right)
1	`
1	2x^{3}e^{x}(x+4)
1	6\cdot3x2+e^{x}
1	\dfrac{1-2\ln(x)}{x^{3}}
1	\frac{\left(\frac{3}{x}x^3-3\ln\left(x\right)3x^2\right)}{x^4}
1	\frac{x^23(x+7)-x^3}{(x+7)^2}
1	\frac{5}{\ln}
1	\frac{(\frac{1}{x}\cdot x)-(\ln\left(x\right)\cdot1)}{x^2}
1	\frac{\operatorname{\mathrm{sen}}\left(5\ln\left(x\right)\right)5}{x}
1	6x\ln\left(x\right)
1	6x(x^2+8)^2
1	\frac{(12\ln\left(x\right)^3)}{x}
1	\frac{1\cdot(x+9)-(x+7)\cdot1}{(x+9)^2}
1	e^{x^2+4x}\cdot2x+4
1	(10^{x}\ln\left(10\right))^{-1}
1	25x4+8
1	15x^3+2
1	\frac{2x^2-6\ln\left(x\right)\cdot x^2}{x^6}
1	\frac{(3x\cos\left(x\right)-3\operatorname{\mathrm{sen}}\left(x\right))}{x^2}
1	\cos\left(8x+3\right)8
1	2x\ln\left(x\right)+x^2\cdot\frac{1}{x}\cdot1
1	16x\operatorname{\mathrm{sen}}\left(x\right)+8x^2\cos\left(-\right)
1	\frac{3x^2(x+6)-x}{(x+6)^2}^3
1	\frac{x^2+12x}{\left(x+6\right)^2}
1	4(8x+1)^3\cdot8
1	-9\operatorname{\mathrm{sen}}\left(9x+5\right)
1	14xe^{x}+9x^2e^{x}
1	-\frac{2}{2\sqrt2}
1	\frac{2}{x\cdot\ln\left(2\right)}
1	\operatorname{\mathrm{sen}}\left(8x+9\right)8
1	6x^2+xe^{x-1}
1	12(x^3+4)x^2
1	\frac{x^2+x}{(x+1)^2}
1	\frac{-x}{\left(x+6\right)^2}
1	\frac{6\cos\left(x\right)\cdot x^3-6\operatorname{\mathrm{sen}}\left(x\right)3x^2}{x^6}
1	\frac{3x^2(x+7)-x^2}{(x+7)^2}
1	25x^{4+6}
1	\frac{6(x\cos(x) - 2\sin(x))}{x^{3}}
1	\frac{1}{x}\frac{1}{\ln\left(3\right)}
1	28x^318x
1	4x3\operatorname{\mathrm{sen}}\left(x\right)+x^4\cdot\cos\left(x\right)
1	15x^2+e^{XX}
1	\frac{(x-3)}{x^2}
1	\frac{(2x(x+7)-x^2)}{(x+7)}
1	36x^3(e^{x})+9x^4(e^{x})
1	8(e^{x}\cos\left(x\right)-\operatorname{\mathrm{sen}}\left(x\right)e^{x}
1	\frac{1}{\placeholder{}}10\ln\left(x\right)
1	\frac{(\frac{1}{x}\cdot x-\ln\left(x)\right.\cdot1)}{x^2}
1	3(3x+1)^23
1	6X+Xe^{X-1}
1	6x^3e^{x}(x+4)
1	(4x+8)e^{2x^2+8}
1	\frac{8\cdot\left(\left(e^{x}\cdot x^2\right)-\left(e^{x}\cdot2x\right)\right)}{x^4}
1	\frac{3x^2(x+1)-3x^3}{(x+1)^2}
1	x^3\cdot e^{8x}\cdot8+3x^2e^{8x}
1	4(x^3+8)\cdot3x^2
1	5(7x+1)^47
1	6x\ln\left(x\right)-3x^2\cdot\frac{1}{x}
1	-\frac{8\,\operatorname{sen}\left(2\ln(x)\right)}{x}
1	16x^3+e^{x^{\placeholder{}}}
1	\frac{\cos\left(3x\right)x^3-\operatorname{\mathrm{sen}}\left(3x\right)3x^2}{x^6}
1	-\operatorname{\mathrm{sen}}\left(7x+4\right)7
1	8\cdot\left(\left(\left(e^{x}\cdot sen\left(x\right)+\left(e^{x}\cdot\cos\left(x\right)\right)\right)\right)\right)
1	\frac{8e^x x^3 - 24e^x x^2}{x^6}
1	\frac{2}{(x+7)^{2}}
1	2\frac{\left(x^2-\ln\left(x\right)3x^2\right)}{x^6}
1	36x^3\cdot\ln\left(x\right)+\frac{1}{x}\cdot9x^4
1	7e^x(\cos(x) - \sin(x))
1	-\frac{2}{(x+7)^{2}}
1	\frac{(x+1)+(x+8)}{(x+1)^2}
1	15x^4-21x^2
1	36x^2+4
1	\frac{4e^{x}x^3-12x^2e^{x}}{(x^3)^2}
1	8x^3\operatorname{\mathrm{sen}}\left(x\right)+2x^4\operatorname{\mathrm{sen}}\left(x\right)
1	\cos\left(x\right)9\cdot4\operatorname{\mathrm{sen}}^3\left(x\right)
1	(4x+4)\cdot e^{2x^2+4x}
1	\frac{(-6x\ln\left(x\right)+3x)}{x^4}
1	5\left(8x+2\right)^4\cdot8
1	7e^{\left(7x+1\right)}
1	15x^2+e^{\placeholder{}}
1	\frac{5\cos\left(5x\right)\cdot x-\operatorname{\mathrm{sen}}\left(5x\right)}{x^2}
1	(x^2+6^2-(x^2+3x)\cdot\frac{1}{(x+6)^2}
1	-4\operatorname{\mathrm{sen}}\left(x\right)\ln\left(x\right)+\frac{4\cos\left(x\right)}{x}
1	2(2x\ln\left(x\right)+x^{}
1	0\sqrt{x}+\frac{3}{2\sqrt{x}}
1	(14x+14)7
1	8(2x\operatorname{\mathrm{sen}}\left(x\right)+8x^2\cos\left(x)\right)
1	2(\frac{(3\ln\left(x\right)^2)}{x})
1	\frac{5\cos\left(x\right)x^3-\operatorname{5\mathrm{sen}}\left(x\right)3x^2}{x^6}
1	e^{x}+6e^{x}
1	\frac{4x}{(2x^2+5)}
1	45\operatorname{\cdot\mathrm{sen}}\left(x\right)^4
1	\frac{\left(3x^2\cdot\left(x+5\right)-x^3\right)}{x^6}
1	(x-2\ln\left(x\right)x)(x^4)
1	-5^{-1}x^{-2}
1	e^{2x+7}\cdot e^2
1	5(9\operatorname{\mathrm{sen}}\left(x\right)^4)9\cos\left(x\right)
1	-\frac{7}{2\sqrt{x}}
1	9\cdot3(\operatorname{\mathrm{sen}}\left(x\right))^2\cdot\cos\left(x\right)
1	4\left(x^3+9\right)3x^2
1	6(\frac{x^2-\ln\left(x\right)}{x^4})
1	\frac{(7-7\ln\left(x\right)x)}{x^2}
1	-\frac{12\sin\left(4\ln(x)\right)}{x}
1	2x(\frac{1}{2\sqrt{x^2+7}})
1	\frac{-1}{(x+4)}\placeholder{}^2
1	\frac{9e^{x}x-27e^{x}}{x^4}
1	-24x^3+6x^2
1	-7x^2
1	-6\operatorname{\mathrm{sen}}\left(6x+9\right)
1	\frac{5(2x)}{2\sqrt{5x^2+9}}
1	(1\cdot1x-1\cdot1x)+x
1	4\cdot\left(6x+1\right)^3\cdot6
1	\frac{6}{x}-\frac{6}{x^2}
1	8\cdot3x^2\ln\left(x\right)+8x^2
1	\frac{\left(\frac{6}{x}x-6\ln\left(x\right)\right)}{x^2}
1	\frac{8\cdot\cos\left(x\right)x^2-16\operatorname{\mathrm{sen}}\left(x\right)x}{x^4}
1	\frac{(2x(x+8)-x^21)}{(x+8)^2}
1	\frac{7e^{x}x(x^{}-2)}{x^4}
1	\frac{1\cdot(x+4)-(x+8)\cdot1}{(x+4)^2}
1	\frac{9x\cos(9x)-3\sin(9x)}{x^{4}}
1	e^{x}(12x^3+3x^4)
1	\frac{2x}{2\sqrt{x^2+9}}
1	\cos\left(x\right)\operatorname{\mathrm{sen}}\left(x\right)^23
1	4\left(x^3+7\right)^33x^2
1	\frac{-6\operatorname{\mathrm{sen}}\left(3\ln\left(x\right)\right)}{x}
1	\frac{4\cdot e^{x}\cdot x-4e^{x}}{x^2}
1	\frac{x(9e^{x}x-18e^{x})}{x^4}
1	8\cos(x)\,e^{4\operatorname{sen}(x)}
1	\frac{\left(\frac{3}{x}x^3-3\ln\left(x\right)3x^2\right)}{x^5}
1	\frac{(2x)(x+9)-(x^2)}{(x+9)^2}
1	e^{5x+2}\cdot5
1	4x^3\cdot e^{8x}+x^4\cdot8e^{8x}
1	0\cdot x^{\frac12}+9\cdot(\frac12x^{-\frac12})
1	3(x^3+8)^2\cdot3x^2
1	\frac{(6\cos\left(x\right)-6\operatorname{\mathrm{sen}}\left(x\right))}{x^2}
1	-2x^{-3}
1	8xe^{x}+4x^2e\left\lbrace^{x}\right\rbrace
1	\frac{x+2-\left(x+4\right)}{\left(x+2^{}\right)^2}
1	\frac{1}{\sqrt{x^5}}
1	\frac{-\operatorname{\mathrm{4}\mathrm{sen}}\left(x\right)}{3x}
1	\frac{x+1-x-8}{x^2+2x+1}
1	\frac{12x}{2\sqrt{6x^2+1}}
1	3\cos\left(x\right)-\operatorname{\mathrm{4}\mathrm{sen}}\left(x\right)
1	28\operatorname{\mathrm{(}\mathrm{sen}}\left(x\right))^3\cos\left(x\right)
1	32x^3\ln\left(x\right)+\frac{8x^41}{x}
1	\frac{2(x-\ln\left(x\right)2x)}{x^4}
1	18x^2\ln x+6x^2
1	\frac{32x^31}{x}
1	16\cdot\operatorname{\mathrm{sen}}\left(x\right)\cdot\cos\left(x\right)
1	x-1\cdot1
1	e^{9x}(9x^2+2x)
1	\frac{3(x\cos(x) - \sin(x))}{x^2}
1	8(e^{x}\cos\left(x\right)-\operatorname{\mathrm{sen}}\left(x\right)e^{x})
1	\frac{7}{x^3}-2\frac{7\ln\left(x\right)}{x^3}
1	5x^3 e^x (x + 4)
1	\frac{28x^3}{x}
1	\cos\left(8x+5\right)8
1	-9\operatorname{\mathrm{sen}}\left(3\ln\left(x\right)\right)
1	20x^{4+5}
1	9\cos^2\left(x\right)
1	21x^2-64x+3
1	\frac{\cos\left(3x\right)3x^2-\operatorname{\mathrm{sen}}\left(3x\right)2x}{x^2}
1	\frac{1}{4x^2+8}\cdot(4x)
1	12(4x+6)^2
1	7x^{x-1}
1	\frac{6}{x^3}-2\frac{6\ln\left(x\right)}{x^3}
1	4\cdot2x+5
1	e^{x}(21x^2+7x^3)
1	3x^2\operatorname{\mathrm{sen}}\left(x\right)+x^2\cos\left(x\right)
1	\frac{2}{\left(x+3\right)^{2}}
1	e^{9x}(3x^2+9x^3)
1	12x^2-17x
1	2x^4\cos(x) + 8x^3\sen(x)
1	\frac{\cos\left(8x\right)8x^2-2\operatorname{\mathrm{sen}}\left(8x\right)x}{x^4}
1	-\frac{x}{x^2+4x+16}
1	6x^{}e^{x}+3x^2e^{x}
1	\frac{(\cos\left(2x\right)2x^3-3\operatorname{\mathrm{sen}}\left(2x\right)x^2)}{x^6}
1	\frac{3x^2+6x}{(x+3)^2}
1	12x^2-4x+3
1	\frac{\left(x+8\right)-\left(x+5\right)}{\left(x+8^{}\right)^2}
1	\frac{4\cdot5}{\sqrt{x}}
1	3\frac{\frac{1}{x}\cdot x-\ln\left(x\right)}{x^2}
1	3x^2+e^{\placeholder{}}
1	2\cdot\cos\left(x\right)+5\cdot-\operatorname{\mathrm{sen}}\left(x\right)
1	2\cdot\frac12
1	16x^3+e^{^{x}}
1	\frac{(1)\cdot(x+9)-(x+6)\cdot(1)}{(x+9)^2}
1	6^{x}ln6
1	7(\frac{e^{x}x^3-(e^{x}3x^2)}{x^6})
1	-\frac{1}{x+1)^2}
1	\frac{18}{9x^2+1}
1	\frac{\left(x+6-\left(x+7\right)\right)}{\left(x+6\right)^2}
1	6\cos\left(6x+\right)
1	2^{-1}\cdot x^{-\frac12}
1	\frac{7xe^{x}-7e^{x}\cdot1}{x^2}
1	\frac{-7}{\left(x+2\right)^{2}}
1	21xˆ2-14x
1	14x^{}\operatorname{\mathrm{sen}}\left(x\right)+7x^2\cos\left(x\right)
1	\frac12\frac{1}{\sqrt{2x^2+2}}4x
1	\frac{8(x\cos(x)-2\operatorname{sen}(x))}{x^3}
1	\frac{(2\cdot\frac{1}{x}\cdot x^2-2\ln\left(x\right)\cdot2x)}{x^4}
1	12\ln\left(x\right)\ln\left(x\right)
1	\frac{(e^{x}\cdot x^2-e^{x}\cdot2x)}{(x^2)^2}
1	\frac{(3\operatorname{\mathrm{sen}}\left(x\right)x^3)}{x^6}
1	\left(4x+1\right)e^{2x^{2}+x}
1	\frac{x+4-(x+2)}{(x+4)^2}
1	12(6x+4)
1	3\left(2x+8\right)^22
1	\frac{\frac{6}{x^2}+\frac{12\ln\left(x\right)}{x^2}}{x^2}
1	\frac{6\cos\left(x6\right)x^3-\operatorname{\mathrm{sen}}\left(x6\right)3x^2}{x^6}
1	\frac{3x^{2}\cdot\left(x+5\right)-x^{3}}{\left(x+5\right)^{2}}
1	\frac{(\frac{4}{x}\cdot x^2-4\ln\left(x\right)\cdot2x)}{(x^2)^2}
1	x6^{x}+\ln\left(6\right)
1	25x^4-9x^2+0
1	4X^3
1	\frac{18x}{(9x^2+2)}
1	3(2x+5)^22
1	-\frac{8}{x^2}\ln\left(x\right)+\frac{8}{x^2}
1	\frac{3x^2}{x+1}
1	6(2x+3)^2x
1	6x^2\cdot\ln\left(x\right)+2x^3+\frac{1}{x}
1	\frac52x^{-\frac{1}{"}}
1	-\frac{12}{x}\operatorname{\mathrm{sen}}\left(4\ln\left(x\right)\right)
1	\frac{x}{\sqrt{x^2+2}}
1	\frac{9x^2-9\ln\left(x\right)x^3}{x^6}
1	\frac32x^{-1}
1	x^2(3.\ln\left(x\right)+1)
1	\frac{\cos\left(x\right)x^2-\operatorname{\mathrm{sen}}\left(x\right)2x}{(x)^4}
1	2\cdot3x+e^{x}
1	16\left(x+4\right)
1	5\left(\frac{1}{2\sqrt{x}}\right)
1	2(x^3+2)\cdot x^2\cdot3
1	4e^x\operatorname{sen}(x) + 4e^x\cos(x)
1	(\frac{2x\cdot(x+9)-x^2\cdot1)}{(x+9)^2}
1	\frac12(\frac{1}{\sqrt{x}})
1	\frac{5}{(x+4)^{2}}
1	\frac{12x}{x^26+5}
1	\frac{3x^2(x+6)^{}-x^3}{(x+6)^2}
1	28x^3-122+4
1	((x+4)-(x+6))(x+4)^{-2}
1	-\operatorname{\mathrm{sen}}\left(6x+9\right)6
1	16x.e^{x}+8x^2.e^{x}
1	-4\operatorname{\cdot\mathrm{sen}}\left(x\right)
1	16x\ln\left(x\right)+8x^2(\frac{1}{x}
1	5\left(\frac{e^{x}x^3-e^{x}3x^2}{x^6}\right)
1	5\cos\left(x\right)\cdot3\operatorname{\mathrm{sen}}\left(x\right)
1	-\operatorname{\mathrm{sen}}\left(5\ln\left(x\right)\right)\cdot(\frac{5}{x}
1	\frac{5}{\left(x+1\right)^2}
1	4x\cdot(x^2+4)
1	\frac{x^{3-}5\cdot3x^2}{x^6}
1	\frac{x^2+4x}{(x+2)}
1	\cos\left(7x+3\right)\cdot7
1	\frac{9e^{x}x-9e^{x}}{x^2}^{}
1	-3\cos\left(x\right)-2\operatorname{\mathrm{sen}}\left(x\right)
1	\frac52x^{\frac{(-1)}{2}}
1	\frac{\left(-9-2x\right)}{x^2}
1	-\frac{7}{x2}
1	\frac{(3x^2)(x+5)}{(x+5)^2}-\frac{(x^3)}{(x+5)^2}
1	\frac{14x}{2\sqrt{7x^2+9}}
1	\frac{(-12\ln\left(x\right)x+6x^{})}{x^4}
1	\frac{4\cos\left(x\right)}{x}-\frac{\operatorname{4\mathrm{sen}}\left(x\right)}{x^2}
1	2\cdot5\cos\left(x\right)\cdot e^{5\operatorname{\mathrm{sen}}\left(x\right)}
1	\frac{(3x^2(x+5)-x^3)}{(x+5}
1	\frac{x}{(x+6)}-\frac{(x+5)}{(x+6)^2}
1	7e^{x}(\cos\left(x\right)+\operatorname{\mathrm{sen}}\left(-x\right))
1	7\left(e^{x}\cos\left(x\right)-e^{x}\operatorname{\mathrm{sen}}\left(X\right)\right)
1	\frac{x^{2}+8x}{(x+4)^{2}}
1	(0\sqrt{x}-\frac{3}{2\sqrt{x}})
1	5e^{5x+7}
1	21\operatorname{\mathrm{sen}}\left(x^{}\right)^2\cos\left(x\right)
1	21x^2-16x+3
1	4x\ln4
1	\frac{8\cos\left(x\right)}{x2}-\frac{16\operatorname{\mathrm{sen}}\left(x\right)}{x^3}
1	7e^{x}\left(\sin(x)+\cos(x)\right)
1	8\left(\frac{x^2-\ln\left(x\right)3x^2}{x^6}\right)
1	4e^{x}(-\operatorname{\mathrm{sen}}\left(x\right)+\cos\left(x\right))
1	1-23-
1	e^{6x+3}\cdot6
1	2x^4e^{2x^{}}+4x^3e^{2x}
1	\operatorname{2x\mathrm{sen}}\left(x\right)+x^2^{}\cos\left(x\right)
1	35x4-12x^3
1	4\left(4x^3\cdot\ln\left(x\right)+x^4\cdot\frac{1}{x}\right)
1	3xe^{3x}+3x^3e^{3x}
1	\frac12\cdot\frac{1}{x^{\frac12}}
1	\frac{x+1-x-6}{\left(x+1\right)^2}
1	2xe^{2x}+x^22\cdot e^{2x}
1	4\cdot(x^2+9)^3\cdot(2x)
1	\frac{\left(7x^3e^{x}-21e^{x}x^2\right)}{x^3}
1	1+x^2\cdot\frac{1}{x}
1	-2\cdot\operatorname{\mathrm{sen}}\left(4\ln\left(x\right)\right)\cdot\frac{4}{x}
1	3x^{4}\cos(x) + 12x^{3}\sin(x)
1	\frac{9x}{\sqrt{9x+7})}
1	12(x^3+1)^3\cdot x^2
1	3+e^{x}
1	20x^3 + 5
1	\frac{1}{x^3}
1	8x+g
1	\frac{7\cos\left(x\right)}{x^3}-\frac{\operatorname{21\mathrm{sen}}\left(x\right)}{x^4}
1	21x^{2}\sin(x)+7x^{3}\cos(x)
1	2x\cdot e^{7x}+x^2e^{7x}7
1	\frac{12}{x}
1	10x^{x-1}
1	e^{x}\cos\left(x\right)-\operatorname{\mathrm{sen}}\left(x\right)\cdot e^{x}
1	\frac{3x^2(x+3)+x^3}{(x+3)^2}
1	12x^3+e
1	7(4x^3\ln\left(x\right)+7x^3)
1	\frac{3(\frac{x^3}{x}-\ln\left(x\right)3x^2)}{x^6}
1	\frac72x
1	\frac{(5\cos\left(x\right)-5\operatorname{\mathrm{sen}}\left(x\right))}{x^2}
1	2\left(9x+4\right)9
1	\frac{-3}{\left(x+2\right)^2}
1	\frac{\frac{8}{x}\cdot x^3-8\ln\left(x\right)\cdot3x^2}{xe^6}
1	8e^{x}\left(\operatorname{\mathrm{sen}}\left(x\right)+\cos\left(X\right)\right)
1	3e^{x}\left(\sin(x) + \cos(x)\right)
1	6(\frac{e^{x}x-e^{x}}{x^2})
1	18\cdot x^2+6
1	\frac{1\cdot(x+1)-(x+3)\cdot1}{(x+1)^2}
1	6x^2-18x^{}+0
1	12x^2-6x+0
1	\frac{1}{2\cdot\sqrt{3x^2+4}}\cdot6x
1	\frac72\sqrt{xe^{\placeholder{}}}
1	\frac{6\left(1-\ln(x)\right)}{x^{2}}
1	\left(5x-5\ln\right)
1	\frac{5x-5\ln\left(x\right)x2}{x^4}
1	3(6x+3)^26
1	\frac{6\cos\left(6x\right)\cdot x^2-\operatorname{\mathrm{sen}}\left(6x\right)\cdot2x}{x^4}
1	\frac{1}{2x^{}}
1	\frac{2x^3+27x^2}{\left(x+9\right)^2}
1	35^4-6x^2
1	\ln\left(10\right)10\left\lbrace^{x}\right\rbrace
1	18x^2(e^{x})+6x^3(e^{x})
1	-\frac{1}{2x^{\frac12}}
1	\frac{5\cos\left(x\right)x^2-5\operatorname{\mathrm{sen}}\left(x\right)x\cdot2}{x^4}
1	18x^2\cos\left(x\right)
1	24\cos\left(x\right)\operatorname{\mathrm{sen}}^3\left(x\right)
1	\frac{(4x-2x\ln\left(x\right))}{x^4}
1	\frac{18x+x^2}{(x+9)^2}
1	\frac{3}{\placeholder{}}
1	x\frac{1}{x}
1	3\cos\left(x\right)\cdot2e^{3\operatorname{\mathrm{sen}}\left(x\right)}
1	25x^{4+3}
1	e^{9^{x+8}}
1	2\cdot3x^2\cdot\left(x^3+1\right)
1	\frac{1}{x+9}-\frac{x+6}{\left(x+9\right)^2.}
1	4\cdot\frac12x^{-\frac12}
1	\frac{9}{x\ln\left(9\right)}
1	\frac{4e^{x}\cdot3x^2-x^3\cdot4e^{x}}{x^6}
1	25x^4-6x^{}
1	21(7x+8)^2
1	\frac{x^2+16x}{x^2+16x+64}
1	\frac12\cdot5x^{\frac12-1}
1	\frac{(x+7-x-9)}{(x+7)^2}
1	4\cos\left(x\right)3e^{4\operatorname{\mathrm{sen}}\left(x\right)}
1	\frac{x+4-\left(x+3\right)}{\left(x+4^{}\right)^2}
1	3\cdot\left(e^{x}\cdot\cos\left(x\right)-\operatorname{\mathrm{sen}}\left(x\right)\cdot e^{x}\right)
1	8e^{x}(\sin(x) + \cos(x))
1	6x\ln\left(x\right)+2x^3\cdot\frac{1}{x}
1	\frac{1}{7x^2+7}\cdot14x
1	2\cdot\cos\left(x\right)+(-2\operatorname{\mathrm{sen}}\left(x\right))
1	-\frac{3}{\sqrt{x^2}}
1	8x^3(x\cos(x) + 4\sin(x))
1	\frac{10x}{5x^2 + 3}
1	3x^2\ln\left(x\right)+x^3\cdot\ln\left(x\right)
1	4x^{3}\cdot\ln\left(x\right)+x^{4}\cdot\frac{1}{x}
1	-\frac{7}{x}
1	\frac{32x^3\cdot1}{x}
1	\frac{(4e^{x})\cdot(x)-(4e^{x})\cdot(1)}{x^2}
1	3(6x+9)^2\cdot6
1	e^{7x+6}7
1	e^{x}\left(\operatorname{\cos}\left(x\right)-\operatorname{\mathrm{sen}}\left(x\right)\right)
1	\frac{(2e^{x})(x^3)-(2e^{x})(3x^2)}{(x^3)^2}
1	\ln\left(9x^2+6\right)\cdot18
1	\frac{1}{\cos x^2\left(\right)}
1	\frac{(3x^3\cos\left(3x\right)-3x^2\operatorname{\mathrm{sen}}\left(3x\right))}{x^6}
1	\cos\left(9x+4\right)9
1	5\cdot3\ln\left(x\right)^2\cdot\frac{1}{x}
1	-\frac{3\,\operatorname{sen}\left(3\ln(x)\right)}{x}
1	\frac{(x+7-x-3)}{(x+7)^2}
1	x^{2}e^{5x}\left(5x+3\right)
1	\frac{6e^{x}}{x^2}\left(x-1\right)
1	6\operatorname{\mathrm{sen}}\left(x\right)^2\cos\left(x\right)
1	e^{4x^2+9x}\cdot\left(8x+9\right)
1	\frac{3(2x)}{3x^2+1}
1	\frac{2x(x+2)-)^2}{(x+2)^2}
1	\frac{x^2\left(4-12\ln\left(x\right)\right)}{x^6}
1	\dfrac{5x\cos(x)-15\sin(x)}{x^{4}}
1	\frac{\frac{3}{x}x^2-6x\ln\left(x\right)}{(x^2)^2}
1	15\cdot x^2+e^{x}
1	3\cos\left(x\right)x^{-2}-6\operatorname{\mathrm{sen}}\left(x\right)x^{-3}
1	\frac{(x^2+10x)}{\left(x+5\right)^2}
1	x2e^{x}\ln\left(e^1\right)
1	8\cdot(1+(\tan\left(x\right))^2)
1	5\frac{1}{x^4}
1	\frac{4\left(1 - 3\ln(x)\right)}{x^{4}}
1	\frac{\left(3x^2\cdot\left(x+7\right)\right)-\left(x^3\cdot1\right)}{\left(x+7\right)^2}
1	\frac{1}{5x^2+2}\cdot10x
1	\frac{\frac{8}{x}\cdot x^3-(8\ln\left(x\right)\cdot3x^2)}{x^6}
1	4x^2\operatorname{\mathrm{sen}}\left(x\right)+x^4\cos\left(x\right)
1	\frac{10^{x}}{\ln\left(10\right)}
1	14(7x+1)
1	(6x+9)(e^{3x^2+9x})
1	\frac{-2}{x^2+12x+36}
1	e^{9x+8}\cdot e^{9^{\placeholder{}}}
1	\frac{\left(9x^2\ln\left(x\right)3x^2\right)}{x^5.x}
1	3(8x+7)^28
1	3\sqrt1
1	e^{5x^2+4x}\cdot(10x+4)
1	4x^4+2
1	3e^{3x+2^{\placeholder{}}}
1	\frac{(-3)}{(x+7)^2}
1	4\cdot4x^3+8
1	\frac{(0\cdot x-3\cdot1)}{1^2}
1	2\cos(x)-3\sin(x)
1	2(x^2+8)\cdot2x
1	-\frac{20}{x}\operatorname{\mathrm{sen}}\left(4\ln\left(x\right)\right)
1	\frac{1}{x+9}-\frac{(x+5)}{(x+9)^2}
1	4(x^2+3)^3\cdot2x
1	\frac{6}{x}\cdot x^{-1}+6\ln\left(x\right)\cdot-2x^{-2}
1	-8e^{x}\operatorname{\mathrm{sen}}\left(x\right)+8e^{x}\cos\left(x\right)
1	4\cdot3\operatorname{\mathrm{sen}}\left(x\right)^2\cdot\cos\left(x\right)
1	7\frac{1}{2\sqrt{x}}
1	\frac{3x(x+1)-x^3}{(x+1)^2}
1	4\cos\left(4x+7\right)
1	\frac{(\cos\left(x\right))\cdot x-(\operatorname{\mathrm{sen}}\left(x\right))\cdot1}{x^2}
1	\frac{(6\cos\left(x\right)\cdot x^2-6\operatorname{\mathrm{sen}}\left(x\right)\cdot2x)}{x^4}
1	4x\left(x^2+8\right)
1	\frac{9\cos\left(9x\right)\cdot x^3-\operatorname{\mathrm{sen}}\left(9x\right)\cdot3x^2}{x^6}
1	\cos\left(8x+6\right)\cdot8
1	3\cos\left(x\right)+(-3\operatorname{\mathrm{sen}}\left(x\right))
1	\frac{\left(x+4\right)-\left(x+1\right)}{\left(x+4\right)^2}
1	\frac{(-2\operatorname{\mathrm{sen}}\left(2\ln\left(x\right)\right))}{x}
1	\frac{32x^3.1}{x}
1	9x\left(x\cos(x) + 2\sin(x)\right)
1	8x\cdot(x^2+2)^3
1	\frac{2x-2x2\ln\left(x\right)}{x^4}
1	2\cdot(x^3+3)\cdot(3x^2)
1	\frac{5e^{x}\cdot x-5e^{x}\cdot1}{(x)^2}
1	8e^x(\sin(x) + \cos(x))
1	4x^4e^{4x}+4x^3e^{4x}
1	3(x^2+9)^2\cdot2x
1	\frac{9x\cos(9x)-3\sin(9x)}{x^4}
1	4x^2\operatorname{\mathrm{sen}}\left(x\right)+4x^2\cos\left(x\right)
1	\frac{1}{x+10}-\frac{\left(x+9\right)}{\left(x+10\right)^2}
1	\frac{6(3\ln\left(x\right)^2)}{x}
1	18x+e^{x}\cdot9x^{^2}+e^{x}
1	e^{x}\cdot x^3+3x^2\cdot e^{x}
1	4\cos\left(x\right)--3\operatorname{\mathrm{sen}}\left(x\right)
1	4e^{xc}
1	1\cdot x
1	\frac{1}{x}\ln\left(\placeholder{}\right)
1	\frac12\cdot(6x^2+9)^{-\frac12}\cdot12x
1	\frac{(3\operatorname{\mathrm{sen}}\left(3\ln\left(x\right)\right))}{x}
1	\frac{4e^{x}(x)-4e^{x}}{x^2}
1	\dfrac{4(x\cos(x)-\sin(x))}{x^{2}}
1	10x\ln\left(x\right)+\frac{5x^21}{x}
1	\frac{2}{x}\left(-2\operatorname{\mathrm{sen}}\left(2\ln\left(x\right)\right)\right)
1	3\operatorname{\mathrm{sen}}\left(x\right)\operatorname{\mathrm{sen}}\left(x\right)\cos\left(x\right)
1	5x^4+7
1	24x\left\lbrace^3\right\rbrace\cdot
1	6x^2\operatorname{\mathrm{sen}}\left(x\right)+6x^3\cos\left(x\right)
1	\frac{2x(x+2)-x^2}{x^2+10x+2}
1	\frac{3x^2-x^3)}{(x+6)^27}
1	\frac{4(e^{x}x^3-e^{x}3x^2)}{(x^3)^2}
1	4\sqrt{x^3}
1	6(x^2+3)^2x
1	9\cdot4x^3+8
1	6(3x^2e^{x}+x^3e^{x})
1	5xe^{\placeholder{}}
1	\frac{8}{x^{-1}}
1	6x^2+12xe^{x}
1	12\ln\frac{\left(x\right)^3}{x}
1	15\operatorname{\mathrm{sen}}^4\left(x\right)\cdot\cos\left(x\right)
1	\frac{x\left\lbrace2\left\lbrace\right\rbrace\right\rbrace}{3}
1	5\cos\left(x\right)-3\cos\left(x\right)
1	\frac{2x(x+2)-x^2}{x^4}
1	\frac{1-(\ln\left(x\right)\cdot2)}{x^3}
1	\cos\left(8x+8\right)\cdot8
1	\frac{8x\cos(x)-24\sin(x)}{x^4}
1	3e^{x}\operatorname{(\mathrm{sen}}\left(x\right)+\cos\left(x\right))
1	\frac{(3x^3\cos\left(x\right)-9x^2\operatorname{\mathrm{sen}}\left(x\right))}{3x^2}
1	25x^4-6x2
1	36x^3-4x^{}
1	12\cdot x^3\cdot e^{x}+3x^4\cdot e^{x}
1	\frac{1}{x+2}-\frac{x+5}{(x+2)^2}
1	2x^3(4\ln(x) + 1)
1	5e^{x}x^{-3}-3\cdot5e^{x}x^{-4}
1	18x^2\operatorname{\mathrm{sen}}\left(x\right)+6x^{x}\cos\left(x\right)
1	6^{x}\ln\left(6)\right.
1	27x^2\cdot\ln\left(x\right)+9x^2^{}
1	12x^3-4x
1	5e^{x}\operatorname{\mathrm{sen}}\left(x\right)-5e^{x}\cos\left(x\right)
1	\frac{1(x+8)-1(x+6)}{(x+8)^2}
1	e^{4\operatorname{\mathrm{sen}}\left(x\right)}8\cos\left(x\right)
1	12e^{3\operatorname{\mathrm{sen}}\left(x\right)\cos\left(x\right)}
1	\frac{(2\ln\left(x\right)^2)}{x}
1	4x^3e^{6x}+x^4e^{6x}\cdot6
1	\frac{4x^3\cos\left(x\right)-8x^2\operatorname{\mathrm{sen}}\left(x\right)}{x^6}
1	5x^3e^{x}+15x^2+e^{x}
1	\frac{2x(x+6)-x^2}{x^2+12x+36}
1	32(8x+9)^3
1	16x+e^{3+e^{x}}
1	\frac{8\cos\left(x\right)}{x}
1	(4x+8)(e^{2x^2+8x})
1	\frac{5}{\cos\left(x\right)2}
1	\frac{18x}{(9x^2+4)^2}
1	8x^3-21x^2+1
1	10x^4-16x+0
1	4\cos\left(x\right)-6\cos\left(x\right)
1	16\cdot(4x+5)^3
1	e^{5x}\left(4x^3+5x^4\right)
1	((x+9)-(x+8))\cdot(x+9)^{-2}
1	\frac{1}{z}
1	4x\left(x^2+5\right)
1	\frac{(-\frac{14}{x^{}})}{x^2}
1	8\cdot\left(\operatorname{\mathrm{sen}}\left(x\right)\right)^3\cdot\cos\left(x\right)
1	\frac{1}{\left(x+3\right)^2}
1	\frac{\left(x+9\right)-\left(x+7\right)}{\left(x+9\right)^2}
1	6\cdot(4x^3\cdot e^{x}+6x^4\cdot e^{x})
1	\operatorname{-\mathrm{sen}}\left(5\ln\left(x\right)\right)\cdot\frac{5}{x}
1	2\cdot5\operatorname{\mathrm{sen}}\left(x\right)^4\cos\left(x\right)
1	\frac{(2xe^{x}+x^2e^{x})}{e^{x}}
1	\frac{12x+2x^3}{(x+4)^2}
1	e^{x}\cdot x^{-2}-2e^{x}\cdot x^{^{-3}}\cdot
1	\frac{2e^{x}x^2-4xe^{x})}{x^4}
1	\frac{12x}{(6x^2+6x}
1	2\left(5x+3\right)\cdot5
1	2e^{x}\left(\cos\left(x-\operatorname{\mathrm{sen}}\left(x\right)\right)\right)
1	4x^3+8
1	\frac12\cdot(4x^2+3)^{-\frac12}\cdot(8x)
1	\frac{6e^{x}x^2-12x^{}e^{x}}{x^4}
1	\frac{x(x+2)}{(x+1)^2}
1	\frac{(2x(x+8)^{}-x^2-1)}{(x+8)}
1	\frac{(\frac{6}{x}\cdot x^3)}{x^6}-\frac{(6\ln\left(x\right)\cdot3x^2)}{x^6}
1	\frac{(-3)}{x^2}
1	\left(6x+8\right)e^{3x^{2}+8x}
1	6(3x^2)\operatorname{\mathrm{sen}}\left(x\right)+x^3\cos\left(x\right))
1	x3^{x^{-1}}
1	\frac{\placeholder{}}{20x(\sqrt{5x^2+2)}}
1	8x^2\cos(x)+16x\operatorname{sen}(x)
1	\frac{x^2}{(x+6)^2}-\frac{(x+6)\cdot2x}{(x+6)^2}
1	\dfrac{2}{(x+8)^{2}}
1	30x^{4+8}
1	\frac{x+9-x-1}{\left(x+9\right)^2}
1	(\frac{x}{10})^{-1}
1	-3\operatorname{\mathrm{sen}}\left(3x+2)\right)
1	\frac{5\left(2\ln\left(x\right)\right)}{x}
1	\frac{9\cos\left(x\right)x-\operatorname{\mathrm{sen}}\left(x\right)9}{x^2}
1	\frac{x(x+4)-(x+1)x}{(x+4)^2}
1	e^{6x+5}6
1	\frac{1}{(2\sqrt{2x^2+2})}\cdot4x
1	\frac{(8e^{x}x^2-16e^{x}x)}{x^4}
1	24\operatorname{\mathrm{sen}^3}\left(x\right)^{}6\cos^4\left(x\right)^{}^{}
1	\frac{4e^{x}x^2-2x4e^{x}}{x^4}
1	\frac{\frac{2}{x}\cdot x-2\ln\left(x\right)\cdot1}{(x)^2}
1	\frac{(5\cos\left(5x\right)x^2-2x\operatorname{\mathrm{sen}}\left(5x\right))}{x^4}
1	e^{5x+6}\cdot5
1	\frac{2x^{3}+27x^{2}}{(x+9)^{2}}
1	\frac{2\ln(x)}{x}
1	\frac{7(2x)}{7x^2+8}
1	(e^{x}x-e^{x})(x^{-2}
1	(x+3)^{-1}-(x+2)\cdot(x-3)^{-2}
1	e^{x\cdot\ln\left(10\right)}\cdot\ln\left(10\right)
1	\frac{8}{\left(x+2\right)^2}
1	e^{4x^2+2x}\left(8x+2\right)
1	\frac{1}{7x+7}\cdot7
1	\frac{e^{x}x-e^{x}}{e^{2x}}
1	-2\cdot\operatorname{\mathrm{sen}}\left(2x+2\right)
1	\frac{6(x\cos(x)-\operatorname{sen}(x))}{x^2}
1	\frac12(x^2+1)^{-\frac12}\cdot2x
1	\frac{7\cos\left(x\right)\cdot x^3-7\operatorname{\mathrm{sen}}\left(x\right)\cdot3x^2}{x^6}
1	\ln\left(x\right)+\frac{4}{x}
1	3x^{2}\cos(x) + 6x\sin(x)
1	\ln\left(\frac{1}{x}\right)^5
1	\frac{e^{x}x-5e^{x}}{x^3}
1	12x^3+e^{x}^{}
1	24(6x+5)^3
1	\frac{1}{x^4}4
1	12(\operatorname{\mathrm{sen}}\left(x\right))^2\cos\left(x\right)
1	\frac{3(2x)}{3x^2+7}
1	10x^4-5x^3
1	\frac{4e^{x}\left(x^2-2x\right)}{x^4}
1	(2x+8)\cdot e^{x^2+8x}
1	8(\frac{\cos\left(x\right)\cdot x^3-3x^2\operatorname{\cdot\mathrm{sen}}\left(x\right)}{x^6})
1	\frac{9\frac{1}{x}\cdot x^3-9\ln\left(x\right)\cdot3x^2}{x^6}
1	6x^2-14x+0
1	3(\ln\left(x\right)^2)\cdot\frac{1}{x}
1	\frac{(2x^3+12x^2)}{(x+6)^2}
1	28x^3\cdot24x^2
1	(\frac{3x^2(x+1)-x^4}{(x+1)^2})
1	\frac{(3x^2)\cdot(x+7)-(x^3)\cdot1}{(x+7)^2}
1	25\operatorname{\mathrm{sen}}^4\left(x\right)
1	\frac{2x^2(x+3)}{(x+2)^2}
1	\frac{\frac{6}{x}-6\ln\left(x\right)}{x^2}
1	-\frac{2\operatorname{8\mathrm{sen}}\left(4\ln\left(x\right)\right)}{x}
1	(7x^2+1)^{-1}14x
1	\frac{3}{!}
1	\frac{9e^{x}\cdot x^{2}-9e^{x}\cdot2x}{x^{4}}
1	\ln\left(7\right)1
1	4\cdot9x^3-3\cdot2x^2
1	20x^4-22x^2
1	\frac{(\cos\left(5x\right)5x^2-2\operatorname{\mathrm{sen}}\left(5x\right)x)}{x^4}
1	\frac{x+3-\left(x+4\right)}{\left(x+3\right)^2}
1	\frac{}{x}
1	8x^2e^{x}(x+3)
1	(6+6x)e^{3x^2+6x}
1	^{\frac{-4}{x^2}}
1	3x\ln\left(x\right)+x^2
1	\frac{6\cdot2x}{2\sqrt{6x^2+7}}
1	8\left(x^2+6\right)^3x
1	\frac{8e^{x}}{x^3}+\frac{8e^{x}}{x^4}
1	\frac{\cos\left(x\right)-\operatorname{\mathrm{sen}}\left(x\right)\cdot x}{x^2}
1	28x^3-15x^3
1	\differentialD
1	\frac{x+7-x-4}{(x+7)^2}
1	2\cos\left(x\right)+6\cdot-\operatorname{\mathrm{sen}}\left(x\right)
1	\frac{3}{x^3}-\frac{6\ln\left(x\right)}{x^4}
1	21x^3+5
1	2\times
1	\frac{3x^2\cdot(x+8)-(x^3)(x+8)}{(x+8)^2}
1	-32x^3+12x^2
1	\frac{4x-8x\cdot\ln\left(x\right)}{x^4}
1	\frac{2x(x+7)-x^2}{x^4}
1	\frac{1}{x^2+4}\cdot2x
1	\frac{(9e^{x}\cdot x^2)-(2x\cdot9e^{x})}{x4}
1	-8\operatorname{\mathrm{sen}}\left(8x+1\right)
1	9x^{\frac{-1}{2}}
1	18x^2\cdot\ln\left(x\right)+6x^3\cdot x^{-1}
1	\frac{(\frac{9}{x}-9\ln\left(x\right)\cdot2x)}{x^2}
1	\frac{8\left(\cos\left(x\right)x-\operatorname{\mathrm{sen}}\left(x\right)\right)}{x^2}
1	3(x^3+6)^2\cdot3x^2
1	\frac{3x(x+2)-x^3}{(x+2)^2}
1	24x2+6
1	5\cdot x^{2-\frac12}
1	\frac{(3x^{}-6\ln\left(x\right)x)}{x^6}
1	-\operatorname{\mathrm{sen}}\left(9x+1\right)9
1	\frac{2-7}{(x+2)^2}
1	12x^2\operatorname{\mathrm{sen}}\left(x\right)+4x^3\cos\left(+\right)
1	9\cdot5\operatorname{\operatorname{\mathrm{sen}}}\left(x\right)^4\cdot\cos\left(x\right)
1	\frac{8\cdot\cos\left(x\right)\cdot x^3-24x^2\operatorname{\cdot\mathrm{sen}}\left(x\right)}{x^6}
1	\frac{5\cdot\frac{1}{x}\cdot x^2-5\ln\left(x\right)\cdot2x}{(x^2)^2}
1	3\left(x^2+2\right)^2
1	\frac{9(1-2\ln(x))}{x^3}
1	\frac{4\operatorname{\mathrm{\cos\left(x\right)}}\cdot x^3-4\operatorname{\mathrm{sen}}\left(x\right)\cdot3x^2}{x^6}
1	2xe^{9x}+x^29e^{x9}
1	\frac{1}{x\ln\left(4\right)}
1	\frac{\cos\left(x\right)}{x^2}-\frac{\operatorname{\mathrm{sen}}\left(x\right)}{x^2^{}}
1	\frac{(6e^{x}\cdot x-6e^{x})}{x^2}
1	4(-\operatorname{\mathrm{sen}}\left(4x+6\right))
1	\frac{4-\frac{4}{x}}{x^2}
1	8x+e^2
1	x^33e^{3x}+3x^2e^{3x}
1	\frac12\cdot\frac{14x}{\sqrt{7x^2+3}}
1	\frac{3}{2\sqrt3}
1	8e^{x}\cdot\operatorname{\mathrm{sen}}\left(x\right)+8e^{x}\cdot(\cos\left(x\right))
1	12x^2e^{x}+
1	8x-14x
1	\frac{(x^2-4x)}{x^2+4x+4}
1	3^{2x^2}
1	\frac{x+2-x-8}{(x+2)^2}
1	\frac{5(e^{x}x^2^{}-e^{x}2x)}{x^4}
1	3\cdot5\cdot x^4-4\cdot2\cdot x
1	8e^8
1	\frac{\left(x+2\right)-\left(x+1\right)}{\left(x+2\right)^{2}}
1	\frac{3x^2(x+8)-3x^2)}{(x+8)^2}
1	x\cdot(35x^3-14)
1	e^{7x}(3x^2^{}+7x^3)
1	 \sec^2\left(x\right) 
1	\frac{4}{\cos^2\left(x^{}\right)}
1	5\cdot4\cdot\operatorname{\mathrm{sen}}^3\left(x\right)\cdot\cos\left(x\right)
1	40x^{4}-14x
1	4(x^2+5)^3\cdot(2x)
1	7(e^{x}\cdot\operatorname{\mathrm{sen}}\left(x\right)+e^{x}\cdot\cos\left(x\right))
1	6\left(\frac{1-\ln\left(x\right)}{x^2}\right)
1	3(7x+6)^27
1	\frac{(7\cos\left(x\right)x^2+7\operatorname{\mathrm{sen}}\left(x\right)2x)}{x^4}
1	-9\sen(x)
1	\frac{\left(2\right)}{\left(x+6\right)^2}
1	\frac{(x+8-x-2)}{(x+8)^2}
1	3\cdot\frac12x^{\frac{-1}{2}}
1	18\left(\ln\left(x\right)\right)^2\cdot\frac{1}{x}
1	35\operatorname{\mathrm{sen}}\left(x\right)^4\cdot\cos\left(x\right)
1	(\frac{15}{x})^2
1	(4\cos\left(x\right))+(-5\operatorname{\mathrm{sen}}\left(x)))\right)
1	\frac{2xe^3+6x^2}{(x+2)^2}
1	\frac{(3e^{x}\cdot x^2-3e^{x}\cdot2x)}{x^4}
1	18x^2\ln\left(x\right)+\frac{6x^{3)}}{x}
1	2e^{x}\cdot\cos\left(x\right)+2e^{x}\cdot\operatorname{\mathrm{sen}}\left(x\right)
1	\frac{4x\ln\left(x\right)-1}{x^4}
1	20x^3\cdot5x^3\ln\left(x\right)
1	7+\frac{1}{x}
1	2(x^3+5)\cdot3x
1	6^{x}6
1	\frac{(4\cos\left(4x\right)x^2-\operatorname{\mathrm{2x}\mathrm{sen}}\left(4x\right))}{x^4}
1	\frac{\left(x+7\right)-\left(x+9\right)}{\left(x+7\right)^2}
1	35\operatorname{\mathrm{sen}}\left(x\right)\operatorname{\mathrm{sen}}\left(x\right)\operatorname{\mathrm{sen}}\left(x\right)\operatorname{\mathrm{sen}}\left(x\right)\cos\left(x\right)
1	16
1	9e^{x}(\cos(x)-\sen(x))
1	\frac{(5x^2\operatorname{\mathrm{sen}}\left(5x\right)-2x\operatorname{\mathrm{sen}}\left(5x\right))}{x^4}
1	10^{x}+\ln\left(10\right)
1	(20x^3\cdot e^{x})+(5x^4\cdot e^{x})
1	2\left(\frac{1}{2\sqrt{x}}\right)
1	3\cos\left(x\right)-4\operatorname{\mathrm{sen}}\left(-\right)
1	27x^2-4x+0
1	2e^{x}(\text{sen}(x)+\cos(x))
1	2xe^{7x}
1	\frac{8x}{2\sqrt{4x^2+5}}
1	\frac{1}{x+3}-\frac{x+2}{(x+3)^2}
1	35(7x+4)^4
1	12x\cdot\ln\left(x\right)+\frac{1}{x}\cdot6x^2
1	-\frac{2}{x^{^2}}
1	8e^{x}\left(\operatorname{\mathrm{sen}}\left(x\right)-\cos\left(x\right)\right)
1	\frac{x2e^{x}}{x^2}
1	\frac{2x(x+2)-x^2(1)}{(x+2)^2}
1	\frac{3x}{x+5}-\frac{x^3}{(x+5)^2}
1	\frac{3x^2(x+8)-x^3}{(x+8x^2}
1	4\cdot\frac{1}{2\cdot\sqrt{x}}
1	\frac{(\frac{6}{x}\cdot x^2)-(2x\cdot6\ln\left(x\right))}{x^4}
1	\frac{2\cos\left(x\right)\cdot x-2\operatorname{\mathrm{sen}}\left(x\right)\cdot1}{x^2}
1	\frac{\frac{1}{x}\cdot x-(\ln\left(x\right)\cdot1)}{x^2}
1	x\ln5
1	\frac{6x}{2\sqrt{3x^2+8}}
1	\frac{4\left(\cos\left(x\right)x^2-\operatorname{\mathrm{sen}}\left(x\right)2x\right)}{x^4}
1	\frac{x+9-(x+1)}{(x+9)^2}
1	8\operatorname{\mathrm{sen}}\left(x\right)^3\cdot\cos\left(x\right)
1	e^{8x+6}8
1	e^{x}\cos\left(x\right)+e^{x}(-\operatorname{\mathrm{sen}}\left(x\right)
1	\frac{7\cos\left(7x\right)x^2-2x\operatorname{\mathrm{sen}}\left(7x\right)}{x^4}
1	15x4-32x^3
1	7\cdot2x+2
1	6\cdot e^{3\cdot\operatorname{\mathrm{sen}}\left(3\right)}\cdot\cos\left(x\right)
1	25x^{4^{}}+8
1	e^{x\ln\left(10\right)}\cdot\ln\left(10\right)
1	\frac{x+7-(x+6)}{1}
1	2x\cdot(x+8)^{-1}+x^2\cdot(-1)(x+8)^{-2}
1	12x^2\left(x^3+9\right)^3
1	\frac{2-6\ln(x)}{x^{4}}
1	\frac{1}{x+9}-\frac{(x+7)}{(x+9)^2}
1	6\cos(x)-5\operatorname{sen}(x)
1	\frac{1}{5x+8}5x+8
1	\frac{x^2+2x}{x^2+1}
1	\frac{2e^{x}x+2e^{x}}{x^2}
1	\frac{e^{x}(x^2-2x)}{x^4}
1	\frac{3x}{x}-\frac{3\ln\left(x\right)}{x^2}
1	\frac{\frac{3}{x}}{x^6}
1	\frac{(4e^{x}\cdot x^3-4e^{x}\cdot3x^2)}{(x^3)^2}
1	\frac{(7\cos\left(x\right)x^2-14x\cos\left(x\right))}{x^4}
1	(10x+9)e^{5x^2+9x}
1	\frac{x^2-\ln\left(x\right)3x^2)}{x^6}
1	3-\cos\left(x\right)e^{3\operatorname{\mathrm{sen}}\left(x\right)}
1	3x^2\cdot e^{3x}+x^3\cdot3\cdot e^{3x}
1	28\ln^3\left(x\right)\cdot\frac{1}{x}
1	\frac{4\cos\left(x\right)x-4\operatorname{\mathrm{sen}}\left(x\right)}{x}
1	\frac{x^2(x+8)-x^3}{(x+8)^2}
1	9\cdot5\cdot x^{5-1}+2\cdot1
1	\frac{(\frac{9}{x}-9\ln\left(x\right)2x)}{x^4}
1	3\cos\left(x\right)-5\operatorname{\mathrm{sen}}\left(x\left(x\right)\right)
1	7e^{x}(\operatorname{\mathrm{sen}}\left(x\right)+\cos\left(x)\right)
1	988
1	24\cdot\left(\operatorname{\mathrm{sen}}\left(x\right)\right)^3\cdot\cos\left(x\right)
1	\frac{5x}{\sqrt{5x^{2}+5}}
1	\frac{6e^{x}\cdot x^3-18e^{x}\cdot x^2}{x^6}
1	5(9x+8)^49x
1	-\frac{2}{\left(x+5\right)^2}
1	24(6x+8)^3
1	777
1	\frac{12e^{x}x^2-12e^{x}x^2}{x^6}
1	3(\frac{1}{x^4}-3\ln\left(x\right)x^{-4})
1	e^{x^2+2x}\ln\left(x^2+2x\right)(2x+2)
1	\frac{3}{\ln x}
1	-\frac{5}{x^2+4x+4}
1	\frac{((x+2)-(x+3))}{(x+2)^2}
1	-48x^3+24x^3
1	\frac{\cos\left(3x\right)}{x^3}-\frac{3\operatorname{\mathrm{sen}}\left(3x\right)}{x^4}
1	\frac{x^26e^{x}-12xe^{x}}{x^4}
1	\frac{1}{3x+6}3
1	\frac{(9\cos\left(x\right)\cdot x^3-9\operatorname{\mathrm{sen}}\left(x\right)\cdot3x^2)}{x^6}
1	12x^2-4
1	-\frac{8x}{x^2}
1	\frac{2}{-x}
1	20e^{4\operatorname{\mathrm{sen}}\left(x\right)}
1	12x^{3+}e^{x}\cdot1
1	\frac{(-3)}{(x+5)^2}
1	\frac{4x}{\sqrt{4x^2}+7}
1	-\operatorname{\mathrm{sen}}\left(3\ln\left(x\right)\right)3\cdot\frac{1}{x}
1	6(5x^4+2)
1	30x^{4}+6
1	\frac{12(\ln\left(x\right))^2}{x}
1	9x^2(3\operatorname{\mathrm{sen}}\left(x\right)+x^{}\cos\left(x\right))
1	3e^{x}\cdot\cos\left(x\right)+3e^{x}(-\operatorname{\mathrm{sen}}\left(x)\right)
1	2(x^2+2)\cdot2x
1	15x^2-9x
1	9\cdot4x^3e^{x}+9x^4e^{x}
1	e^{7x+9}\left(7\right)
1	4\cdot e^{4x+1}
1	\frac{1}{2\sqrt{x)}}
1	3x^2e^{6x}+3x^3e^{6x}
1	30(6x+4)^4
1	\frac{4\operatorname{\mathrm{\cos\left(x\right)}}\cdot x^3-4\operatorname{\mathrm{sen}}\left(x\right)\cdot3x^2}{3x^2}
1	\frac{(x^3-3x^2)}{(x+8)}
1	\frac{8e^{x}x^3-8e^{x}3x^2}{x^6}
1	6x^2\sin(x)+2x3\cos(x)
1	\frac{4x\cos\left(x\right)-12\operatorname{\mathrm{sen}}\left(x\right)}{x^4}
1	3\cdot\left(\left(e^{x}\cdot\cos\left(x\right))-\left(e^{x}\cdot\left(-\operatorname{\mathrm{sen}}\left(x\right)\right)\right)\right)\right.
1	\frac{5\cdot\left(\left(\cos\left(x\right)\cdot x^2\right)-\left(\operatorname{\mathrm{sen}}\left(x\right)\cdot2x\right)\right)}{x^4}
1	\frac{2}{x}2x+14
1	-\operatorname{\mathrm{5}\cdot\mathrm{sen}}\left(5x+9\right)
1	\frac{4 - 12\ln(x)}{x^4}
1	\frac{x^2\left(9-27\ln\left(x\right)\right)}{x^6}
1	7\frac{(\frac{1}{x})(x^2)-(\ln\left(x))(2x)\right.}{(x^2)^2}
1	\frac{7(2x)}{2\sqrt{7x^2+9}}
1	2xe^{5x}+x^2\cdot5\cdot e^{5x}
1	\frac{3\cos\left(x\right)\cdot x^2-6\operatorname{\mathrm{sen}}\left(x\right)\cdot x}{x^4}
1	28\left(7x+6\right)^3
1	\frac{\frac{9}{x}x^2-18\ln\left(x\right)x}{x^4}
1	2x^3e^{x}(4+x)
1	-2\cos\left(2x+9\right)
1	2x53
1	e^{10x}10
1	2(e^{x}\cos\left(x\right)+e^{x}(-\operatorname{\mathrm{sen}}\left(x\right)))
1	3(x^3+9)^2\cdot3x^2
1	\frac{(x^{}-10\ln\left(x\right)x)}{x^4}
1	\frac{3\cos\left(x\right)\cdot x^2+6\operatorname{\mathrm{sen}}\left(x\right)\cdot x}{x^4}
1	\frac{1}{5x^2+6}\cdot10x
1	27x^{3-6x}
1	\frac{4}{x}\cdot\ln\left(x\right)^3
1	24x^{3}\cdot e^{x}+6x^{4}\cdot e^{x}
1	\frac{6x^4}{x\ln\left(6x^4\right)}
1	2\cdot4x^3+e^{x}
1	\frac{2x(x+5)-1(x^2)}{(x+5)^2}
1	40x^4-16
1	\frac{x}{x+8}-\frac{(x+2)}{x^2}
1	2\cdot1
1	x^3(4\operatorname{\mathrm{sen}}\left(x\right)+x^{}\cos\left(x\right))
1	4e^x(\sin(x) + \cos(x))
1	\frac{x^{2}+14x}{(x+2)^{2}}
1	\frac{\left(\left(6\ln x)\cdot\left(2x\right)\right)-\left(\left(\frac{6}{x}\right)\cdot\left(x^2\right)\right)\right.}{x^4}
1	3\left(\frac{x-\ln\left(x\right)2x}{x^4}\right)
1	\frac{(4-4\cdot\ln\left(x\right))}{x^2}
1	\frac{(\cos\left(6x\right)\cdot6)\cdot x^2-\operatorname{\mathrm{sen}}\left(6x\right)\cdot2x}{x^4}
1	-\frac{21}{x^4}e^{x}+\frac{7e^{x}}{x^3}
1	\frac{\ln\left(x\right)x}{x^2}
1	\frac{6(x\cos(x)-\sin(x))}{x^{2}}
1	\frac{2x\cos\left(x\right)-2\operatorname{\mathrm{sen}}\left(x)\right.}{x^2}
1	\frac{2}{\left(x+6\right)^2}
1	\frac{6x^2(1-3\ln\left(x\right))}{x^6}
1	\frac{1}{(x+6)}-\frac{(x+5)}{(x+6)^2}
1	e^{x}\cdot x^{-2}-3e^{x}\cdot x^{^{-3}}\cdot
1	\frac{1}{(x+1)^2}(3x^2(x+1)-x^3)
1	\operatorname{\mathrm{sen}}\left(-x\right)
1	3(x^3+9)^2\cdot3x
1	\frac{7(\cos\left(x\right)x^3-\operatorname{\mathrm{sen}}\left(x\right)3x^2)}{(x^3)^2}
1	5x^{-2}(1-\ln\left(x\right))
1	3\cos\left(x\right)4e^{3\operatorname{\mathrm{sen}}\left(x\right)}
1	35(7x+2)^4
1	3e^{x}\cos(x) - 3e^{x}\sin(x)
1	12x^2+0
1	\dfrac{5e^{x}(x-3)}{x^{4}}
1	e^{6x}(4x^3+6x^4)
1	-\frac{10\sin(2\ln(x))}{x}
1	\left(x-1\right)+C
1	10x^{}\cdot\frac{1}{x}
1	\frac{9\cdot((\frac{1}{x}\cdot x^3)-(\ln\left(x\right)\cdot3x^2)}{x^6}
1	\frac{1}{\ln x}
1	2(7x+1)7
1	\frac{1}{x^6}(3x^2-9x^2\ln\left(x\right))
1	\frac{c}{x}
1	9\cdot x^{\frac12}
1	\frac{2x^3\cos(x) - 6x^2\operatorname{sen}(x)}{x^6}
1	2(3x+7)\cdot3
1	5e^{x}\operatorname{\mathrm{sen}}\left(x\right)+5e^{}\cdot\cos\left(x\right)
1	\frac{2x}{\sqrt{2x^{2}+8}}
1	\frac{3x^2(x+4)-x^3}{x^2+8x+16}
1	\frac{9(1 - 3\ln(x))}{x^4}
1	4e^{x}(\cos(x)-\sen(x))
1	\frac{\left(2x^3+21^2\right)}{\left(x+7\right)^2}
1	\frac{x+5-x-3}{\left(x+5\right)^2}
1	2(x^3+9)x3x^2
1	\frac{6-6\ln(x)}{x^2}
1	\frac15x^{-\frac45}
1	7(\frac{x-(\ln\left(x\right)2x)}{x^4})
1	\frac{010x}{5x^2+4}
1	\frac{6-\ln\left(x\right)}{x^2}
1	\frac{14x}{7x^2+3}
1	\frac{7}{2\sqrt{x^{\frac12}}}
1	36\cos\left(x\right)\operatorname{\mathrm{sen}}\left(x\right)^3
1	\frac{(4e^{x}x^3-4e^{x}3x^2)}{x^9}
1	\frac{x^2\cos(x) - 2x\sen(x)}{x^4}
1	\frac{(2e^{x}\cdot x-2e^{x})}{x^2}
1	2\left(3\operatorname{\mathrm{sen}}^2\left(x\right)\right)\cos\left(x\right)
1	\frac{7e^{x}x(7e^{x}x^{}-14e^{x})}{x^4}
1	\frac{3}{\left(x+9\right)^{2}}
1	\frac{(2e^{x}x^2-2e^{x}2x)}{x^4}
1	3(\operatorname{\mathrm{sen}}\left(x\right))^2\cos\left(x\right)
1	14\cdot x\cdot e^{x}
1	\frac{(-\cos\left(x\right)x-\operatorname{\mathrm{sen}}\left(x\right))}{(\operatorname{\mathrm{sen}\mathrm{}^{}}\left(x\right))^2}
1	10\left(2x+7\right)^4
1	27x^{2}\sin(x)+9x^{3}\cos(x)
1	\frac{1}{(x+9)^{2}}
1	30\operatorname{\mathrm{sen}}\left(x\right)\operatorname{\mathrm{sen}}\left(x\right)\operatorname{\mathrm{sen}}\left(x\right)\operatorname{\mathrm{sen}}\left(x\right)\cos\left(x\right)
1	\frac{7}{x}x^{-2}-14\ln\left(x\right)x^{-3}
1	\frac{-4}{(x+7)^2}
1	\frac{x+9-(x+6)}{(x+9)^2}
1	\frac{2x(\cos\left(x\right)x-2\operatorname{\mathrm{sen}}\left(x\right))}{x^4}
1	12\cdot x^2-4x
1	\frac{(7x^3\cos\left(7x\right)-3x^2\operatorname{\mathrm{sen}}\left(7x\right))}{x^6}
1	8e^{e^{x}}
1	\frac{6e^{x}\left(x^2-2x\right)}{x^4}
1	18\left(9x+5\right)
1	\frac{14x}{(7x^2+9)}
1	3(x^3+8)^2(3x^2)
1	\ln\left((3\right)
1	\frac{7e^{x}(7xe^{x}^{}-14e^{x})}{x^3}
1	9\cdot3x^2+3
1	\frac{5\cos\left(x\right)x^3-3x^25\operatorname{\mathrm{sen}}\left(x\right)}{x^6}
1	\frac{2e^{x}x^3-2e^{x}3x^2}{x^{e^{\placeholder{}}}}
1	6\left(3x^2\operatorname{\mathrm{sen}}\left(x\right)+x^3\cos\left(x\right)\right)
1	\frac{\left(4e^{x}x^2-4e^{x}2x\right)}{\left(x^2\right)^2}
1	15x^3-12x
1	\frac{(1)(x+2)-(x+4)(1)}{(x+2)^2}
1	4e^{x}\cdot\cos\left(x\right)+4e^{x}\cdot(-\operatorname{\mathrm{sen}}\left(x\right))
1	\frac{9\cdot\frac{1}{x}\cdot x^3-9\ln\left(x\right)\cdot3x^2}{\left(x^3\right)^2}
1	2(2x+6)2
1	9(\frac{e^{x}}{x}-e^{x}x^{-2})
1	\frac{4x}{x^2}
1	27x^2\cdot\ln\left(x\right)+9x^3\cdot(\frac{1}{x})
1	4\operatorname{\mathrm{sen}}\left(-x\right)
1	\ln2
1	e^{4x^2+5x}(4(2x)+5)
1	\ln+\frac{3}{x}
1	7(\frac{\frac{1}{x}\cdot x^2-\ln\left(x\right)\cdot2x}{x^4})
1	\frac{(x+2)3x^2-x^3}{(x+2)^2}
1	\frac{(7e^{x}x-7e^{x}3x^2)}{x^6}
1	3\left(x^3+7\right)^23x^2
1	\frac{e^{x}x^3-24e^{x}x^2}{x6}
1	\ln\left(5^{}\right)5^{x}
1	\frac{5}{x}(-1)\operatorname{\mathrm{sen}}\left(5\ln\left(x\right)\right)
1	3e^{4\operatorname{\mathrm{sen}}\left(x\right)}\cdot4\cos\left(x\right)
1	8e^{x}\left(sen\left(x\right)+\cos\left(x\right)\right)
1	\frac{2(x\cos(x) - \sin(x))}{x^2}
1	6x^2\operatorname{\mathrm{sen}}\left(x\right)+2x^3\cos\left(x\right).
1	\frac{4(x-2\ln\left(x\right)x)}{x^4}
1	\frac{e^{x}}{x^2}-2\frac{e^{x}}{x^3}
1	\frac{x^23\cos\left(x\right)-2x3\operatorname{\mathrm{sen}}\left(x\right)}{x^4}
1	\frac{8\operatorname{\mathrm{sen}}\left(x\right)\cos\left(x\right)}{x}
1	7\times4x^3-6x
1	\frac{3}{x+4}
1	4(7x+5)^37
1	\frac{14x}{2\sqrt{(7x^2+1)}}
1	(x+3)^{-1}-(x+2)(x-3)^{-2}
1	12x^2\left(x^3+3\right)^3
1	0(e^{x})+2(e^{x})
1	81x+9
1	\frac{x}{6}
1	9(\frac{\cos\left(x\right)(x)}{x^2}-\frac{\operatorname{\mathrm{sen}}\left(x\right)}{x^2})
1	\frac{2x^2\cos\left(2x\right)-2x\operatorname{\mathrm{sen}}\left(2x\right)}{x^4}
1	7x^2-9x
1	12x^2+e^2
1	3\left(2x+2\right)^2\cdot2
1	2e^{x}\cdot x+2e^{x}
1	\sqrt{x}+5\cdot\frac{1}{2\cdot\sqrt{x}}
1	4x\sqrt{\frac{1}{4x^2+9}}
1	-x\operatorname{\mathrm{sen}}\left(2x+7\right)
1	18\cdot\ln\left(x\right)\cdot\frac{1}{x}
1	\frac{3\cdot\operatorname{\cos\left(x\right)}\cdot x^3-3\operatorname{\cdot\mathrm{sen}}\left(x\right)\cdot3x^2}{x^6}
1	\frac{x^3e^{x}-3x^2e^{x}}{x^6}
1	\frac{7\cos\left(x\right)\cdot x^2-14\cos\left(x\right)}{x^4}
1	8x^3\sin(x) + 8x^4\cos(x)
1	\frac{-\ln\left(x\right)x}{x^2}
1	5(8x+2)^48
1	8\operatorname{\mathrm{sen}}\left(x\right.
1	\frac{6\cos\left(x\right)\cdot x^2-6\operatorname{\mathrm{sen}}\left(x\right)2x}{x^4}
1	6x^2(x^3+7)
1	2x\cdot e^{3x}+x^2\cdot e^{3x}\cdot3
1	6x(2x+9)^2
1	e^{7x}(3x^2^{}+x^{3)}
1	\frac{x^{}9-9\ln\left(x\right)2x}{x^4}
1	16x^3\ln(x)+4x^3
1	\frac{(1\cdot x+4)-(x+4\cdot1)}{(x+5)^2}
1	14x\cdot\ln\left(x\right)+7x^{}
1	e^{5x^2+8x}\left(5x+8\right)
1	\frac{\frac{9}{x}x^3-27\ln\left(x\right)x^2}{x^5}
1	-\operatorname{\mathrm{sen}}\left(8x+6\right)\cdot8
1	(9x+5)e^{9x+5}
1	\frac32\cdot\frac{1}{x^2}
1	\frac{5e^{x}x^3-15e^{x}x^2}{(x^3)^2}
1	14x^{}+8
1	4\cdot2x\left(x^2+4\right)^3
1	5\cdot3x^4-6\cdot4x^3
1	e^{2x+7}+e^2
1	(8\cdot4)x^3-(9\cdot3)x^2
1	-8\operatorname{\mathrm{sen}}\left(\ln\left(x\right)\right)\cdot x^{-1}
1	3x^2e^{7x}+x^27e^{7x}
1	6\operatorname{(\cos\left(x\right)}-\operatorname{\mathrm{sen}}\left(x\right))
1	\frac{1}{(x+4)^{2}}
1	\frac{3x^2\left(x+8\right)^{}-x^3}{\left(x+8\right)^2}
1	12x\cdot\operatorname{\mathrm{sen}}\left(x\right)+6x^2\cdot\cos\left(\placeholder{}\right)
1	\frac{1}{x+1}-\frac{x+5}{\left(x+1\right)^2.}
1	2\operatorname{\cos}\left(x\right)+4\cdot\left(-\operatorname{\mathrm{sen}}\left(x\right)\right)
1	\frac{1}{x+5}-\frac{\left(x+6\right)}{\left(x+5\right)^2}
1	9e^{9x+1^{}}
1	\frac12(9x^2+8)^{\frac{-1}{2}}18x
1	4x(x^2+1)^2
1	18x^2e^{x}+6x^2e^{x}
1	\frac{1}{6x+3}6
1	e^{x}\cdot7
1	20x^3\sin(x)+5x^4\cos(x)
1	\frac{1}{6x^2+5}6\cdot2x
1	\frac{2\cos\left(x\right)-2\operatorname{\mathrm{sen}}\left(x\right)}{x^2}
1	6e^{x}\cos\left(x\right)-6\operatorname{\mathrm{sen}}\left(x\right)e^{x}
1	\frac{x^2\cdot(x+2)-x^2}{(x+2)^2}
1	5x^{4}
1	(6x+8)\cdot e^{3x^2+8}
1	\frac{3x^2(x+4)-x^3}{x^2+16+2\cdot4\cdot x}
1	\frac{7(x\cos(x) - 3\sin(x))}{x^{4}}
1	\frac{e^{x}}{x^3}-\frac{3e^{x}}{x^3}
